chrom	start	end	name	gencode_name	category	shared_both_cohorts	gene_type	strand	length_bp
chr1	8944866	8946965	CA6	CA6	DRIVER	False	protein_coding	+	2099
chr1	8948262	8953651	CA6	CA6	DRIVER	False	protein_coding	+	5389
chr1	8956136	8960002	CA6	CA6	DRIVER	False	protein_coding	+	3866
chr1	8961586	8963656	CA6	CA6	DRIVER	False	protein_coding	+	2070
chr1	8966658	8968816	CA6	CA6	DRIVER	False	protein_coding	+	2158
chr1	8969866	8971981	CA6	CA6	DRIVER	False	protein_coding	+	2115
chr1	8973346	8976092	CA6	CA6	DRIVER	False	protein_coding	+	2746
chr1	11105534	11118086	MTOR	MTOR	DRIVER	False	protein_coding	-	12552
chr1	11120094	11123126	MTOR	MTOR	DRIVER	False	protein_coding	-	3032
chr1	11123497	11135466	MTOR	MTOR	DRIVER	False	protein_coding	-	11969
chr1	11137953	11140660	MTOR	MTOR	DRIVER	False	protein_coding	-	2707
chr1	11143647	11147791	MTOR	MTOR	DRIVER	False	protein_coding	-	4144
chr1	11149125	11151226	MTOR	MTOR	DRIVER	False	protein_coding	-	2101
chr1	11156151	11158291	MTOR	MTOR	DRIVER	False	protein_coding	-	2140
chr1	11166441	11168517	MTOR	MTOR	DRIVER	False	protein_coding	-	2076
chr1	11192557	11194730	MTOR	MTOR	DRIVER	False	protein_coding	-	2173
chr1	11198257	11200703	MTOR	MTOR	DRIVER	False	protein_coding	-	2446
chr1	11203560	11205703	MTOR	MTOR	DRIVER	False	protein_coding	-	2143
chr1	11208311	11214566	MTOR	MTOR	DRIVER	False	protein_coding	-	6255
chr1	11215143	11217234	MTOR	MTOR	DRIVER	False	protein_coding	-	2091
chr1	11224471	11226757	MTOR	MTOR	DRIVER	False	protein_coding	-	2286
chr1	11227667	11229918	MTOR	MTOR	DRIVER	False	protein_coding	-	2251
chr1	11229924	11235265	MTOR	MTOR	DRIVER	False	protein_coding	-	5341
chr1	11236842	11246270	MTOR	MTOR	DRIVER	False	protein_coding	-	9428
chr1	11246624	11249094	MTOR	MTOR	DRIVER	False	protein_coding	-	2470
chr1	11252838	11254973	MTOR	MTOR	DRIVER	False	protein_coding	-	2135
chr1	11254991	11260450	MTOR	MTOR	DRIVER	False	protein_coding	-	5459
chr1	11261221	11263556	MTOR	MTOR	DRIVER	False	protein_coding	-	2335
chr1	12878211	12884410	PRAMEF4	PRAMEF4	PASSENGER	False	protein_coding	-	6199
chr1	12885146	12887201	PRAMEF4	PRAMEF4	PASSENGER	False	protein_coding	-	2055
chr1	15835094	15837885	SPEN	SPEN	DRIVER	True	protein_coding	+	2791
chr1	15846706	15849150	SPEN	SPEN	DRIVER	True	protein_coding	+	2444
chr1	15866878	15868976	SPEN	SPEN	DRIVER	True	protein_coding	+	2098
chr1	15871815	15877711	SPEN	SPEN	DRIVER	True	protein_coding	+	5896
chr1	15908320	15912301	SPEN	SPEN	DRIVER	True	protein_coding	+	3981
chr1	15915127	15917279	SPEN	SPEN	DRIVER	True	protein_coding	+	2152
chr1	15917925	15923349	SPEN	SPEN	DRIVER	True	protein_coding	+	5424
chr1	15927090	15941456	SPEN	SPEN	DRIVER	True	protein_coding	+	14366
chr1	19073509	19083240	UBR4	UBR4	DRIVER	True	protein_coding	-	9731
chr1	19083503	19089977	UBR4	UBR4	DRIVER	True	protein_coding	-	6474
chr1	19091732	19098280	UBR4	UBR4	DRIVER	True	protein_coding	-	6548
chr1	19098596	19102641	UBR4	UBR4	DRIVER	True	protein_coding	-	4045
chr1	19103083	19107966	UBR4	UBR4	DRIVER	True	protein_coding	-	4883
chr1	19109095	19130074	UBR4	UBR4	DRIVER	True	protein_coding	-	20979
chr1	19137006	19142777	UBR4	UBR4	DRIVER	True	protein_coding	-	5771
chr1	19142979	19158997	UBR4	UBR4	DRIVER	True	protein_coding	-	16018
chr1	19159110	19180220	UBR4	UBR4	DRIVER	True	protein_coding	-	21110
chr1	19182810	19188540	UBR4	UBR4	DRIVER	True	protein_coding	-	5730
chr1	19191187	19194557	UBR4	UBR4	DRIVER	True	protein_coding	-	3370
chr1	19196140	19202815	UBR4	UBR4	DRIVER	True	protein_coding	-	6675
chr1	19209072	19211266	UBR4	UBR4	DRIVER	True	protein_coding	-	2194
chr1	21821243	21825779	HSPG2	HSPG2	DRIVER	False	protein_coding	-	4536
chr1	21826862	21858385	HSPG2	HSPG2	DRIVER	False	protein_coding	-	31523
chr1	21858565	21866809	HSPG2	HSPG2	DRIVER	False	protein_coding	-	8244
chr1	21867884	21882502	HSPG2	HSPG2	DRIVER	False	protein_coding	-	14618
chr1	21883527	21891694	HSPG2	HSPG2	DRIVER	False	protein_coding	-	8167
chr1	21894921	21897310	HSPG2	HSPG2	DRIVER	False	protein_coding	-	2389
chr1	21936154	21938310	HSPG2	HSPG2	DRIVER	False	protein_coding	-	2156
chr1	26692235	26698540	ARID1A	ARID1A	DRIVER	False	protein_coding	+	6305
chr1	26726707	26733792	ARID1A	ARID1A	DRIVER	False	protein_coding	+	7085
chr1	26751951	26754241	ARID1A	ARID1A	DRIVER	False	protein_coding	+	2290
chr1	26759855	26776956	ARID1A	ARID1A	DRIVER	False	protein_coding	+	17101
chr1	26777098	26783104	ARID1A	ARID1A	DRIVER	False	protein_coding	+	6006
chr1	39080315	39085438	MACF1	MACF1	DRIVER	True	protein_coding	+	5123
chr1	39101702	39106717	MACF1	MACF1	DRIVER	True	protein_coding	+	5015
chr1	39157863	39160020	MACF1	MACF1	DRIVER	True	protein_coding	+	2157
chr1	39203694	39207957	MACF1	MACF1	DRIVER	True	protein_coding	+	4263
chr1	39214261	39216429	MACF1	MACF1	DRIVER	True	protein_coding	+	2168
chr1	39230181	39232243	MACF1	MACF1	DRIVER	True	protein_coding	+	2062
chr1	39249013	39252941	MACF1	MACF1	DRIVER	True	protein_coding	+	3928
chr1	39253297	39255648	MACF1	MACF1	DRIVER	True	protein_coding	+	2351
chr1	39256935	39262760	MACF1	MACF1	DRIVER	True	protein_coding	+	5825
chr1	39267464	39270720	MACF1	MACF1	DRIVER	True	protein_coding	+	3256
chr1	39281207	39288613	MACF1	MACF1	DRIVER	True	protein_coding	+	7406
chr1	39290909	39301362	MACF1	MACF1	DRIVER	True	protein_coding	+	10453
chr1	39301923	39304536	MACF1	MACF1	DRIVER	True	protein_coding	+	2613
chr1	39308569	39312000	MACF1	MACF1	DRIVER	True	protein_coding	+	3431
chr1	39314512	39329706	MACF1	MACF1	DRIVER	True	protein_coding	+	15194
chr1	39330137	39338331	MACF1	MACF1	DRIVER	True	protein_coding	+	8194
chr1	39339501	39341953	MACF1	MACF1	DRIVER	True	protein_coding	+	2452
chr1	39345976	39354231	MACF1	MACF1	DRIVER	True	protein_coding	+	8255
chr1	39354546	39362677	MACF1	MACF1	DRIVER	True	protein_coding	+	8131
chr1	39367147	39371186	MACF1	MACF1	DRIVER	True	protein_coding	+	4039
chr1	39371478	39374473	MACF1	MACF1	DRIVER	True	protein_coding	+	2995
chr1	39377460	39383152	MACF1	MACF1	DRIVER	True	protein_coding	+	5692
chr1	39384433	39389658	MACF1	MACF1	DRIVER	True	protein_coding	+	5225
chr1	39390867	39392955	MACF1	MACF1	DRIVER	True	protein_coding	+	2088
chr1	39408502	39415477	MACF1	MACF1	DRIVER	True	protein_coding	+	6975
chr1	39421373	39425194	MACF1	MACF1	DRIVER	True	protein_coding	+	3821
chr1	39426454	39445835	MACF1	MACF1	DRIVER	True	protein_coding	+	19381
chr1	39446431	39471830	MACF1	MACF1	DRIVER	True	protein_coding	+	25399
chr1	39477660	39482030	MACF1	MACF1	DRIVER	True	protein_coding	+	4370
chr1	39482129	39488177	MACF1	MACF1	DRIVER	True	protein_coding	+	6048
chr1	62193848	62197528	L1TD1	L1TD1	PASSENGER	False	protein_coding	+	3680
chr1	62205518	62208636	L1TD1	L1TD1	PASSENGER	False	protein_coding	+	3118
chr1	62208782	62213328	L1TD1	L1TD1	PASSENGER	False	protein_coding	+	4546
chr1	69566921	69569641	LRRC7	LRRC7	PASSENGER	True	protein_coding	+	2720
chr1	69677380	69679478	LRRC7	LRRC7	PASSENGER	True	protein_coding	+	2098
chr1	69715141	69717218	LRRC7	LRRC7	PASSENGER	True	protein_coding	+	2077
chr1	69759174	69761393	LRRC7	LRRC7	PASSENGER	True	protein_coding	+	2219
chr1	69791042	69793160	LRRC7	LRRC7	PASSENGER	True	protein_coding	+	2118
chr1	69824747	69826826	LRRC7	LRRC7	PASSENGER	True	protein_coding	+	2079
chr1	69833779	69835869	LRRC7	LRRC7	PASSENGER	True	protein_coding	+	2090
chr1	69837226	69839283	LRRC7	LRRC7	PASSENGER	True	protein_coding	+	2057
chr1	69872466	69876004	LRRC7	LRRC7	PASSENGER	True	protein_coding	+	3538
chr1	69930506	69932570	LRRC7	LRRC7	PASSENGER	True	protein_coding	+	2064
chr1	69979378	69981453	LRRC7	LRRC7	PASSENGER	True	protein_coding	+	2075
chr1	69985241	69987386	LRRC7	LRRC7	PASSENGER	True	protein_coding	+	2145
chr1	69993560	69995633	LRRC7	LRRC7	PASSENGER	True	protein_coding	+	2073
chr1	70010796	70014089	LRRC7	LRRC7	PASSENGER	True	protein_coding	+	3293
chr1	70015464	70017534	LRRC7	LRRC7	PASSENGER	True	protein_coding	+	2070
chr1	70017718	70019818	LRRC7	LRRC7	PASSENGER	True	protein_coding	+	2100
chr1	70020004	70024374	LRRC7	LRRC7	PASSENGER	True	protein_coding	+	4370
chr1	70027170	70029371	LRRC7	LRRC7	PASSENGER	True	protein_coding	+	2201
chr1	70035120	70040793	LRRC7	LRRC7	PASSENGER	True	protein_coding	+	5673
chr1	70042953	70045094	LRRC7	LRRC7	PASSENGER	True	protein_coding	+	2141
chr1	70052025	70054145	LRRC7	LRRC7	PASSENGER	True	protein_coding	+	2120
chr1	70075076	70077298	LRRC7	LRRC7	PASSENGER	True	protein_coding	+	2222
chr1	70088726	70090819	LRRC7	LRRC7	PASSENGER	True	protein_coding	+	2093
chr1	70106749	70108826	LRRC7	LRRC7	PASSENGER	True	protein_coding	+	2077
chr1	70120777	70145364	LRRC7	LRRC7	PASSENGER	True	protein_coding	+	24587
chr1	70146026	70149005	LRRC7	LRRC7	PASSENGER	True	protein_coding	+	2979
chr1	70150747	70152945	LRRC7	LRRC7	PASSENGER	True	protein_coding	+	2198
chr1	74234386	74237210	TNNI3K	TNNI3K	PASSENGER	False	protein_coding	+	2824
chr1	74248458	74251769	TNNI3K	TNNI3K	PASSENGER	False	protein_coding	+	3311
chr1	74270597	74272708	TNNI3K	TNNI3K	PASSENGER	False	protein_coding	+	2111
chr1	74330449	74332548	TNNI3K	TNNI3K	PASSENGER	False	protein_coding	+	2099
chr1	74335010	74337149	TNNI3K	TNNI3K	PASSENGER	False	protein_coding	+	2139
chr1	74341841	74344179	TNNI3K	TNNI3K	PASSENGER	False	protein_coding	+	2338
chr1	74344877	74347174	TNNI3K	TNNI3K	PASSENGER	False	protein_coding	+	2297
chr1	74352265	74355129	TNNI3K	TNNI3K	PASSENGER	False	protein_coding	+	2864
chr1	74366255	74371392	TNNI3K	TNNI3K	PASSENGER	False	protein_coding	+	5137
chr1	74374564	74376848	TNNI3K	TNNI3K	PASSENGER	False	protein_coding	+	2284
chr1	74400838	74402957	TNNI3K	TNNI3K	PASSENGER	False	protein_coding	+	2119
chr1	74417167	74419346	TNNI3K	TNNI3K	PASSENGER	False	protein_coding	+	2179
chr1	74435079	74437526	TNNI3K	TNNI3K	PASSENGER	False	protein_coding	+	2447
chr1	74438064	74440622	TNNI3K	TNNI3K	PASSENGER	False	protein_coding	+	2558
chr1	74462440	74464550	TNNI3K	TNNI3K	PASSENGER	False	protein_coding	+	2110
chr1	74488188	74490248	TNNI3K	TNNI3K	PASSENGER	False	protein_coding	+	2060
chr1	74491096	74493266	TNNI3K	TNNI3K	PASSENGER	False	protein_coding	+	2170
chr1	74539233	74542610	TNNI3K	TNNI3K	PASSENGER	False	protein_coding	+	3377
chr1	74542905	74545428	TNNI3K	TNNI3K	PASSENGER	False	protein_coding	+	2523
chr1	119910552	119927611	NOTCH2	NOTCH2	DRIVER	False	protein_coding	-	17059
chr1	119927975	119930212	NOTCH2	NOTCH2	DRIVER	False	protein_coding	-	2237
chr1	119934266	119939010	NOTCH2	NOTCH2	DRIVER	False	protein_coding	-	4744
chr1	119939554	119942754	NOTCH2	NOTCH2	DRIVER	False	protein_coding	-	3200
chr1	119947413	119951837	NOTCH2	NOTCH2	DRIVER	False	protein_coding	-	4424
chr1	119952542	119956232	NOTCH2	NOTCH2	DRIVER	False	protein_coding	-	3690
chr1	119958391	119960502	NOTCH2	NOTCH2	DRIVER	False	protein_coding	-	2111
chr1	119962573	119970744	NOTCH2	NOTCH2	DRIVER	False	protein_coding	-	8171
chr1	119975349	119977352	NOTCH2	NOTCH2	DRIVER	False	protein_coding	-	2003
chr1	119985959	119988082	NOTCH2	NOTCH2	DRIVER	False	protein_coding	-	2123
chr1	119994860	119998332	NOTCH2	NOTCH2	DRIVER	False	protein_coding	-	3472
chr1	120004232	120006588	NOTCH2	NOTCH2	DRIVER	False	protein_coding	-	2356
chr1	120028905	120030987	NOTCH2	NOTCH2	DRIVER	False	protein_coding	-	2082
chr1	120050483	120052779	NOTCH2	NOTCH2	DRIVER	False	protein_coding	-	2296
chr1	120068333	120070662	NOTCH2	NOTCH2	DRIVER	False	protein_coding	-	2329
chr1	120071714	120076328	NOTCH2	NOTCH2	DRIVER	False	protein_coding	-	4614
chr1	120096179	120101779	NOTCH2	NOTCH2	DRIVER	False	protein_coding	-	5600
chr1	148807139	148809737	PDE4DIP	PDE4DIP	DRIVER	True	protein_coding	+	2598
chr1	148843267	148846467	PDE4DIP	PDE4DIP	DRIVER	True	protein_coding	+	3200
chr1	148862249	148864305	PDE4DIP	PDE4DIP	DRIVER	True	protein_coding	+	2056
chr1	148865410	148871651	PDE4DIP	PDE4DIP	DRIVER	True	protein_coding	+	6241
chr1	148882791	148884942	PDE4DIP	PDE4DIP	DRIVER	True	protein_coding	+	2151
chr1	148886018	148888152	PDE4DIP	PDE4DIP	DRIVER	True	protein_coding	+	2134
chr1	148888402	148890894	PDE4DIP	PDE4DIP	DRIVER	True	protein_coding	+	2492
chr1	148914506	148916750	PDE4DIP	PDE4DIP	DRIVER	True	protein_coding	+	2244
chr1	148928136	148935291	PDE4DIP	PDE4DIP	DRIVER	True	protein_coding	+	7155
chr1	148936746	148943309	PDE4DIP	PDE4DIP	DRIVER	True	protein_coding	+	6563
chr1	148950936	148954905	PDE4DIP	PDE4DIP	DRIVER	True	protein_coding	+	3969
chr1	148959653	148963640	PDE4DIP	PDE4DIP	DRIVER	True	protein_coding	+	3987
chr1	148964483	148970030	PDE4DIP	PDE4DIP	DRIVER	True	protein_coding	+	5547
chr1	148971179	148975605	PDE4DIP	PDE4DIP	DRIVER	True	protein_coding	+	4426
chr1	148976936	148987477	PDE4DIP	PDE4DIP	DRIVER	True	protein_coding	+	10541
chr1	148988183	148990385	PDE4DIP	PDE4DIP	DRIVER	True	protein_coding	+	2202
chr1	148990884	148994882	PDE4DIP	PDE4DIP	DRIVER	True	protein_coding	+	3998
chr1	148997142	148999375	PDE4DIP	PDE4DIP	DRIVER	True	protein_coding	+	2233
chr1	148999600	149022766	PDE4DIP	PDE4DIP	DRIVER	True	protein_coding	+	23166
chr1	149023208	149034019	PDE4DIP	PDE4DIP	DRIVER	True	protein_coding	+	10811
chr1	149045558	149049286	PDE4DIP	PDE4DIP	DRIVER	True	protein_coding	+	3728
chr1	152211075	152225193	HRNR	HRNR	PASSENGER	False	protein_coding	-	14118
chr1	152347734	152361006	FLG2	FLG2	PASSENGER	True	protein_coding	-	13272
chr1	152757024	152763056	KPRP	KPRP	PASSENGER	False	protein_coding	+	6032
chr1	153991689	153996180	NUP210L	NUP210L	PASSENGER	False	protein_coding	-	4491
chr1	153999855	154002985	NUP210L	NUP210L	PASSENGER	False	protein_coding	-	3130
chr1	154008971	154011121	NUP210L	NUP210L	PASSENGER	False	protein_coding	-	2150
chr1	154011243	154013370	NUP210L	NUP210L	PASSENGER	False	protein_coding	-	2127
chr1	154017932	154020069	NUP210L	NUP210L	PASSENGER	False	protein_coding	-	2137
chr1	154021125	154024297	NUP210L	NUP210L	PASSENGER	False	protein_coding	-	3172
chr1	154024541	154028597	NUP210L	NUP210L	PASSENGER	False	protein_coding	-	4056
chr1	154028895	154031054	NUP210L	NUP210L	PASSENGER	False	protein_coding	-	2159
chr1	154045068	154047369	NUP210L	NUP210L	PASSENGER	False	protein_coding	-	2301
chr1	154053227	154062674	NUP210L	NUP210L	PASSENGER	False	protein_coding	-	9447
chr1	154069272	154071465	NUP210L	NUP210L	PASSENGER	False	protein_coding	-	2193
chr1	154088420	154090594	NUP210L	NUP210L	PASSENGER	False	protein_coding	-	2174
chr1	154093934	154096156	NUP210L	NUP210L	PASSENGER	False	protein_coding	-	2222
chr1	154098997	154101143	NUP210L	NUP210L	PASSENGER	False	protein_coding	-	2146
chr1	154103011	154105210	NUP210L	NUP210L	PASSENGER	False	protein_coding	-	2199
chr1	154116724	154119808	NUP210L	NUP210L	PASSENGER	False	protein_coding	-	3084
chr1	154125322	154130345	NUP210L	NUP210L	PASSENGER	False	protein_coding	-	5023
chr1	154134813	154136972	NUP210L	NUP210L	PASSENGER	False	protein_coding	-	2159
chr1	154137105	154144577	NUP210L	NUP210L	PASSENGER	False	protein_coding	-	7472
chr1	154151735	154156116	NUP210L	NUP210L	PASSENGER	False	protein_coding	-	4381
chr1	155334267	155340368	ASH1L	ASH1L	DRIVER	False	protein_coding	-	6101
chr1	155340935	155350596	ASH1L	ASH1L	DRIVER	False	protein_coding	-	9661
chr1	155351705	155355630	ASH1L	ASH1L	DRIVER	False	protein_coding	-	3925
chr1	155356315	155358749	ASH1L	ASH1L	DRIVER	False	protein_coding	-	2434
chr1	155359300	155361409	ASH1L	ASH1L	DRIVER	False	protein_coding	-	2109
chr1	155369146	155371983	ASH1L	ASH1L	DRIVER	False	protein_coding	-	2837
chr1	155377280	155381131	ASH1L	ASH1L	DRIVER	False	protein_coding	-	3851
chr1	155394458	155396553	ASH1L	ASH1L	DRIVER	False	protein_coding	-	2095
chr1	155414743	155416923	ASH1L	ASH1L	DRIVER	False	protein_coding	-	2180
chr1	155437326	155441593	ASH1L	ASH1L	DRIVER	False	protein_coding	-	4267
chr1	155458796	155460898	ASH1L	ASH1L	DRIVER	False	protein_coding	-	2102
chr1	155461452	155463599	ASH1L	ASH1L	DRIVER	False	protein_coding	-	2147
chr1	155476885	155483449	ASH1L	ASH1L	DRIVER	False	protein_coding	-	6564
chr1	155519224	155522618	ASH1L	ASH1L	DRIVER	False	protein_coding	-	3394
chr1	155561152	155564162	ASH1L	ASH1L	DRIVER	False	protein_coding	-	3010
chr1	155748658	155755488	GON4L	GON4L	DRIVER	False	protein_coding	-	6830
chr1	155755540	155759034	GON4L	GON4L	DRIVER	False	protein_coding	-	3494
chr1	155759443	155768541	GON4L	GON4L	DRIVER	False	protein_coding	-	9098
chr1	155770066	155778820	GON4L	GON4L	DRIVER	False	protein_coding	-	8754
chr1	155782985	155786374	GON4L	GON4L	DRIVER	False	protein_coding	-	3389
chr1	155794049	155796151	GON4L	GON4L	DRIVER	False	protein_coding	-	2102
chr1	155803948	155806141	GON4L	GON4L	DRIVER	False	protein_coding	-	2193
chr1	155812633	155817262	GON4L	GON4L	DRIVER	False	protein_coding	-	4629
chr1	155819605	155823476	GON4L	GON4L	DRIVER	False	protein_coding	-	3871
chr1	155825836	155828028	GON4L	GON4L	DRIVER	False	protein_coding	-	2192
chr1	155830534	155833950	GON4L	GON4L	DRIVER	False	protein_coding	-	3416
chr1	155852275	155854809	GON4L	GON4L	DRIVER	False	protein_coding	-	2534
chr1	155856146	155858295	GON4L	GON4L	DRIVER	False	protein_coding	-	2149
chr1	155858303	155860400	GON4L	GON4L	DRIVER	False	protein_coding	-	2097
chr1	157829910	157837155	CD5L	CD5L	PASSENGER	False	protein_coding	-	7245
chr1	157838383	157840410	CD5L	CD5L	PASSENGER	False	protein_coding	-	2027
chr1	157840673	157842808	CD5L	CD5L	PASSENGER	False	protein_coding	-	2135
chr1	157845710	157847918	CD5L	CD5L	PASSENGER	False	protein_coding	-	2208
chr1	157897199	157899256	CD5L	CD5L	PASSENGER	False	protein_coding	-	2057
chr1	158609703	158616403	SPTA1	SPTA1	PASSENGER	False	protein_coding	-	6700
chr1	158616536	158624192	SPTA1	SPTA1	PASSENGER	False	protein_coding	-	7656
chr1	158625145	158628723	SPTA1	SPTA1	PASSENGER	False	protein_coding	-	3578
chr1	158633542	158641007	SPTA1	SPTA1	PASSENGER	False	protein_coding	-	7465
chr1	158641410	158658694	SPTA1	SPTA1	PASSENGER	False	protein_coding	-	17284
chr1	158660286	158663945	SPTA1	SPTA1	PASSENGER	False	protein_coding	-	3659
chr1	158665315	158673196	SPTA1	SPTA1	PASSENGER	False	protein_coding	-	7881
chr1	158673328	158679534	SPTA1	SPTA1	PASSENGER	False	protein_coding	-	6206
chr1	158679582	158687715	SPTA1	SPTA1	PASSENGER	False	protein_coding	-	8133
chr1	169510950	169516745	F5	F5	DRIVER	False	protein_coding	-	5795
chr1	169517411	169521664	F5	F5	DRIVER	False	protein_coding	-	4253
chr1	169522196	169532022	F5	F5	DRIVER	False	protein_coding	-	9826
chr1	169535505	169537680	F5	F5	DRIVER	False	protein_coding	-	2175
chr1	169539293	169547592	F5	F5	DRIVER	False	protein_coding	-	8299
chr1	169548800	169553734	F5	F5	DRIVER	False	protein_coding	-	4934
chr1	169554181	169557867	F5	F5	DRIVER	False	protein_coding	-	3686
chr1	169558152	169561766	F5	F5	DRIVER	False	protein_coding	-	3614
chr1	169571220	169573343	F5	F5	DRIVER	False	protein_coding	-	2123
chr1	169581430	169583522	F5	F5	DRIVER	False	protein_coding	-	2092
chr1	169585228	169587588	F5	F5	DRIVER	False	protein_coding	-	2360
chr1	175314193	175325519	TNR	TNR	PASSENGER	True	protein_coding	-	11326
chr1	175329073	175331235	TNR	TNR	PASSENGER	True	protein_coding	-	2162
chr1	175334710	175338679	TNR	TNR	PASSENGER	True	protein_coding	-	3969
chr1	175353390	175357462	TNR	TNR	PASSENGER	True	protein_coding	-	4072
chr1	175358181	175360731	TNR	TNR	PASSENGER	True	protein_coding	-	2550
chr1	175361662	175368297	TNR	TNR	PASSENGER	True	protein_coding	-	6635
chr1	175378551	175380737	TNR	TNR	PASSENGER	True	protein_coding	-	2186
chr1	175385031	175387301	TNR	TNR	PASSENGER	True	protein_coding	-	2270
chr1	175390287	175392438	TNR	TNR	PASSENGER	True	protein_coding	-	2151
chr1	175392779	175394895	TNR	TNR	PASSENGER	True	protein_coding	-	2116
chr1	175395543	175397807	TNR	TNR	PASSENGER	True	protein_coding	-	2264
chr1	175402139	175404616	TNR	TNR	PASSENGER	True	protein_coding	-	2477
chr1	175405215	175407777	TNR	TNR	PASSENGER	True	protein_coding	-	2562
chr1	175527268	175529369	TNR	TNR	PASSENGER	True	protein_coding	-	2101
chr1	175742225	175744595	TNR	TNR	PASSENGER	True	protein_coding	-	2370
chr1	176462170	176464418	PAPPA2	PAPPA2	PASSENGER	False	protein_coding	+	2248
chr1	176536302	176538349	PAPPA2	PAPPA2	PASSENGER	False	protein_coding	+	2047
chr1	176552487	176558241	PAPPA2	PAPPA2	PASSENGER	False	protein_coding	+	5754
chr1	176593523	176596595	PAPPA2	PAPPA2	PASSENGER	False	protein_coding	+	3072
chr1	176669969	176672115	PAPPA2	PAPPA2	PASSENGER	False	protein_coding	+	2146
chr1	176689136	176693318	PAPPA2	PAPPA2	PASSENGER	False	protein_coding	+	4182
chr1	176694737	176696859	PAPPA2	PAPPA2	PASSENGER	False	protein_coding	+	2122
chr1	176698099	176700589	PAPPA2	PAPPA2	PASSENGER	False	protein_coding	+	2490
chr1	176701606	176703735	PAPPA2	PAPPA2	PASSENGER	False	protein_coding	+	2129
chr1	176705358	176707450	PAPPA2	PAPPA2	PASSENGER	False	protein_coding	+	2092
chr1	176708982	176712981	PAPPA2	PAPPA2	PASSENGER	False	protein_coding	+	3999
chr1	176738625	176741196	PAPPA2	PAPPA2	PASSENGER	False	protein_coding	+	2571
chr1	176764665	176766837	PAPPA2	PAPPA2	PASSENGER	False	protein_coding	+	2172
chr1	176768606	176772180	PAPPA2	PAPPA2	PASSENGER	False	protein_coding	+	3574
chr1	176788808	176792482	PAPPA2	PAPPA2	PASSENGER	False	protein_coding	+	3674
chr1	176792559	176794669	PAPPA2	PAPPA2	PASSENGER	False	protein_coding	+	2110
chr1	176799060	176801132	PAPPA2	PAPPA2	PASSENGER	False	protein_coding	+	2072
chr1	176835634	176837802	PAPPA2	PAPPA2	PASSENGER	False	protein_coding	+	2168
chr1	176839172	176841271	PAPPA2	PAPPA2	PASSENGER	False	protein_coding	+	2099
chr1	176841379	176846601	PAPPA2	PAPPA2	PASSENGER	False	protein_coding	+	5222
chr1	179953673	179956142	CEP350	CEP350	DRIVER	False	protein_coding	+	2469
chr1	179967868	179970483	CEP350	CEP350	DRIVER	False	protein_coding	+	2615
chr1	179985168	179993221	CEP350	CEP350	DRIVER	False	protein_coding	+	8053
chr1	179995552	179998547	CEP350	CEP350	DRIVER	False	protein_coding	+	2995
chr1	180002173	180004287	CEP350	CEP350	DRIVER	False	protein_coding	+	2114
chr1	180005453	180007567	CEP350	CEP350	DRIVER	False	protein_coding	+	2114
chr1	180010928	180016970	CEP350	CEP350	DRIVER	False	protein_coding	+	6042
chr1	180017200	180025745	CEP350	CEP350	DRIVER	False	protein_coding	+	8545
chr1	180030319	180032494	CEP350	CEP350	DRIVER	False	protein_coding	+	2175
chr1	180032861	180035082	CEP350	CEP350	DRIVER	False	protein_coding	+	2221
chr1	180035925	180038171	CEP350	CEP350	DRIVER	False	protein_coding	+	2246
chr1	180040137	180045173	CEP350	CEP350	DRIVER	False	protein_coding	+	5036
chr1	180047535	180049705	CEP350	CEP350	DRIVER	False	protein_coding	+	2170
chr1	180051223	180055502	CEP350	CEP350	DRIVER	False	protein_coding	+	4279
chr1	180061219	180063366	CEP350	CEP350	DRIVER	False	protein_coding	+	2147
chr1	180064114	180072135	CEP350	CEP350	DRIVER	False	protein_coding	+	8021
chr1	180072785	180076221	CEP350	CEP350	DRIVER	False	protein_coding	+	3436
chr1	180077462	180081661	CEP350	CEP350	DRIVER	False	protein_coding	+	4199
chr1	180083017	180088717	CEP350	CEP350	DRIVER	False	protein_coding	+	5700
chr1	180089713	180100582	CEP350	CEP350	DRIVER	False	protein_coding	+	10869
chr1	180109996	180115880	CEP350	CEP350	DRIVER	False	protein_coding	+	5884
chr1	182408191	182410360	RGSL1	RGSL1	PASSENGER	False	protein_coding	+	2169
chr1	182446885	182451576	RGSL1	RGSL1	PASSENGER	False	protein_coding	+	4691
chr1	182452381	182455040	RGSL1	RGSL1	PASSENGER	False	protein_coding	+	2659
chr1	182457305	182461756	RGSL1	RGSL1	PASSENGER	False	protein_coding	+	4451
chr1	182470281	182475542	RGSL1	RGSL1	PASSENGER	False	protein_coding	+	5261
chr1	182487284	182490202	RGSL1	RGSL1	PASSENGER	False	protein_coding	+	2918
chr1	182491954	182494129	RGSL1	RGSL1	PASSENGER	False	protein_coding	+	2175
chr1	182506200	182508266	RGSL1	RGSL1	PASSENGER	False	protein_coding	+	2066
chr1	182521003	182523109	RGSL1	RGSL1	PASSENGER	False	protein_coding	+	2106
chr1	182526578	182528772	RGSL1	RGSL1	PASSENGER	False	protein_coding	+	2194
chr1	182529243	182533791	RGSL1	RGSL1	PASSENGER	False	protein_coding	+	4548
chr1	182539246	182541421	RGSL1	RGSL1	PASSENGER	False	protein_coding	+	2175
chr1	182547316	182552209	RGSL1	RGSL1	PASSENGER	False	protein_coding	+	4893
chr1	182552454	182557222	RGSL1	RGSL1	PASSENGER	False	protein_coding	+	4768
chr1	182559261	182561599	RGSL1	RGSL1	PASSENGER	False	protein_coding	+	2338
chr1	185733390	185736047	HMCN1	HMCN1	DRIVER	True	protein_coding	+	2657
chr1	185845025	185847096	HMCN1	HMCN1	DRIVER	True	protein_coding	+	2071
chr1	185863469	185866863	HMCN1	HMCN1	DRIVER	True	protein_coding	+	3394
chr1	185908336	185910508	HMCN1	HMCN1	DRIVER	True	protein_coding	+	2172
chr1	185910673	185912780	HMCN1	HMCN1	DRIVER	True	protein_coding	+	2107
chr1	185921378	185926191	HMCN1	HMCN1	DRIVER	True	protein_coding	+	4813
chr1	185927545	185929667	HMCN1	HMCN1	DRIVER	True	protein_coding	+	2122
chr1	185932548	185934824	HMCN1	HMCN1	DRIVER	True	protein_coding	+	2276
chr1	185956068	185958140	HMCN1	HMCN1	DRIVER	True	protein_coding	+	2072
chr1	185961517	185966915	HMCN1	HMCN1	DRIVER	True	protein_coding	+	5398
chr1	185969334	185971493	HMCN1	HMCN1	DRIVER	True	protein_coding	+	2159
chr1	185976786	185979145	HMCN1	HMCN1	DRIVER	True	protein_coding	+	2359
chr1	185979977	185985313	HMCN1	HMCN1	DRIVER	True	protein_coding	+	5336
chr1	185986431	185991443	HMCN1	HMCN1	DRIVER	True	protein_coding	+	5012
chr1	185992181	185996087	HMCN1	HMCN1	DRIVER	True	protein_coding	+	3906
chr1	185996428	185998524	HMCN1	HMCN1	DRIVER	True	protein_coding	+	2096
chr1	185999044	186004844	HMCN1	HMCN1	DRIVER	True	protein_coding	+	5800
chr1	186006127	186008282	HMCN1	HMCN1	DRIVER	True	protein_coding	+	2155
chr1	186014158	186020695	HMCN1	HMCN1	DRIVER	True	protein_coding	+	6537
chr1	186022029	186024153	HMCN1	HMCN1	DRIVER	True	protein_coding	+	2124
chr1	186036933	186042136	HMCN1	HMCN1	DRIVER	True	protein_coding	+	5203
chr1	186044687	186046863	HMCN1	HMCN1	DRIVER	True	protein_coding	+	2176
chr1	186047742	186049839	HMCN1	HMCN1	DRIVER	True	protein_coding	+	2097
chr1	186051951	186058401	HMCN1	HMCN1	DRIVER	True	protein_coding	+	6450
chr1	186060850	186063600	HMCN1	HMCN1	DRIVER	True	protein_coding	+	2750
chr1	186064237	186066429	HMCN1	HMCN1	DRIVER	True	protein_coding	+	2192
chr1	186066833	186071757	HMCN1	HMCN1	DRIVER	True	protein_coding	+	4924
chr1	186073740	186079220	HMCN1	HMCN1	DRIVER	True	protein_coding	+	5480
chr1	186080206	186083961	HMCN1	HMCN1	DRIVER	True	protein_coding	+	3755
chr1	186085245	186089755	HMCN1	HMCN1	DRIVER	True	protein_coding	+	4510
chr1	186089757	186091917	HMCN1	HMCN1	DRIVER	True	protein_coding	+	2160
chr1	186092133	186096521	HMCN1	HMCN1	DRIVER	True	protein_coding	+	4388
chr1	186102471	186104668	HMCN1	HMCN1	DRIVER	True	protein_coding	+	2197
chr1	186105883	186109597	HMCN1	HMCN1	DRIVER	True	protein_coding	+	3714
chr1	186111811	186121145	HMCN1	HMCN1	DRIVER	True	protein_coding	+	9334
chr1	186121950	186124220	HMCN1	HMCN1	DRIVER	True	protein_coding	+	2270
chr1	186124603	186126794	HMCN1	HMCN1	DRIVER	True	protein_coding	+	2191
chr1	186127077	186133409	HMCN1	HMCN1	DRIVER	True	protein_coding	+	6332
chr1	186135667	186138972	HMCN1	HMCN1	DRIVER	True	protein_coding	+	3305
chr1	186143172	186146923	HMCN1	HMCN1	DRIVER	True	protein_coding	+	3751
chr1	186150199	186154987	HMCN1	HMCN1	DRIVER	True	protein_coding	+	4788
chr1	186164110	186167942	HMCN1	HMCN1	DRIVER	True	protein_coding	+	3832
chr1	186170336	186173131	HMCN1	HMCN1	DRIVER	True	protein_coding	+	2795
chr1	186173513	186175642	HMCN1	HMCN1	DRIVER	True	protein_coding	+	2129
chr1	186177415	186179766	HMCN1	HMCN1	DRIVER	True	protein_coding	+	2351
chr1	186181167	186183287	HMCN1	HMCN1	DRIVER	True	protein_coding	+	2120
chr1	186186882	186191949	HMCN1	HMCN1	DRIVER	True	protein_coding	+	5067
chr1	186310651	186315724	TPR	TPR	DRIVER	False	protein_coding	-	5073
chr1	186316481	186328660	TPR	TPR	DRIVER	False	protein_coding	-	12179
chr1	186330497	186348458	TPR	TPR	DRIVER	False	protein_coding	-	17961
chr1	186349222	186364445	TPR	TPR	DRIVER	False	protein_coding	-	15223
chr1	186366885	186368982	TPR	TPR	DRIVER	False	protein_coding	-	2097
chr1	186369969	186372043	TPR	TPR	DRIVER	False	protein_coding	-	2074
chr1	186372358	186376693	TPR	TPR	DRIVER	False	protein_coding	-	4335
chr1	197083120	197085426	ASPM	ASPM	DRIVER	True	protein_coding	-	2306
chr1	197085802	197098503	ASPM	ASPM	DRIVER	True	protein_coding	-	12701
chr1	197099430	197106185	ASPM	ASPM	DRIVER	True	protein_coding	-	6755
chr1	197116788	197118983	ASPM	ASPM	DRIVER	True	protein_coding	-	2195
chr1	197120838	197126191	ASPM	ASPM	DRIVER	True	protein_coding	-	5353
chr1	197127489	197131056	ASPM	ASPM	DRIVER	True	protein_coding	-	3567
chr1	197131284	197136242	ASPM	ASPM	DRIVER	True	protein_coding	-	4958
chr1	197138575	197140871	ASPM	ASPM	DRIVER	True	protein_coding	-	2296
chr1	197141330	197145100	ASPM	ASPM	DRIVER	True	protein_coding	-	3770
chr1	197145140	197147694	ASPM	ASPM	DRIVER	True	protein_coding	-	2554
chr1	197267203	197269482	CRB1	CRB1	PASSENGER	True	protein_coding	+	2279
chr1	197327421	197330003	CRB1	CRB1	PASSENGER	True	protein_coding	+	2582
chr1	197343280	197345476	CRB1	CRB1	PASSENGER	True	protein_coding	+	2196
chr1	197346339	197348479	CRB1	CRB1	PASSENGER	True	protein_coding	+	2140
chr1	197355830	197359128	CRB1	CRB1	PASSENGER	True	protein_coding	+	3298
chr1	197359348	197361479	CRB1	CRB1	PASSENGER	True	protein_coding	+	2131
chr1	197412828	197415000	CRB1	CRB1	PASSENGER	True	protein_coding	+	2172
chr1	197419999	197423839	CRB1	CRB1	PASSENGER	True	protein_coding	+	3840
chr1	197426453	197430614	CRB1	CRB1	PASSENGER	True	protein_coding	+	4161
chr1	197433705	197436612	CRB1	CRB1	PASSENGER	True	protein_coding	+	2907
chr1	197437546	197445819	CRB1	CRB1	PASSENGER	True	protein_coding	+	8273
chr1	197476547	197479455	CRB1	CRB1	PASSENGER	True	protein_coding	+	2908
chr1	201038511	201045456	CACNA1S	CACNA1S	PASSENGER	True	protein_coding	-	6945
chr1	201046114	201055561	CACNA1S	CACNA1S	PASSENGER	True	protein_coding	-	9447
chr1	201057407	201063514	CACNA1S	CACNA1S	PASSENGER	True	protein_coding	-	6107
chr1	201064837	201067993	CACNA1S	CACNA1S	PASSENGER	True	protein_coding	-	3156
chr1	201068136	201071404	CACNA1S	CACNA1S	PASSENGER	True	protein_coding	-	3268
chr1	201071754	201079104	CACNA1S	CACNA1S	PASSENGER	True	protein_coding	-	7350
chr1	201082161	201086581	CACNA1S	CACNA1S	PASSENGER	True	protein_coding	-	4420
chr1	201086825	201090463	CACNA1S	CACNA1S	PASSENGER	True	protein_coding	-	3638
chr1	201090639	201095021	CACNA1S	CACNA1S	PASSENGER	True	protein_coding	-	4382
chr1	201109163	201113451	CACNA1S	CACNA1S	PASSENGER	True	protein_coding	-	4288
chr1	210675822	210685138	KCNH1	KCNH1	PASSENGER	False	protein_coding	-	9316
chr1	210774347	210776544	KCNH1	KCNH1	PASSENGER	False	protein_coding	-	2197
chr1	210796507	210798760	KCNH1	KCNH1	PASSENGER	False	protein_coding	-	2253
chr1	210802966	210805166	KCNH1	KCNH1	PASSENGER	False	protein_coding	-	2200
chr1	210857124	210862194	KCNH1	KCNH1	PASSENGER	False	protein_coding	-	5070
chr1	210917903	210921069	KCNH1	KCNH1	PASSENGER	False	protein_coding	-	3166
chr1	211017782	211020256	KCNH1	KCNH1	PASSENGER	False	protein_coding	-	2474
chr1	211062391	211064737	KCNH1	KCNH1	PASSENGER	False	protein_coding	-	2346
chr1	211081779	211083898	KCNH1	KCNH1	PASSENGER	False	protein_coding	-	2119
chr1	211089561	211091690	KCNH1	KCNH1	PASSENGER	False	protein_coding	-	2129
chr1	211102495	211104602	KCNH1	KCNH1	PASSENGER	False	protein_coding	-	2107
chr1	211106253	211108377	KCNH1	KCNH1	PASSENGER	False	protein_coding	-	2124
chr1	211132866	211135165	KCNH1	KCNH1	PASSENGER	False	protein_coding	-	2299
chr1	213982180	213984323	PROX1	PROX1	PASSENGER	False	protein_coding	+	2143
chr1	213986953	213990781	PROX1	PROX1	PASSENGER	False	protein_coding	+	3828
chr1	213995468	213999260	PROX1	PROX1	PASSENGER	False	protein_coding	+	3792
chr1	214004164	214006272	PROX1	PROX1	PASSENGER	False	protein_coding	+	2108
chr1	214010520	214012715	PROX1	PROX1	PASSENGER	False	protein_coding	+	2195
chr1	214034648	214042510	PROX1	PROX1	PASSENGER	False	protein_coding	+	7862
chr1	215621890	215626870	USH2A	USH2A	PASSENGER	False	protein_coding	-	4980
chr1	215627813	215631260	USH2A	USH2A	PASSENGER	False	protein_coding	-	3447
chr1	215633458	215635703	USH2A	USH2A	PASSENGER	False	protein_coding	-	2245
chr1	215638154	215641734	USH2A	USH2A	PASSENGER	False	protein_coding	-	3580
chr1	215646521	215651801	USH2A	USH2A	PASSENGER	False	protein_coding	-	5280
chr1	215669971	215672293	USH2A	USH2A	PASSENGER	False	protein_coding	-	2322
chr1	215673099	215676616	USH2A	USH2A	PASSENGER	False	protein_coding	-	3517
chr1	215679148	215681376	USH2A	USH2A	PASSENGER	False	protein_coding	-	2228
chr1	215727029	215729384	USH2A	USH2A	PASSENGER	False	protein_coding	-	2355
chr1	215740374	215744335	USH2A	USH2A	PASSENGER	False	protein_coding	-	3961
chr1	215757594	215760843	USH2A	USH2A	PASSENGER	False	protein_coding	-	3249
chr1	215765680	215767788	USH2A	USH2A	PASSENGER	False	protein_coding	-	2108
chr1	215778842	215783935	USH2A	USH2A	PASSENGER	False	protein_coding	-	5093
chr1	215785669	215787874	USH2A	USH2A	PASSENGER	False	protein_coding	-	2205
chr1	215789058	215791282	USH2A	USH2A	PASSENGER	False	protein_coding	-	2224
chr1	215797906	215800125	USH2A	USH2A	PASSENGER	False	protein_coding	-	2219
chr1	215812735	215814904	USH2A	USH2A	PASSENGER	False	protein_coding	-	2169
chr1	215815996	215818195	USH2A	USH2A	PASSENGER	False	protein_coding	-	2199
chr1	215836990	215839103	USH2A	USH2A	PASSENGER	False	protein_coding	-	2113
chr1	215843293	215847033	USH2A	USH2A	PASSENGER	False	protein_coding	-	3740
chr1	215866006	215868170	USH2A	USH2A	PASSENGER	False	protein_coding	-	2164
chr1	215876757	215880098	USH2A	USH2A	PASSENGER	False	protein_coding	-	3341
chr1	215887425	215890054	USH2A	USH2A	PASSENGER	False	protein_coding	-	2629
chr1	215899074	215901905	USH2A	USH2A	PASSENGER	False	protein_coding	-	2831
chr1	215933615	215935795	USH2A	USH2A	PASSENGER	False	protein_coding	-	2180
chr1	215964316	215966479	USH2A	USH2A	PASSENGER	False	protein_coding	-	2163
chr1	215969624	215971776	USH2A	USH2A	PASSENGER	False	protein_coding	-	2152
chr1	215992019	215994167	USH2A	USH2A	PASSENGER	False	protein_coding	-	2148
chr1	215997886	216001562	USH2A	USH2A	PASSENGER	False	protein_coding	-	3676
chr1	216045430	216049647	USH2A	USH2A	PASSENGER	False	protein_coding	-	4217
chr1	216069100	216071292	USH2A	USH2A	PASSENGER	False	protein_coding	-	2192
chr1	216071888	216074300	USH2A	USH2A	PASSENGER	False	protein_coding	-	2412
chr1	216077088	216079362	USH2A	USH2A	PASSENGER	False	protein_coding	-	2274
chr1	216082369	216087820	USH2A	USH2A	PASSENGER	False	protein_coding	-	5451
chr1	216088012	216090139	USH2A	USH2A	PASSENGER	False	protein_coding	-	2127
chr1	216096082	216098213	USH2A	USH2A	PASSENGER	False	protein_coding	-	2131
chr1	216172945	216176482	USH2A	USH2A	PASSENGER	False	protein_coding	-	3537
chr1	216189222	216191367	USH2A	USH2A	PASSENGER	False	protein_coding	-	2145
chr1	216195552	216201121	USH2A	USH2A	PASSENGER	False	protein_coding	-	5569
chr1	216206272	216208431	USH2A	USH2A	PASSENGER	False	protein_coding	-	2159
chr1	216216386	216218550	USH2A	USH2A	PASSENGER	False	protein_coding	-	2164
chr1	216230952	216233136	USH2A	USH2A	PASSENGER	False	protein_coding	-	2184
chr1	216245584	216248226	USH2A	USH2A	PASSENGER	False	protein_coding	-	2642
chr1	216249902	216252098	USH2A	USH2A	PASSENGER	False	protein_coding	-	2196
chr1	216288279	216290410	USH2A	USH2A	PASSENGER	False	protein_coding	-	2131
chr1	216291174	216293370	USH2A	USH2A	PASSENGER	False	protein_coding	-	2196
chr1	216320882	216328654	USH2A	USH2A	PASSENGER	False	protein_coding	-	7772
chr1	216363952	216366085	USH2A	USH2A	PASSENGER	False	protein_coding	-	2133
chr1	216417513	216419679	USH2A	USH2A	PASSENGER	False	protein_coding	-	2166
chr1	216420851	216424448	USH2A	USH2A	PASSENGER	False	protein_coding	-	3597
chr1	228207043	228209185	OBSCN	OBSCN	DRIVER	True	protein_coding	+	2142
chr1	228210765	228220599	OBSCN	OBSCN	DRIVER	True	protein_coding	+	9834
chr1	228223458	228225734	OBSCN	OBSCN	DRIVER	True	protein_coding	+	2276
chr1	228242182	228247803	OBSCN	OBSCN	DRIVER	True	protein_coding	+	5621
chr1	228248964	228251240	OBSCN	OBSCN	DRIVER	True	protein_coding	+	2276
chr1	228255650	228257926	OBSCN	OBSCN	DRIVER	True	protein_coding	+	2276
chr1	228258500	228260776	OBSCN	OBSCN	DRIVER	True	protein_coding	+	2276
chr1	228263115	228265391	OBSCN	OBSCN	DRIVER	True	protein_coding	+	2276
chr1	228266634	228289888	OBSCN	OBSCN	DRIVER	True	protein_coding	+	23254
chr1	228290897	228296141	OBSCN	OBSCN	DRIVER	True	protein_coding	+	5244
chr1	228297385	228310559	OBSCN	OBSCN	DRIVER	True	protein_coding	+	13174
chr1	228312613	228320254	OBSCN	OBSCN	DRIVER	True	protein_coding	+	7641
chr1	228320343	228324606	OBSCN	OBSCN	DRIVER	True	protein_coding	+	4263
chr1	228331859	228343232	OBSCN	OBSCN	DRIVER	True	protein_coding	+	11373
chr1	228348577	228354062	OBSCN	OBSCN	DRIVER	True	protein_coding	+	5485
chr1	228355150	228357344	OBSCN	OBSCN	DRIVER	True	protein_coding	+	2194
chr1	228358596	228363755	OBSCN	OBSCN	DRIVER	True	protein_coding	+	5159
chr1	228363980	228379876	OBSCN	OBSCN	DRIVER	True	protein_coding	+	15896
chr1	235660040	235665621	LYST	LYST	DRIVER	True	protein_coding	-	5581
chr1	235673945	235678619	LYST	LYST	DRIVER	True	protein_coding	-	4674
chr1	235685948	235688682	LYST	LYST	DRIVER	True	protein_coding	-	2734
chr1	235692349	235694486	LYST	LYST	DRIVER	True	protein_coding	-	2137
chr1	235694836	235698272	LYST	LYST	DRIVER	True	protein_coding	-	3436
chr1	235701746	235703977	LYST	LYST	DRIVER	True	protein_coding	-	2231
chr1	235708090	235710308	LYST	LYST	DRIVER	True	protein_coding	-	2218
chr1	235711056	235719162	LYST	LYST	DRIVER	True	protein_coding	-	8106
chr1	235719660	235721905	LYST	LYST	DRIVER	True	protein_coding	-	2245
chr1	235723027	235725180	LYST	LYST	DRIVER	True	protein_coding	-	2153
chr1	235727075	235732177	LYST	LYST	DRIVER	True	protein_coding	-	5102
chr1	235732502	235739594	LYST	LYST	DRIVER	True	protein_coding	-	7092
chr1	235740421	235742628	LYST	LYST	DRIVER	True	protein_coding	-	2207
chr1	235742978	235745157	LYST	LYST	DRIVER	True	protein_coding	-	2179
chr1	235745335	235748331	LYST	LYST	DRIVER	True	protein_coding	-	2996
chr1	235750209	235760599	LYST	LYST	DRIVER	True	protein_coding	-	10390
chr1	235761719	235763851	LYST	LYST	DRIVER	True	protein_coding	-	2132
chr1	235765078	235767277	LYST	LYST	DRIVER	True	protein_coding	-	2199
chr1	235769159	235771297	LYST	LYST	DRIVER	True	protein_coding	-	2138
chr1	235772841	235778308	LYST	LYST	DRIVER	True	protein_coding	-	5467
chr1	235779864	235783087	LYST	LYST	DRIVER	True	protein_coding	-	3223
chr1	235786069	235789848	LYST	LYST	DRIVER	True	protein_coding	-	3779
chr1	235790572	235794612	LYST	LYST	DRIVER	True	protein_coding	-	4040
chr1	235799319	235811534	LYST	LYST	DRIVER	True	protein_coding	-	12215
chr1	235811970	235814061	LYST	LYST	DRIVER	True	protein_coding	-	2091
chr1	235825339	235831424	LYST	LYST	DRIVER	True	protein_coding	-	6085
chr1	235832577	235834667	LYST	LYST	DRIVER	True	protein_coding	-	2090
chr1	235865842	235867925	LYST	LYST	DRIVER	True	protein_coding	-	2083
chr1	235871334	235874029	LYST	LYST	DRIVER	True	protein_coding	-	2695
chr1	235882186	235884724	LYST	LYST	DRIVER	True	protein_coding	-	2538
chr1	237876863	237879382	ZP4	ZP4	PASSENGER	False	protein_coding	-	2519
chr1	237881376	237891922	ZP4	ZP4	PASSENGER	False	protein_coding	-	10546
chr1	240013347	240015435	FMN2	FMN2	PASSENGER	False	protein_coding	+	2088
chr1	240067027	240069073	FMN2	FMN2	PASSENGER	False	protein_coding	+	2046
chr1	240090882	240094724	FMN2	FMN2	PASSENGER	False	protein_coding	+	3842
chr1	240122126	240124345	FMN2	FMN2	PASSENGER	False	protein_coding	+	2219
chr1	240176920	240179068	FMN2	FMN2	PASSENGER	False	protein_coding	+	2148
chr1	240179168	240181180	FMN2	FMN2	PASSENGER	False	protein_coding	+	2012
chr1	240187206	240189262	FMN2	FMN2	PASSENGER	False	protein_coding	+	2056
chr1	240205798	240209732	FMN2	FMN2	PASSENGER	False	protein_coding	+	3934
chr1	240210090	240212235	FMN2	FMN2	PASSENGER	False	protein_coding	+	2145
chr1	240234770	240236895	FMN2	FMN2	PASSENGER	False	protein_coding	+	2125
chr1	240238638	240242160	FMN2	FMN2	PASSENGER	False	protein_coding	+	3522
chr1	240244259	240246565	FMN2	FMN2	PASSENGER	False	protein_coding	+	2306
chr1	240256500	240259032	FMN2	FMN2	PASSENGER	False	protein_coding	+	2532
chr1	240284230	240286523	FMN2	FMN2	PASSENGER	False	protein_coding	+	2293
chr1	240293821	240295883	FMN2	FMN2	PASSENGER	False	protein_coding	+	2062
chr1	240328075	240335229	FMN2	FMN2	PASSENGER	False	protein_coding	+	7154
chr1	240339550	240345781	FMN2	FMN2	PASSENGER	False	protein_coding	+	6231
chr1	240354815	240358702	FMN2	FMN2	PASSENGER	False	protein_coding	+	3887
chr1	240370361	240372664	FMN2	FMN2	PASSENGER	False	protein_coding	+	2303
chr1	240391510	240393562	FMN2	FMN2	PASSENGER	False	protein_coding	+	2052
chr1	240437060	240439210	FMN2	FMN2	PASSENGER	False	protein_coding	+	2150
chr1	240444011	240446193	FMN2	FMN2	PASSENGER	False	protein_coding	+	2182
chr1	240456492	240460443	FMN2	FMN2	PASSENGER	False	protein_coding	+	3951
chr1	240470653	240476187	FMN2	FMN2	PASSENGER	False	protein_coding	+	5534
chr1	241651277	241653629	WDR64	WDR64	PASSENGER	False	protein_coding	+	2352
chr1	241659527	241661695	WDR64	WDR64	PASSENGER	False	protein_coding	+	2168
chr1	241670073	241672176	WDR64	WDR64	PASSENGER	False	protein_coding	+	2103
chr1	241673643	241680595	WDR64	WDR64	PASSENGER	False	protein_coding	+	6952
chr1	241682486	241684701	WDR64	WDR64	PASSENGER	False	protein_coding	+	2215
chr1	241686460	241688595	WDR64	WDR64	PASSENGER	False	protein_coding	+	2135
chr1	241710801	241712881	WDR64	WDR64	PASSENGER	False	protein_coding	+	2080
chr1	241722296	241724436	WDR64	WDR64	PASSENGER	False	protein_coding	+	2140
chr1	241737362	241739489	WDR64	WDR64	PASSENGER	False	protein_coding	+	2127
chr1	241740515	241742664	WDR64	WDR64	PASSENGER	False	protein_coding	+	2149
chr1	241743392	241745516	WDR64	WDR64	PASSENGER	False	protein_coding	+	2124
chr1	241748546	241751202	WDR64	WDR64	PASSENGER	False	protein_coding	+	2656
chr1	241756282	241758459	WDR64	WDR64	PASSENGER	False	protein_coding	+	2177
chr1	241765217	241767351	WDR64	WDR64	PASSENGER	False	protein_coding	+	2134
chr1	241768403	241773931	WDR64	WDR64	PASSENGER	False	protein_coding	+	5528
chr1	241774104	241776210	WDR64	WDR64	PASSENGER	False	protein_coding	+	2106
chr1	241779003	241781062	WDR64	WDR64	PASSENGER	False	protein_coding	+	2059
chr1	241782271	241784381	WDR64	WDR64	PASSENGER	False	protein_coding	+	2110
chr1	241786848	241789034	WDR64	WDR64	PASSENGER	False	protein_coding	+	2186
chr1	241789590	241791696	WDR64	WDR64	PASSENGER	False	protein_coding	+	2106
chr1	241794206	241797370	WDR64	WDR64	PASSENGER	False	protein_coding	+	3164
chr1	241800131	241803777	WDR64	WDR64	PASSENGER	False	protein_coding	+	3646
chr1	246838097	246844928	AHCTF1	AHCTF1	DRIVER	False	protein_coding	-	6831
chr1	246848614	246854299	AHCTF1	AHCTF1	DRIVER	False	protein_coding	-	5685
chr1	246854729	246858814	AHCTF1	AHCTF1	DRIVER	False	protein_coding	-	4085
chr1	246859898	246868811	AHCTF1	AHCTF1	DRIVER	False	protein_coding	-	8913
chr1	246875036	246878302	AHCTF1	AHCTF1	DRIVER	False	protein_coding	-	3266
chr1	246884492	246892919	AHCTF1	AHCTF1	DRIVER	False	protein_coding	-	8427
chr1	246893658	246896925	AHCTF1	AHCTF1	DRIVER	False	protein_coding	-	3267
chr1	246897207	246901469	AHCTF1	AHCTF1	DRIVER	False	protein_coding	-	4262
chr1	246901524	246908758	AHCTF1	AHCTF1	DRIVER	False	protein_coding	-	7234
chr1	246912231	246914412	AHCTF1	AHCTF1	DRIVER	False	protein_coding	-	2181
chr1	246915141	246919377	AHCTF1	AHCTF1	DRIVER	False	protein_coding	-	4236
chr1	246930128	246932948	AHCTF1	AHCTF1	DRIVER	False	protein_coding	-	2820
chr1	247331330	247333481	NLRP3	NLRP3	DRIVER	False	protein_coding	+	2151
chr1	247364229	247366283	NLRP3	NLRP3	DRIVER	False	protein_coding	+	2054
chr1	247373006	247375143	NLRP3	NLRP3	DRIVER	False	protein_coding	+	2137
chr1	247415155	247420077	NLRP3	NLRP3	DRIVER	False	protein_coding	+	4922
chr1	247422229	247426792	NLRP3	NLRP3	DRIVER	False	protein_coding	+	4563
chr1	247428584	247430755	NLRP3	NLRP3	DRIVER	False	protein_coding	+	2171
chr1	247433102	247437140	NLRP3	NLRP3	DRIVER	False	protein_coding	+	4038
chr1	247442906	247445821	NLRP3	NLRP3	DRIVER	False	protein_coding	+	2915
chr1	247447404	247450108	NLRP3	NLRP3	DRIVER	False	protein_coding	+	2704
chr1	248507072	248510648	OR2G6	OR2G6	PASSENGER	False	protein_coding	+	3576
chr1	248520610	248528337	OR2G6	OR2G6	PASSENGER	False	protein_coding	+	7727
chr2	1788112	1793901	MYT1L	MYT1L	PASSENGER	False	protein_coding	-	5789
chr2	1800689	1802799	MYT1L	MYT1L	PASSENGER	False	protein_coding	-	2110
chr2	1808075	1811119	MYT1L	MYT1L	PASSENGER	False	protein_coding	-	3044
chr2	1815180	1818016	MYT1L	MYT1L	PASSENGER	False	protein_coding	-	2836
chr2	1828936	1831920	MYT1L	MYT1L	PASSENGER	False	protein_coding	-	2984
chr2	1834047	1836275	MYT1L	MYT1L	PASSENGER	False	protein_coding	-	2228
chr2	1836400	1843911	MYT1L	MYT1L	PASSENGER	False	protein_coding	-	7511
chr2	1850640	1852703	MYT1L	MYT1L	PASSENGER	False	protein_coding	-	2063
chr2	1859161	1862677	MYT1L	MYT1L	PASSENGER	False	protein_coding	-	3516
chr2	1877727	1880589	MYT1L	MYT1L	PASSENGER	False	protein_coding	-	2862
chr2	1882876	1890477	MYT1L	MYT1L	PASSENGER	False	protein_coding	-	7601
chr2	1891036	1893409	MYT1L	MYT1L	PASSENGER	False	protein_coding	-	2373
chr2	1901722	1904294	MYT1L	MYT1L	PASSENGER	False	protein_coding	-	2572
chr2	1909239	1913110	MYT1L	MYT1L	PASSENGER	False	protein_coding	-	3871
chr2	1916204	1918339	MYT1L	MYT1L	PASSENGER	False	protein_coding	-	2135
chr2	1921285	1924263	MYT1L	MYT1L	PASSENGER	False	protein_coding	-	2978
chr2	1940155	1944334	MYT1L	MYT1L	PASSENGER	False	protein_coding	-	4179
chr2	1971367	1975751	MYT1L	MYT1L	PASSENGER	False	protein_coding	-	4384
chr2	1978164	1980777	MYT1L	MYT1L	PASSENGER	False	protein_coding	-	2613
chr2	1996112	1998347	MYT1L	MYT1L	PASSENGER	False	protein_coding	-	2235
chr2	2001372	2003515	MYT1L	MYT1L	PASSENGER	False	protein_coding	-	2143
chr2	2048081	2052426	MYT1L	MYT1L	PASSENGER	False	protein_coding	-	4345
chr2	2052977	2055123	MYT1L	MYT1L	PASSENGER	False	protein_coding	-	2146
chr2	2170667	2173988	MYT1L	MYT1L	PASSENGER	False	protein_coding	-	3321
chr2	2184412	2186649	MYT1L	MYT1L	PASSENGER	False	protein_coding	-	2237
chr2	2209632	2212777	MYT1L	MYT1L	PASSENGER	False	protein_coding	-	3145
chr2	2280930	2285503	MYT1L	MYT1L	PASSENGER	False	protein_coding	-	4573
chr2	2300859	2307155	MYT1L	MYT1L	PASSENGER	False	protein_coding	-	6296
chr2	2323170	2327554	MYT1L	MYT1L	PASSENGER	False	protein_coding	-	4384
chr2	2329966	2332664	MYT1L	MYT1L	PASSENGER	False	protein_coding	-	2698
chr2	15165915	15168323	NBAS	NBAS	DRIVER	False	protein_coding	-	2408
chr2	15176948	15181378	NBAS	NBAS	DRIVER	False	protein_coding	-	4430
chr2	15181773	15183922	NBAS	NBAS	DRIVER	False	protein_coding	-	2149
chr2	15185741	15187880	NBAS	NBAS	DRIVER	False	protein_coding	-	2139
chr2	15189263	15191403	NBAS	NBAS	DRIVER	False	protein_coding	-	2140
chr2	15217772	15219968	NBAS	NBAS	DRIVER	False	protein_coding	-	2196
chr2	15231421	15233511	NBAS	NBAS	DRIVER	False	protein_coding	-	2090
chr2	15233544	15235747	NBAS	NBAS	DRIVER	False	protein_coding	-	2203
chr2	15237467	15239686	NBAS	NBAS	DRIVER	False	protein_coding	-	2219
chr2	15274483	15278101	NBAS	NBAS	DRIVER	False	protein_coding	-	3618
chr2	15286072	15288183	NBAS	NBAS	DRIVER	False	protein_coding	-	2111
chr2	15291536	15293766	NBAS	NBAS	DRIVER	False	protein_coding	-	2230
chr2	15297353	15304091	NBAS	NBAS	DRIVER	False	protein_coding	-	6738
chr2	15307215	15310247	NBAS	NBAS	DRIVER	False	protein_coding	-	3032
chr2	15326749	15329312	NBAS	NBAS	DRIVER	False	protein_coding	-	2563
chr2	15329597	15331765	NBAS	NBAS	DRIVER	False	protein_coding	-	2168
chr2	15350991	15354710	NBAS	NBAS	DRIVER	False	protein_coding	-	3719
chr2	15355302	15357416	NBAS	NBAS	DRIVER	False	protein_coding	-	2114
chr2	15361962	15364055	NBAS	NBAS	DRIVER	False	protein_coding	-	2093
chr2	15365579	15367693	NBAS	NBAS	DRIVER	False	protein_coding	-	2114
chr2	15373607	15375720	NBAS	NBAS	DRIVER	False	protein_coding	-	2113
chr2	15378601	15380831	NBAS	NBAS	DRIVER	False	protein_coding	-	2230
chr2	15382214	15384317	NBAS	NBAS	DRIVER	False	protein_coding	-	2103
chr2	15392638	15395349	NBAS	NBAS	DRIVER	False	protein_coding	-	2711
chr2	15395412	15397475	NBAS	NBAS	DRIVER	False	protein_coding	-	2063
chr2	15401167	15403301	NBAS	NBAS	DRIVER	False	protein_coding	-	2134
chr2	15414545	15418712	NBAS	NBAS	DRIVER	False	protein_coding	-	4167
chr2	15423314	15425468	NBAS	NBAS	DRIVER	False	protein_coding	-	2154
chr2	15426710	15428794	NBAS	NBAS	DRIVER	False	protein_coding	-	2084
chr2	15452660	15455090	NBAS	NBAS	DRIVER	False	protein_coding	-	2430
chr2	15458577	15462791	NBAS	NBAS	DRIVER	False	protein_coding	-	4214
chr2	15466328	15469533	NBAS	NBAS	DRIVER	False	protein_coding	-	3205
chr2	15472221	15476880	NBAS	NBAS	DRIVER	False	protein_coding	-	4659
chr2	15477225	15479289	NBAS	NBAS	DRIVER	False	protein_coding	-	2064
chr2	15482261	15484368	NBAS	NBAS	DRIVER	False	protein_coding	-	2107
chr2	15487893	15490022	NBAS	NBAS	DRIVER	False	protein_coding	-	2129
chr2	15500643	15505213	NBAS	NBAS	DRIVER	False	protein_coding	-	4570
chr2	15510211	15512350	NBAS	NBAS	DRIVER	False	protein_coding	-	2139
chr2	15513702	15516231	NBAS	NBAS	DRIVER	False	protein_coding	-	2529
chr2	15533542	15540356	NBAS	NBAS	DRIVER	False	protein_coding	-	6814
chr2	15548602	15559634	NBAS	NBAS	DRIVER	False	protein_coding	-	11032
chr2	15560187	15562340	NBAS	NBAS	DRIVER	False	protein_coding	-	2153
chr2	21000428	21017649	APOB	APOB	PASSENGER	False	protein_coding	-	17221
chr2	21017991	21020905	APOB	APOB	PASSENGER	False	protein_coding	-	2914
chr2	21021830	21031015	APOB	APOB	PASSENGER	False	protein_coding	-	9185
chr2	21031353	21039111	APOB	APOB	PASSENGER	False	protein_coding	-	7758
chr2	21039937	21045073	APOB	APOB	PASSENGER	False	protein_coding	-	5136
chr2	29191773	29194922	ALK	ALK	PASSENGER	False	protein_coding	-	3149
chr2	29195769	29198676	ALK	ALK	PASSENGER	False	protein_coding	-	2907
chr2	29206170	29208272	ALK	ALK	PASSENGER	False	protein_coding	-	2102
chr2	29208785	29210878	ALK	ALK	PASSENGER	False	protein_coding	-	2093
chr2	29212983	29215081	ALK	ALK	PASSENGER	False	protein_coding	-	2098
chr2	29219705	29230066	ALK	ALK	PASSENGER	False	protein_coding	-	10361
chr2	29231303	29234696	ALK	ALK	PASSENGER	False	protein_coding	-	3393
chr2	29238679	29240830	ALK	ALK	PASSENGER	False	protein_coding	-	2151
chr2	29250104	29252267	ALK	ALK	PASSENGER	False	protein_coding	-	2163
chr2	29274098	29276496	ALK	ALK	PASSENGER	False	protein_coding	-	2398
chr2	29285409	29287834	ALK	ALK	PASSENGER	False	protein_coding	-	2425
chr2	29295887	29298057	ALK	ALK	PASSENGER	False	protein_coding	-	2170
chr2	29317303	29321882	ALK	ALK	PASSENGER	False	protein_coding	-	4579
chr2	29327349	29329481	ALK	ALK	PASSENGER	False	protein_coding	-	2132
chr2	29382731	29384859	ALK	ALK	PASSENGER	False	protein_coding	-	2128
chr2	29530914	29533116	ALK	ALK	PASSENGER	False	protein_coding	-	2202
chr2	29693849	29696014	ALK	ALK	PASSENGER	False	protein_coding	-	2165
chr2	29716577	29718700	ALK	ALK	PASSENGER	False	protein_coding	-	2123
chr2	29918992	29922586	ALK	ALK	PASSENGER	False	protein_coding	-	3594
chr2	32356022	32358486	BIRC6	BIRC6	DRIVER	True	protein_coding	+	2464
chr2	32376587	32378769	BIRC6	BIRC6	DRIVER	True	protein_coding	+	2182
chr2	32379152	32381290	BIRC6	BIRC6	DRIVER	True	protein_coding	+	2138
chr2	32387749	32389943	BIRC6	BIRC6	DRIVER	True	protein_coding	+	2194
chr2	32391038	32393150	BIRC6	BIRC6	DRIVER	True	protein_coding	+	2112
chr2	32394510	32396593	BIRC6	BIRC6	DRIVER	True	protein_coding	+	2083
chr2	32400162	32402623	BIRC6	BIRC6	DRIVER	True	protein_coding	+	2461
chr2	32405498	32407557	BIRC6	BIRC6	DRIVER	True	protein_coding	+	2059
chr2	32413768	32417163	BIRC6	BIRC6	DRIVER	True	protein_coding	+	3395
chr2	32428145	32432090	BIRC6	BIRC6	DRIVER	True	protein_coding	+	3945
chr2	32432643	32437184	BIRC6	BIRC6	DRIVER	True	protein_coding	+	4541
chr2	32438507	32446668	BIRC6	BIRC6	DRIVER	True	protein_coding	+	8161
chr2	32447794	32450185	BIRC6	BIRC6	DRIVER	True	protein_coding	+	2391
chr2	32452807	32454954	BIRC6	BIRC6	DRIVER	True	protein_coding	+	2147
chr2	32462193	32466164	BIRC6	BIRC6	DRIVER	True	protein_coding	+	3971
chr2	32466524	32474239	BIRC6	BIRC6	DRIVER	True	protein_coding	+	7715
chr2	32475212	32483582	BIRC6	BIRC6	DRIVER	True	protein_coding	+	8370
chr2	32484642	32494667	BIRC6	BIRC6	DRIVER	True	protein_coding	+	10025
chr2	32498546	32506355	BIRC6	BIRC6	DRIVER	True	protein_coding	+	7809
chr2	32506979	32511634	BIRC6	BIRC6	DRIVER	True	protein_coding	+	4655
chr2	32511932	32516770	BIRC6	BIRC6	DRIVER	True	protein_coding	+	4838
chr2	32517253	32520219	BIRC6	BIRC6	DRIVER	True	protein_coding	+	2966
chr2	32520661	32522757	BIRC6	BIRC6	DRIVER	True	protein_coding	+	2096
chr2	32523757	32526628	BIRC6	BIRC6	DRIVER	True	protein_coding	+	2871
chr2	32528650	32532551	BIRC6	BIRC6	DRIVER	True	protein_coding	+	3901
chr2	32542240	32544541	BIRC6	BIRC6	DRIVER	True	protein_coding	+	2301
chr2	32544642	32550481	BIRC6	BIRC6	DRIVER	True	protein_coding	+	5839
chr2	32574155	32576366	BIRC6	BIRC6	DRIVER	True	protein_coding	+	2211
chr2	32589805	32591978	BIRC6	BIRC6	DRIVER	True	protein_coding	+	2173
chr2	32592914	32596144	BIRC6	BIRC6	DRIVER	True	protein_coding	+	3230
chr2	32596750	32600900	BIRC6	BIRC6	DRIVER	True	protein_coding	+	4150
chr2	32601496	32604083	BIRC6	BIRC6	DRIVER	True	protein_coding	+	2587
chr2	32606454	32608643	BIRC6	BIRC6	DRIVER	True	protein_coding	+	2189
chr2	32610447	32612582	BIRC6	BIRC6	DRIVER	True	protein_coding	+	2135
chr2	32616724	32620571	BIRC6	BIRC6	DRIVER	True	protein_coding	+	3847
chr2	48961156	48964966	FSHR	FSHR	PASSENGER	False	protein_coding	-	3810
chr2	48967697	48969883	FSHR	FSHR	PASSENGER	False	protein_coding	-	2186
chr2	48981911	48984166	FSHR	FSHR	PASSENGER	False	protein_coding	-	2255
chr2	48987976	48991637	FSHR	FSHR	PASSENGER	False	protein_coding	-	3661
chr2	48996178	48998313	FSHR	FSHR	PASSENGER	False	protein_coding	-	2135
chr2	49013696	49015947	FSHR	FSHR	PASSENGER	False	protein_coding	-	2251
chr2	49016488	49018563	FSHR	FSHR	PASSENGER	False	protein_coding	-	2075
chr2	49019085	49021160	FSHR	FSHR	PASSENGER	False	protein_coding	-	2075
chr2	49067218	49069290	FSHR	FSHR	PASSENGER	False	protein_coding	-	2072
chr2	49153265	49155527	FSHR	FSHR	PASSENGER	False	protein_coding	-	2262
chr2	49917502	49923251	NRXN1	NRXN1	PASSENGER	False	protein_coding	-	5749
chr2	49925287	49927390	NRXN1	NRXN1	PASSENGER	False	protein_coding	-	2103
chr2	49942703	49946206	NRXN1	NRXN1	PASSENGER	False	protein_coding	-	3503
chr2	49965589	49967672	NRXN1	NRXN1	PASSENGER	False	protein_coding	-	2083
chr2	49968686	49971617	NRXN1	NRXN1	PASSENGER	False	protein_coding	-	2931
chr2	49971670	49975203	NRXN1	NRXN1	PASSENGER	False	protein_coding	-	3533
chr2	50015497	50017545	NRXN1	NRXN1	PASSENGER	False	protein_coding	-	2048
chr2	50018236	50020275	NRXN1	NRXN1	PASSENGER	False	protein_coding	-	2039
chr2	50021691	50025113	NRXN1	NRXN1	PASSENGER	False	protein_coding	-	3422
chr2	50052270	50056044	NRXN1	NRXN1	PASSENGER	False	protein_coding	-	3774
chr2	50090322	50092494	NRXN1	NRXN1	PASSENGER	False	protein_coding	-	2172
chr2	50104234	50106282	NRXN1	NRXN1	PASSENGER	False	protein_coding	-	2048
chr2	50173650	50176215	NRXN1	NRXN1	PASSENGER	False	protein_coding	-	2565
chr2	50184541	50186650	NRXN1	NRXN1	PASSENGER	False	protein_coding	-	2109
chr2	50198136	50200289	NRXN1	NRXN1	PASSENGER	False	protein_coding	-	2153
chr2	50206537	50208702	NRXN1	NRXN1	PASSENGER	False	protein_coding	-	2165
chr2	50235788	50237970	NRXN1	NRXN1	PASSENGER	False	protein_coding	-	2182
chr2	50345690	50348796	NRXN1	NRXN1	PASSENGER	False	protein_coding	-	3106
chr2	50416082	50418255	NRXN1	NRXN1	PASSENGER	False	protein_coding	-	2173
chr2	50431272	50433324	NRXN1	NRXN1	PASSENGER	False	protein_coding	-	2052
chr2	50462967	50467487	NRXN1	NRXN1	PASSENGER	False	protein_coding	-	4520
chr2	50471297	50473471	NRXN1	NRXN1	PASSENGER	False	protein_coding	-	2174
chr2	50494904	50498714	NRXN1	NRXN1	PASSENGER	False	protein_coding	-	3810
chr2	50505494	50507967	NRXN1	NRXN1	PASSENGER	False	protein_coding	-	2473
chr2	50525705	50529935	NRXN1	NRXN1	PASSENGER	False	protein_coding	-	4230
chr2	50530226	50532430	NRXN1	NRXN1	PASSENGER	False	protein_coding	-	2204
chr2	50537252	50539636	NRXN1	NRXN1	PASSENGER	False	protein_coding	-	2384
chr2	50546469	50549220	NRXN1	NRXN1	PASSENGER	False	protein_coding	-	2751
chr2	50550270	50555488	NRXN1	NRXN1	PASSENGER	False	protein_coding	-	5218
chr2	50614347	50617498	NRXN1	NRXN1	PASSENGER	False	protein_coding	-	3151
chr2	50618106	50622249	NRXN1	NRXN1	PASSENGER	False	protein_coding	-	4143
chr2	50622313	50625967	NRXN1	NRXN1	PASSENGER	False	protein_coding	-	3654
chr2	50636523	50638564	NRXN1	NRXN1	PASSENGER	False	protein_coding	-	2041
chr2	50655351	50657414	NRXN1	NRXN1	PASSENGER	False	protein_coding	-	2063
chr2	50756979	50759136	NRXN1	NRXN1	PASSENGER	False	protein_coding	-	2157
chr2	50840060	50842144	NRXN1	NRXN1	PASSENGER	False	protein_coding	-	2084
chr2	50911206	50913993	NRXN1	NRXN1	PASSENGER	False	protein_coding	-	2787
chr2	50915821	50923687	NRXN1	NRXN1	PASSENGER	False	protein_coding	-	7866
chr2	50924937	50926955	NRXN1	NRXN1	PASSENGER	False	protein_coding	-	2018
chr2	50984373	50986428	NRXN1	NRXN1	PASSENGER	False	protein_coding	-	2055
chr2	51008244	51010278	NRXN1	NRXN1	PASSENGER	False	protein_coding	-	2034
chr2	51025370	51030194	NRXN1	NRXN1	PASSENGER	False	protein_coding	-	4824
chr2	51030980	51034134	NRXN1	NRXN1	PASSENGER	False	protein_coding	-	3154
chr2	51071767	51073903	NRXN1	NRXN1	PASSENGER	False	protein_coding	-	2136
chr2	51080389	51083864	NRXN1	NRXN1	PASSENGER	False	protein_coding	-	3475
chr2	51200866	51204175	NRXN1	NRXN1	PASSENGER	False	protein_coding	-	3309
chr2	51220670	51222795	NRXN1	NRXN1	PASSENGER	False	protein_coding	-	2125
chr2	51224464	51226575	NRXN1	NRXN1	PASSENGER	False	protein_coding	-	2111
chr2	61186462	61194365	USP34	USP34	DRIVER	True	protein_coding	-	7903
chr2	61202139	61209977	USP34	USP34	DRIVER	True	protein_coding	-	7838
chr2	61210771	61212929	USP34	USP34	DRIVER	True	protein_coding	-	2158
chr2	61213059	61215694	USP34	USP34	DRIVER	True	protein_coding	-	2635
chr2	61219192	61224661	USP34	USP34	DRIVER	True	protein_coding	-	5469
chr2	61225787	61230633	USP34	USP34	DRIVER	True	protein_coding	-	4846
chr2	61231451	61233532	USP34	USP34	DRIVER	True	protein_coding	-	2081
chr2	61234844	61237389	USP34	USP34	DRIVER	True	protein_coding	-	2545
chr2	61240559	61242819	USP34	USP34	DRIVER	True	protein_coding	-	2260
chr2	61244209	61247477	USP34	USP34	DRIVER	True	protein_coding	-	3268
chr2	61247510	61249683	USP34	USP34	DRIVER	True	protein_coding	-	2173
chr2	61255383	61258350	USP34	USP34	DRIVER	True	protein_coding	-	2967
chr2	61258710	61260776	USP34	USP34	DRIVER	True	protein_coding	-	2066
chr2	61264265	61267167	USP34	USP34	DRIVER	True	protein_coding	-	2902
chr2	61276701	61285957	USP34	USP34	DRIVER	True	protein_coding	-	9256
chr2	61287676	61289877	USP34	USP34	DRIVER	True	protein_coding	-	2201
chr2	61292463	61297925	USP34	USP34	DRIVER	True	protein_coding	-	5462
chr2	61299950	61302454	USP34	USP34	DRIVER	True	protein_coding	-	2504
chr2	61310539	61312910	USP34	USP34	DRIVER	True	protein_coding	-	2371
chr2	61313584	61315974	USP34	USP34	DRIVER	True	protein_coding	-	2390
chr2	61316653	61320327	USP34	USP34	DRIVER	True	protein_coding	-	3674
chr2	61324374	61326457	USP34	USP34	DRIVER	True	protein_coding	-	2083
chr2	61330275	61332371	USP34	USP34	DRIVER	True	protein_coding	-	2096
chr2	61332881	61334971	USP34	USP34	DRIVER	True	protein_coding	-	2090
chr2	61338350	61340681	USP34	USP34	DRIVER	True	protein_coding	-	2331
chr2	61342814	61345029	USP34	USP34	DRIVER	True	protein_coding	-	2215
chr2	61345256	61351693	USP34	USP34	DRIVER	True	protein_coding	-	6437
chr2	61369320	61371579	USP34	USP34	DRIVER	True	protein_coding	-	2259
chr2	61377362	61381361	USP34	USP34	DRIVER	True	protein_coding	-	3999
chr2	61382268	61384336	USP34	USP34	DRIVER	True	protein_coding	-	2068
chr2	61393852	61396233	USP34	USP34	DRIVER	True	protein_coding	-	2381
chr2	61404707	61407128	USP34	USP34	DRIVER	True	protein_coding	-	2421
chr2	61419745	61421833	USP34	USP34	DRIVER	True	protein_coding	-	2088
chr2	61469649	61472087	USP34	USP34	DRIVER	True	protein_coding	-	2438
chr2	71452560	71455086	DYSF	DYSF	DRIVER	False	protein_coding	+	2526
chr2	71465698	71467933	DYSF	DYSF	DRIVER	False	protein_coding	+	2235
chr2	71479882	71482970	DYSF	DYSF	DRIVER	False	protein_coding	+	3088
chr2	71502213	71504319	DYSF	DYSF	DRIVER	False	protein_coding	+	2106
chr2	71510806	71518039	DYSF	DYSF	DRIVER	False	protein_coding	+	7233
chr2	71519177	71521904	DYSF	DYSF	DRIVER	False	protein_coding	+	2727
chr2	71525219	71529401	DYSF	DYSF	DRIVER	False	protein_coding	+	4182
chr2	71534020	71536311	DYSF	DYSF	DRIVER	False	protein_coding	+	2291
chr2	71538156	71540239	DYSF	DYSF	DRIVER	False	protein_coding	+	2083
chr2	71548349	71554931	DYSF	DYSF	DRIVER	False	protein_coding	+	6582
chr2	71554964	71557071	DYSF	DYSF	DRIVER	False	protein_coding	+	2107
chr2	71560751	71562944	DYSF	DYSF	DRIVER	False	protein_coding	+	2193
chr2	71563057	71565213	DYSF	DYSF	DRIVER	False	protein_coding	+	2156
chr2	71566950	71571916	DYSF	DYSF	DRIVER	False	protein_coding	+	4966
chr2	71573197	71578131	DYSF	DYSF	DRIVER	False	protein_coding	+	4934
chr2	71587704	71591288	DYSF	DYSF	DRIVER	False	protein_coding	+	3584
chr2	71597563	71603805	DYSF	DYSF	DRIVER	False	protein_coding	+	6242
chr2	71607575	71609617	DYSF	DYSF	DRIVER	False	protein_coding	+	2042
chr2	71609778	71614410	DYSF	DYSF	DRIVER	False	protein_coding	+	4632
chr2	71619546	71621609	DYSF	DYSF	DRIVER	False	protein_coding	+	2063
chr2	71640927	71645063	DYSF	DYSF	DRIVER	False	protein_coding	+	4136
chr2	71655161	71657290	DYSF	DYSF	DRIVER	False	protein_coding	+	2129
chr2	71657877	71661651	DYSF	DYSF	DRIVER	False	protein_coding	+	3774
chr2	71663267	71666304	DYSF	DYSF	DRIVER	False	protein_coding	+	3037
chr2	71666375	71670746	DYSF	DYSF	DRIVER	False	protein_coding	+	4371
chr2	71673196	71675296	DYSF	DYSF	DRIVER	False	protein_coding	+	2100
chr2	71678056	71683677	DYSF	DYSF	DRIVER	False	protein_coding	+	5621
chr2	71685453	71687763	DYSF	DYSF	DRIVER	False	protein_coding	+	2310
chr2	73384757	73387192	ALMS1	ALMS1	DRIVER	True	protein_coding	+	2435
chr2	73407621	73409747	ALMS1	ALMS1	DRIVER	True	protein_coding	+	2126
chr2	73418122	73427553	ALMS1	ALMS1	DRIVER	True	protein_coding	+	9431
chr2	73431128	73433685	ALMS1	ALMS1	DRIVER	True	protein_coding	+	2557
chr2	73446959	73456910	ALMS1	ALMS1	DRIVER	True	protein_coding	+	9951
chr2	73488633	73492498	ALMS1	ALMS1	DRIVER	True	protein_coding	+	3865
chr2	73518774	73521016	ALMS1	ALMS1	DRIVER	True	protein_coding	+	2242
chr2	73533823	73535949	ALMS1	ALMS1	DRIVER	True	protein_coding	+	2126
chr2	73549266	73551437	ALMS1	ALMS1	DRIVER	True	protein_coding	+	2171
chr2	73556219	73560142	ALMS1	ALMS1	DRIVER	True	protein_coding	+	3923
chr2	73571261	73574580	ALMS1	ALMS1	DRIVER	True	protein_coding	+	3319
chr2	73592748	73594887	ALMS1	ALMS1	DRIVER	True	protein_coding	+	2139
chr2	73598243	73611793	ALMS1	ALMS1	DRIVER	True	protein_coding	+	13550
chr2	73614266	73616380	ALMS1	ALMS1	DRIVER	True	protein_coding	+	2114
chr2	73623676	73626166	ALMS1	ALMS1	DRIVER	True	protein_coding	+	2490
chr2	108718481	108721173	RANBP2	RANBP2	DRIVER	False	protein_coding	+	2692
chr2	108728131	108738137	RANBP2	RANBP2	DRIVER	False	protein_coding	+	10006
chr2	108739488	108741681	RANBP2	RANBP2	DRIVER	False	protein_coding	+	2193
chr2	108745408	108750129	RANBP2	RANBP2	DRIVER	False	protein_coding	+	4721
chr2	108750263	108756259	RANBP2	RANBP2	DRIVER	False	protein_coding	+	5996
chr2	108757412	108759548	RANBP2	RANBP2	DRIVER	False	protein_coding	+	2136
chr2	108761100	108778231	RANBP2	RANBP2	DRIVER	False	protein_coding	+	17131
chr2	108779438	108786810	RANBP2	RANBP2	DRIVER	False	protein_coding	+	7372
chr2	114441298	114443838	DPP10	DPP10	PASSENGER	False	protein_coding	+	2540
chr2	114460576	114464426	DPP10	DPP10	PASSENGER	False	protein_coding	+	3850
chr2	114706116	114708174	DPP10	DPP10	PASSENGER	False	protein_coding	+	2058
chr2	115049147	115051219	DPP10	DPP10	PASSENGER	False	protein_coding	+	2072
chr2	115063572	115067818	DPP10	DPP10	PASSENGER	False	protein_coding	+	4246
chr2	115160601	115163272	DPP10	DPP10	PASSENGER	False	protein_coding	+	2671
chr2	115233455	115235639	DPP10	DPP10	PASSENGER	False	protein_coding	+	2184
chr2	115308238	115310353	DPP10	DPP10	PASSENGER	False	protein_coding	+	2115
chr2	115342816	115344912	DPP10	DPP10	PASSENGER	False	protein_coding	+	2096
chr2	115439871	115441964	DPP10	DPP10	PASSENGER	False	protein_coding	+	2093
chr2	115498509	115500604	DPP10	DPP10	PASSENGER	False	protein_coding	+	2095
chr2	115524897	115527386	DPP10	DPP10	PASSENGER	False	protein_coding	+	2489
chr2	115578113	115581243	DPP10	DPP10	PASSENGER	False	protein_coding	+	3130
chr2	115688686	115690921	DPP10	DPP10	PASSENGER	False	protein_coding	+	2235
chr2	115726815	115728936	DPP10	DPP10	PASSENGER	False	protein_coding	+	2121
chr2	115738738	115740893	DPP10	DPP10	PASSENGER	False	protein_coding	+	2155
chr2	115745085	115747183	DPP10	DPP10	PASSENGER	False	protein_coding	+	2098
chr2	115752173	115754297	DPP10	DPP10	PASSENGER	False	protein_coding	+	2124
chr2	115761571	115763610	DPP10	DPP10	PASSENGER	False	protein_coding	+	2039
chr2	115767296	115769404	DPP10	DPP10	PASSENGER	False	protein_coding	+	2108
chr2	115776207	115778834	DPP10	DPP10	PASSENGER	False	protein_coding	+	2627
chr2	115779873	115783399	DPP10	DPP10	PASSENGER	False	protein_coding	+	3526
chr2	115790080	115792356	DPP10	DPP10	PASSENGER	False	protein_coding	+	2276
chr2	115813662	115816729	DPP10	DPP10	PASSENGER	False	protein_coding	+	3067
chr2	115835156	115837746	DPP10	DPP10	PASSENGER	False	protein_coding	+	2590
chr2	115839749	115846780	DPP10	DPP10	PASSENGER	False	protein_coding	+	7031
chr2	124024286	124026732	CNTNAP5	CNTNAP5	PASSENGER	False	protein_coding	+	2446
chr2	124134067	124136181	CNTNAP5	CNTNAP5	PASSENGER	False	protein_coding	+	2114
chr2	124220704	124222809	CNTNAP5	CNTNAP5	PASSENGER	False	protein_coding	+	2105
chr2	124241199	124243441	CNTNAP5	CNTNAP5	PASSENGER	False	protein_coding	+	2242
chr2	124416442	124418590	CNTNAP5	CNTNAP5	PASSENGER	False	protein_coding	+	2148
chr2	124433483	124435687	CNTNAP5	CNTNAP5	PASSENGER	False	protein_coding	+	2204
chr2	124445752	124447937	CNTNAP5	CNTNAP5	PASSENGER	False	protein_coding	+	2185
chr2	124473738	124475882	CNTNAP5	CNTNAP5	PASSENGER	False	protein_coding	+	2144
chr2	124503291	124505556	CNTNAP5	CNTNAP5	PASSENGER	False	protein_coding	+	2265
chr2	124523302	124525452	CNTNAP5	CNTNAP5	PASSENGER	False	protein_coding	+	2150
chr2	124526284	124528456	CNTNAP5	CNTNAP5	PASSENGER	False	protein_coding	+	2172
chr2	124562216	124564323	CNTNAP5	CNTNAP5	PASSENGER	False	protein_coding	+	2107
chr2	124608800	124610920	CNTNAP5	CNTNAP5	PASSENGER	False	protein_coding	+	2120
chr2	124646757	124648958	CNTNAP5	CNTNAP5	PASSENGER	False	protein_coding	+	2201
chr2	124746228	124748385	CNTNAP5	CNTNAP5	PASSENGER	False	protein_coding	+	2157
chr2	124762671	124765147	CNTNAP5	CNTNAP5	PASSENGER	False	protein_coding	+	2476
chr2	124771798	124774017	CNTNAP5	CNTNAP5	PASSENGER	False	protein_coding	+	2219
chr2	124788901	124791141	CNTNAP5	CNTNAP5	PASSENGER	False	protein_coding	+	2240
chr2	124797095	124799320	CNTNAP5	CNTNAP5	PASSENGER	False	protein_coding	+	2225
chr2	124864305	124866436	CNTNAP5	CNTNAP5	PASSENGER	False	protein_coding	+	2131
chr2	124868674	124870762	CNTNAP5	CNTNAP5	PASSENGER	False	protein_coding	+	2088
chr2	124901881	124904100	CNTNAP5	CNTNAP5	PASSENGER	False	protein_coding	+	2219
chr2	124910466	124912538	CNTNAP5	CNTNAP5	PASSENGER	False	protein_coding	+	2072
chr2	124913091	124922219	CNTNAP5	CNTNAP5	PASSENGER	False	protein_coding	+	9128
chr2	140230422	140235884	LRP1B	LRP1B	PASSENGER	False	protein_coding	-	5462
chr2	140237151	140240532	LRP1B	LRP1B	PASSENGER	False	protein_coding	-	3381
chr2	140246085	140248162	LRP1B	LRP1B	PASSENGER	False	protein_coding	-	2077
chr2	140268267	140271346	LRP1B	LRP1B	PASSENGER	False	protein_coding	-	3079
chr2	140273423	140275598	LRP1B	LRP1B	PASSENGER	False	protein_coding	-	2175
chr2	140296807	140298969	LRP1B	LRP1B	PASSENGER	False	protein_coding	-	2162
chr2	140313934	140316099	LRP1B	LRP1B	PASSENGER	False	protein_coding	-	2165
chr2	140320962	140326878	LRP1B	LRP1B	PASSENGER	False	protein_coding	-	5916
chr2	140333452	140336838	LRP1B	LRP1B	PASSENGER	False	protein_coding	-	3386
chr2	140349796	140354072	LRP1B	LRP1B	PASSENGER	False	protein_coding	-	4276
chr2	140355341	140359946	LRP1B	LRP1B	PASSENGER	False	protein_coding	-	4605
chr2	140363660	140365783	LRP1B	LRP1B	PASSENGER	False	protein_coding	-	2123
chr2	140369709	140374137	LRP1B	LRP1B	PASSENGER	False	protein_coding	-	4428
chr2	140377179	140379286	LRP1B	LRP1B	PASSENGER	False	protein_coding	-	2107
chr2	140384892	140387009	LRP1B	LRP1B	PASSENGER	False	protein_coding	-	2117
chr2	140441503	140445679	LRP1B	LRP1B	PASSENGER	False	protein_coding	-	4176
chr2	140449567	140451661	LRP1B	LRP1B	PASSENGER	False	protein_coding	-	2094
chr2	140455454	140458651	LRP1B	LRP1B	PASSENGER	False	protein_coding	-	3197
chr2	140474137	140476337	LRP1B	LRP1B	PASSENGER	False	protein_coding	-	2200
chr2	140484342	140486524	LRP1B	LRP1B	PASSENGER	False	protein_coding	-	2182
chr2	140486616	140488739	LRP1B	LRP1B	PASSENGER	False	protein_coding	-	2123
chr2	140491607	140493693	LRP1B	LRP1B	PASSENGER	False	protein_coding	-	2086
chr2	140494564	140496748	LRP1B	LRP1B	PASSENGER	False	protein_coding	-	2184
chr2	140500686	140504103	LRP1B	LRP1B	PASSENGER	False	protein_coding	-	3417
chr2	140505795	140507918	LRP1B	LRP1B	PASSENGER	False	protein_coding	-	2123
chr2	140508927	140511056	LRP1B	LRP1B	PASSENGER	False	protein_coding	-	2129
chr2	140513652	140515772	LRP1B	LRP1B	PASSENGER	False	protein_coding	-	2120
chr2	140515888	140518011	LRP1B	LRP1B	PASSENGER	False	protein_coding	-	2123
chr2	140524843	140527350	LRP1B	LRP1B	PASSENGER	False	protein_coding	-	2507
chr2	140533020	140535140	LRP1B	LRP1B	PASSENGER	False	protein_coding	-	2120
chr2	140535580	140537709	LRP1B	LRP1B	PASSENGER	False	protein_coding	-	2129
chr2	140539972	140542971	LRP1B	LRP1B	PASSENGER	False	protein_coding	-	2999
chr2	140597630	140599835	LRP1B	LRP1B	PASSENGER	False	protein_coding	-	2205
chr2	140600449	140602639	LRP1B	LRP1B	PASSENGER	False	protein_coding	-	2190
chr2	140699249	140703553	LRP1B	LRP1B	PASSENGER	False	protein_coding	-	4304
chr2	140714972	140717816	LRP1B	LRP1B	PASSENGER	False	protein_coding	-	2844
chr2	140768212	140772006	LRP1B	LRP1B	PASSENGER	False	protein_coding	-	3794
chr2	140775097	140777238	LRP1B	LRP1B	PASSENGER	False	protein_coding	-	2141
chr2	140812656	140814806	LRP1B	LRP1B	PASSENGER	False	protein_coding	-	2150
chr2	140838990	140842092	LRP1B	LRP1B	PASSENGER	False	protein_coding	-	3102
chr2	140849101	140852783	LRP1B	LRP1B	PASSENGER	False	protein_coding	-	3682
chr2	140866589	140869263	LRP1B	LRP1B	PASSENGER	False	protein_coding	-	2674
chr2	140882816	140885021	LRP1B	LRP1B	PASSENGER	False	protein_coding	-	2205
chr2	140885137	140887335	LRP1B	LRP1B	PASSENGER	False	protein_coding	-	2198
chr2	140901919	140904165	LRP1B	LRP1B	PASSENGER	False	protein_coding	-	2246
chr2	140906876	140909077	LRP1B	LRP1B	PASSENGER	False	protein_coding	-	2201
chr2	140921964	140924147	LRP1B	LRP1B	PASSENGER	False	protein_coding	-	2183
chr2	140949234	140952940	LRP1B	LRP1B	PASSENGER	False	protein_coding	-	3706
chr2	140981159	140983276	LRP1B	LRP1B	PASSENGER	False	protein_coding	-	2117
chr2	140988531	140990657	LRP1B	LRP1B	PASSENGER	False	protein_coding	-	2126
chr2	140992994	140995135	LRP1B	LRP1B	PASSENGER	False	protein_coding	-	2141
chr2	141004334	141006457	LRP1B	LRP1B	PASSENGER	False	protein_coding	-	2123
chr2	141012555	141016915	LRP1B	LRP1B	PASSENGER	False	protein_coding	-	4360
chr2	141018921	141021102	LRP1B	LRP1B	PASSENGER	False	protein_coding	-	2181
chr2	141047985	141050222	LRP1B	LRP1B	PASSENGER	False	protein_coding	-	2237
chr2	141054115	141056259	LRP1B	LRP1B	PASSENGER	False	protein_coding	-	2144
chr2	141057882	141060054	LRP1B	LRP1B	PASSENGER	False	protein_coding	-	2172
chr2	141061050	141063273	LRP1B	LRP1B	PASSENGER	False	protein_coding	-	2223
chr2	141187420	141189583	LRP1B	LRP1B	PASSENGER	False	protein_coding	-	2163
chr2	141228182	141230440	LRP1B	LRP1B	PASSENGER	False	protein_coding	-	2258
chr2	141246225	141248354	LRP1B	LRP1B	PASSENGER	False	protein_coding	-	2129
chr2	141253521	141255641	LRP1B	LRP1B	PASSENGER	False	protein_coding	-	2120
chr2	141479395	141481533	LRP1B	LRP1B	PASSENGER	False	protein_coding	-	2138
chr2	141804363	141806754	LRP1B	LRP1B	PASSENGER	False	protein_coding	-	2391
chr2	141809278	141811401	LRP1B	LRP1B	PASSENGER	False	protein_coding	-	2123
chr2	142129647	142132016	LRP1B	LRP1B	PASSENGER	False	protein_coding	-	2369
chr2	151484335	151486933	NEB	NEB	DRIVER	False	protein_coding	-	2598
chr2	151488970	151495253	NEB	NEB	DRIVER	False	protein_coding	-	6283
chr2	151495275	151509109	NEB	NEB	DRIVER	False	protein_coding	-	13834
chr2	151511732	151520985	NEB	NEB	DRIVER	False	protein_coding	-	9253
chr2	151521736	151539244	NEB	NEB	DRIVER	False	protein_coding	-	17508
chr2	151539343	151542551	NEB	NEB	DRIVER	False	protein_coding	-	3208
chr2	151544887	151556044	NEB	NEB	DRIVER	False	protein_coding	-	11157
chr2	151559591	151571601	NEB	NEB	DRIVER	False	protein_coding	-	12010
chr2	151574694	151577354	NEB	NEB	DRIVER	False	protein_coding	-	2660
chr2	151578337	151588577	NEB	NEB	DRIVER	False	protein_coding	-	10240
chr2	151588888	151599130	NEB	NEB	DRIVER	False	protein_coding	-	10242
chr2	151599441	151622026	NEB	NEB	DRIVER	False	protein_coding	-	22585
chr2	151624533	151632346	NEB	NEB	DRIVER	False	protein_coding	-	7813
chr2	151632653	151634965	NEB	NEB	DRIVER	False	protein_coding	-	2312
chr2	151635226	151637334	NEB	NEB	DRIVER	False	protein_coding	-	2108
chr2	151638279	151647234	NEB	NEB	DRIVER	False	protein_coding	-	8955
chr2	151649175	151651885	NEB	NEB	DRIVER	False	protein_coding	-	2710
chr2	151652991	151660169	NEB	NEB	DRIVER	False	protein_coding	-	7178
chr2	151661134	151676391	NEB	NEB	DRIVER	False	protein_coding	-	15257
chr2	151676564	151683769	NEB	NEB	DRIVER	False	protein_coding	-	7205
chr2	151683777	151685975	NEB	NEB	DRIVER	False	protein_coding	-	2198
chr2	151686418	151698648	NEB	NEB	DRIVER	False	protein_coding	-	12230
chr2	151705880	151707997	NEB	NEB	DRIVER	False	protein_coding	-	2117
chr2	151708655	151711538	NEB	NEB	DRIVER	False	protein_coding	-	2883
chr2	151716415	151718520	NEB	NEB	DRIVER	False	protein_coding	-	2105
chr2	151722381	151726560	NEB	NEB	DRIVER	False	protein_coding	-	4179
chr2	151726690	151730656	NEB	NEB	DRIVER	False	protein_coding	-	3966
chr2	151732120	151735487	NEB	NEB	DRIVER	False	protein_coding	-	3367
chr2	158967639	158969782	TANC1	TANC1	DRIVER	False	protein_coding	+	2143
chr2	159000079	159002189	TANC1	TANC1	DRIVER	False	protein_coding	+	2110
chr2	159064895	159066971	TANC1	TANC1	DRIVER	False	protein_coding	+	2076
chr2	159096636	159098834	TANC1	TANC1	DRIVER	False	protein_coding	+	2198
chr2	159135193	159137298	TANC1	TANC1	DRIVER	False	protein_coding	+	2105
chr2	159146539	159151777	TANC1	TANC1	DRIVER	False	protein_coding	+	5238
chr2	159162282	159164546	TANC1	TANC1	DRIVER	False	protein_coding	+	2264
chr2	159168249	159173272	TANC1	TANC1	DRIVER	False	protein_coding	+	5023
chr2	159173952	159177518	TANC1	TANC1	DRIVER	False	protein_coding	+	3566
chr2	159177555	159180163	TANC1	TANC1	DRIVER	False	protein_coding	+	2608
chr2	159184790	159188024	TANC1	TANC1	DRIVER	False	protein_coding	+	3234
chr2	159193256	159195493	TANC1	TANC1	DRIVER	False	protein_coding	+	2237
chr2	159195607	159197793	TANC1	TANC1	DRIVER	False	protein_coding	+	2186
chr2	159197974	159200053	TANC1	TANC1	DRIVER	False	protein_coding	+	2079
chr2	159216496	159220867	TANC1	TANC1	DRIVER	False	protein_coding	+	4371
chr2	159223231	159233659	TANC1	TANC1	DRIVER	False	protein_coding	+	10428
chr2	159317978	159323027	BAZ2B	BAZ2B	DRIVER	False	protein_coding	-	5049
chr2	159323810	159326918	BAZ2B	BAZ2B	DRIVER	False	protein_coding	-	3108
chr2	159331539	159333996	BAZ2B	BAZ2B	DRIVER	False	protein_coding	-	2457
chr2	159335941	159338772	BAZ2B	BAZ2B	DRIVER	False	protein_coding	-	2831
chr2	159346485	159351357	BAZ2B	BAZ2B	DRIVER	False	protein_coding	-	4872
chr2	159372044	159375753	BAZ2B	BAZ2B	DRIVER	False	protein_coding	-	3709
chr2	159381558	159387607	BAZ2B	BAZ2B	DRIVER	False	protein_coding	-	6049
chr2	159388344	159390485	BAZ2B	BAZ2B	DRIVER	False	protein_coding	-	2141
chr2	159391118	159393207	BAZ2B	BAZ2B	DRIVER	False	protein_coding	-	2089
chr2	159394768	159401664	BAZ2B	BAZ2B	DRIVER	False	protein_coding	-	6896
chr2	159403371	159406114	BAZ2B	BAZ2B	DRIVER	False	protein_coding	-	2743
chr2	159411334	159413545	BAZ2B	BAZ2B	DRIVER	False	protein_coding	-	2211
chr2	159418779	159420867	BAZ2B	BAZ2B	DRIVER	False	protein_coding	-	2088
chr2	159426940	159440212	BAZ2B	BAZ2B	DRIVER	False	protein_coding	-	13272
chr2	159445781	159449409	BAZ2B	BAZ2B	DRIVER	False	protein_coding	-	3628
chr2	159452612	159454801	BAZ2B	BAZ2B	DRIVER	False	protein_coding	-	2189
chr2	159457323	159465762	BAZ2B	BAZ2B	DRIVER	False	protein_coding	-	8439
chr2	159477574	159479721	BAZ2B	BAZ2B	DRIVER	False	protein_coding	-	2147
chr2	159515278	159517659	BAZ2B	BAZ2B	DRIVER	False	protein_coding	-	2381
chr2	159554442	159556865	BAZ2B	BAZ2B	DRIVER	False	protein_coding	-	2423
chr2	159614393	159617569	BAZ2B	BAZ2B	DRIVER	False	protein_coding	-	3176
chr2	162370406	162374662	KCNH7	KCNH7	PASSENGER	True	protein_coding	-	4256
chr2	162378852	162381021	KCNH7	KCNH7	PASSENGER	True	protein_coding	-	2169
chr2	162383687	162385939	KCNH7	KCNH7	PASSENGER	True	protein_coding	-	2252
chr2	162393388	162395485	KCNH7	KCNH7	PASSENGER	True	protein_coding	-	2097
chr2	162395739	162397945	KCNH7	KCNH7	PASSENGER	True	protein_coding	-	2206
chr2	162399188	162401441	KCNH7	KCNH7	PASSENGER	True	protein_coding	-	2253
chr2	162422246	162424535	KCNH7	KCNH7	PASSENGER	True	protein_coding	-	2289
chr2	162434197	162436597	KCNH7	KCNH7	PASSENGER	True	protein_coding	-	2400
chr2	162445017	162447443	KCNH7	KCNH7	PASSENGER	True	protein_coding	-	2426
chr2	162500984	162503294	KCNH7	KCNH7	PASSENGER	True	protein_coding	-	2310
chr2	162503442	162505657	KCNH7	KCNH7	PASSENGER	True	protein_coding	-	2215
chr2	162511653	162513674	KCNH7	KCNH7	PASSENGER	True	protein_coding	-	2021
chr2	162516729	162519158	KCNH7	KCNH7	PASSENGER	True	protein_coding	-	2429
chr2	162526922	162529360	KCNH7	KCNH7	PASSENGER	True	protein_coding	-	2438
chr2	162535924	162538080	KCNH7	KCNH7	PASSENGER	True	protein_coding	-	2156
chr2	162835536	162839767	KCNH7	KCNH7	PASSENGER	True	protein_coding	-	4231
chr2	165086525	165098614	SCN3A	SCN3A	PASSENGER	False	protein_coding	-	12089
chr2	165099301	165101424	SCN3A	SCN3A	PASSENGER	False	protein_coding	-	2123
chr2	165111884	165116575	SCN3A	SCN3A	PASSENGER	False	protein_coding	-	4691
chr2	165118749	165123899	SCN3A	SCN3A	PASSENGER	False	protein_coding	-	5150
chr2	165126630	165132417	SCN3A	SCN3A	PASSENGER	False	protein_coding	-	5787
chr2	165136878	165141998	SCN3A	SCN3A	PASSENGER	False	protein_coding	-	5120
chr2	165145738	165148029	SCN3A	SCN3A	PASSENGER	False	protein_coding	-	2291
chr2	165153451	165156903	SCN3A	SCN3A	PASSENGER	False	protein_coding	-	3452
chr2	165161307	165165520	SCN3A	SCN3A	PASSENGER	False	protein_coding	-	4213
chr2	165167735	165171548	SCN3A	SCN3A	PASSENGER	False	protein_coding	-	3813
chr2	165175130	165177444	SCN3A	SCN3A	PASSENGER	False	protein_coding	-	2314
chr2	165178551	165180691	SCN3A	SCN3A	PASSENGER	False	protein_coding	-	2140
chr2	165185550	165187747	SCN3A	SCN3A	PASSENGER	False	protein_coding	-	2197
chr2	165193992	165196083	SCN2A	SCN2A	PASSENGER	False	protein_coding	+	2091
chr2	165202822	165205050	SCN3A	SCN3A	PASSENGER	False	protein_coding	-	2228
chr2	165207112	165209265	SCN2A	SCN2A	PASSENGER	False	protein_coding	+	2153
chr2	165238371	165242114	SCN2A	SCN2A	PASSENGER	False	protein_coding	+	3743
chr2	165242708	165246448	SCN2A	SCN2A	PASSENGER	False	protein_coding	+	3740
chr2	165265413	165275338	SCN2A	SCN2A	PASSENGER	False	protein_coding	+	9925
chr2	165289629	165291785	SCN2A	SCN2A	PASSENGER	False	protein_coding	+	2156
chr2	165293030	165298135	SCN2A	SCN2A	PASSENGER	False	protein_coding	+	5105
chr2	165306847	165316758	SCN2A	SCN2A	PASSENGER	False	protein_coding	+	9911
chr2	165319239	165321364	SCN2A	SCN2A	PASSENGER	False	protein_coding	+	2125
chr2	165322155	165324500	SCN2A	SCN2A	PASSENGER	False	protein_coding	+	2345
chr2	165325851	165329538	SCN2A	SCN2A	PASSENGER	False	protein_coding	+	3687
chr2	165330329	165332568	SCN2A	SCN2A	PASSENGER	False	protein_coding	+	2239
chr2	165341295	165343469	SCN2A	SCN2A	PASSENGER	False	protein_coding	+	2174
chr2	165343554	165345911	SCN2A	SCN2A	PASSENGER	False	protein_coding	+	2357
chr2	165348900	165351208	SCN2A	SCN2A	PASSENGER	False	protein_coding	+	2308
chr2	165353191	165355671	SCN2A	SCN2A	PASSENGER	False	protein_coding	+	2480
chr2	165356773	165358857	SCN2A	SCN2A	PASSENGER	False	protein_coding	+	2084
chr2	165364142	165368371	SCN2A	SCN2A	PASSENGER	False	protein_coding	+	4229
chr2	165369125	165375966	SCN2A	SCN2A	PASSENGER	False	protein_coding	+	6841
chr2	165376596	165378650	SCN2A	SCN2A	PASSENGER	False	protein_coding	+	2054
chr2	165379591	165382197	SCN2A	SCN2A	PASSENGER	False	protein_coding	+	2606
chr2	165385745	165393310	SCN2A	SCN2A	PASSENGER	False	protein_coding	+	7565
chr2	165983640	166001063	SCN1A	SCN1A	PASSENGER	False	protein_coding	-	17423
chr2	166001471	166003908	SCN1A	SCN1A	PASSENGER	False	protein_coding	-	2437
chr2	166006229	166008293	SCN1A	SCN1A	PASSENGER	False	protein_coding	-	2064
chr2	166008358	166010841	SCN1A	SCN1A	PASSENGER	False	protein_coding	-	2483
chr2	166011108	166016727	SCN1A	SCN1A	PASSENGER	False	protein_coding	-	5619
chr2	166032928	166049949	SCN1A	SCN1A	PASSENGER	False	protein_coding	-	17021
chr2	166050718	166057504	SCN1A	SCN1A	PASSENGER	False	protein_coding	-	6786
chr2	166057569	166061867	SCN1A	SCN1A	PASSENGER	False	protein_coding	-	4298
chr2	166070622	166074670	SCN1A	SCN1A	PASSENGER	False	protein_coding	-	4048
chr2	166076709	166078847	SCN1A	SCN1A	PASSENGER	False	protein_coding	-	2138
chr2	166125923	166129039	SCN1A	SCN1A	PASSENGER	False	protein_coding	-	3116
chr2	166148046	166150214	SCN1A	SCN1A	PASSENGER	False	protein_coding	-	2168
chr2	166151789	166156020	SCN1A	SCN1A	PASSENGER	False	protein_coding	-	4231
chr2	166181710	166183806	SCN1A	SCN1A	PASSENGER	False	protein_coding	-	2096
chr2	166402572	166407646	SCN7A	SCN7A	PASSENGER	False	protein_coding	-	5074
chr2	166408664	166411324	SCN7A	SCN7A	PASSENGER	False	protein_coding	-	2660
chr2	166411529	166414121	SCN7A	SCN7A	PASSENGER	False	protein_coding	-	2592
chr2	166415706	166417985	SCN7A	SCN7A	PASSENGER	False	protein_coding	-	2279
chr2	166420189	166424432	SCN7A	SCN7A	PASSENGER	False	protein_coding	-	4243
chr2	166426787	166430274	SCN7A	SCN7A	PASSENGER	False	protein_coding	-	3487
chr2	166431317	166433752	SCN7A	SCN7A	PASSENGER	False	protein_coding	-	2435
chr2	166435346	166437440	SCN7A	SCN7A	PASSENGER	False	protein_coding	-	2094
chr2	166439582	166446000	SCN7A	SCN7A	PASSENGER	False	protein_coding	-	6418
chr2	166446611	166448708	SCN7A	SCN7A	PASSENGER	False	protein_coding	-	2097
chr2	166455869	166458076	SCN7A	SCN7A	PASSENGER	False	protein_coding	-	2207
chr2	166460754	166463530	SCN7A	SCN7A	PASSENGER	False	protein_coding	-	2776
chr2	166464461	166466987	SCN7A	SCN7A	PASSENGER	False	protein_coding	-	2526
chr2	166469614	166475344	SCN7A	SCN7A	PASSENGER	False	protein_coding	-	5730
chr2	166476462	166478710	SCN7A	SCN7A	PASSENGER	False	protein_coding	-	2248
chr2	166485855	166487968	SCN7A	SCN7A	PASSENGER	False	protein_coding	-	2113
chr2	166492967	166495326	SCN7A	SCN7A	PASSENGER	False	protein_coding	-	2359
chr2	166568624	166571183	SCN7A	SCN7A	PASSENGER	False	protein_coding	-	2559
chr2	166572632	166574720	SCN7A	SCN7A	PASSENGER	False	protein_coding	-	2088
chr2	166610134	166612482	SCN7A	SCN7A	PASSENGER	False	protein_coding	-	2348
chr2	166887479	166889557	XIRP2	XIRP2	PASSENGER	True	protein_coding	+	2078
chr2	166890006	166892195	XIRP2	XIRP2	PASSENGER	True	protein_coding	+	2189
chr2	166902464	166904890	XIRP2	XIRP2	PASSENGER	True	protein_coding	+	2426
chr2	167134900	167137062	XIRP2	XIRP2	PASSENGER	True	protein_coding	+	2162
chr2	167183541	167185640	XIRP2	XIRP2	PASSENGER	True	protein_coding	+	2099
chr2	167186282	167188531	XIRP2	XIRP2	PASSENGER	True	protein_coding	+	2249
chr2	167209734	167211895	XIRP2	XIRP2	PASSENGER	True	protein_coding	+	2161
chr2	167217165	167219300	XIRP2	XIRP2	PASSENGER	True	protein_coding	+	2135
chr2	167238854	167255165	XIRP2	XIRP2	PASSENGER	True	protein_coding	+	16311
chr2	167256856	167260753	XIRP2	XIRP2	PASSENGER	True	protein_coding	+	3897
chr2	169126108	169130084	LRP2	LRP2	DRIVER	False	protein_coding	-	3976
chr2	169131573	169133681	LRP2	LRP2	DRIVER	False	protein_coding	-	2108
chr2	169136391	169141545	LRP2	LRP2	DRIVER	False	protein_coding	-	5154
chr2	169141673	169143793	LRP2	LRP2	DRIVER	False	protein_coding	-	2120
chr2	169144746	169147959	LRP2	LRP2	DRIVER	False	protein_coding	-	3213
chr2	169149897	169158502	LRP2	LRP2	DRIVER	False	protein_coding	-	8605
chr2	169161471	169163600	LRP2	LRP2	DRIVER	False	protein_coding	-	2129
chr2	169164931	169167054	LRP2	LRP2	DRIVER	False	protein_coding	-	2123
chr2	169167538	169179026	LRP2	LRP2	DRIVER	False	protein_coding	-	11488
chr2	169180447	169183450	LRP2	LRP2	DRIVER	False	protein_coding	-	3003
chr2	169184502	169189265	LRP2	LRP2	DRIVER	False	protein_coding	-	4763
chr2	169190831	169194892	LRP2	LRP2	DRIVER	False	protein_coding	-	4061
chr2	169195910	169199911	LRP2	LRP2	DRIVER	False	protein_coding	-	4001
chr2	169200627	169208250	LRP2	LRP2	DRIVER	False	protein_coding	-	7623
chr2	169208452	169210641	LRP2	LRP2	DRIVER	False	protein_coding	-	2189
chr2	169210967	169214870	LRP2	LRP2	DRIVER	False	protein_coding	-	3903
chr2	169215252	169217430	LRP2	LRP2	DRIVER	False	protein_coding	-	2178
chr2	169219453	169221563	LRP2	LRP2	DRIVER	False	protein_coding	-	2110
chr2	169224309	169227588	LRP2	LRP2	DRIVER	False	protein_coding	-	3279
chr2	169230713	169234588	LRP2	LRP2	DRIVER	False	protein_coding	-	3875
chr2	169234839	169248515	LRP2	LRP2	DRIVER	False	protein_coding	-	13676
chr2	169255105	169260217	LRP2	LRP2	DRIVER	False	protein_coding	-	5112
chr2	169269903	169276353	LRP2	LRP2	DRIVER	False	protein_coding	-	6450
chr2	169276744	169281519	LRP2	LRP2	DRIVER	False	protein_coding	-	4775
chr2	169281872	169284001	LRP2	LRP2	DRIVER	False	protein_coding	-	2129
chr2	169288025	169295710	LRP2	LRP2	DRIVER	False	protein_coding	-	7685
chr2	169306280	169308397	LRP2	LRP2	DRIVER	False	protein_coding	-	2117
chr2	169317761	169321884	LRP2	LRP2	DRIVER	False	protein_coding	-	4123
chr2	169361320	169363534	LRP2	LRP2	DRIVER	False	protein_coding	-	2214
chr2	178524988	178626396	TTN	TTN	DRIVER	True	protein_coding	-	101408
chr2	178628300	178638419	TTN	TTN	DRIVER	True	protein_coding	-	10119
chr2	178638698	178643317	TTN	TTN	DRIVER	True	protein_coding	-	4619
chr2	178643547	178655995	TTN	TTN	DRIVER	True	protein_coding	-	12448
chr2	178656497	178660255	TTN	TTN	DRIVER	True	protein_coding	-	3758
chr2	178660758	178686598	TTN	TTN	DRIVER	True	protein_coding	-	25840
chr2	178687110	178690896	TTN	TTN	DRIVER	True	protein_coding	-	3786
chr2	178691015	178699914	TTN	TTN	DRIVER	True	protein_coding	-	8899
chr2	178700119	178737074	TTN	TTN	DRIVER	True	protein_coding	-	36955
chr2	178737081	178742921	TTN	TTN	DRIVER	True	protein_coding	-	5840
chr2	178743404	178755009	TTN	TTN	DRIVER	True	protein_coding	-	11605
chr2	178755221	178760172	TTN	TTN	DRIVER	True	protein_coding	-	4951
chr2	178763176	178787141	TTN	TTN	DRIVER	True	protein_coding	-	23965
chr2	178788359	178796252	TTN	TTN	DRIVER	True	protein_coding	-	7893
chr2	178797494	178803341	TTN	TTN	DRIVER	True	protein_coding	-	5847
chr2	178803551	178805655	TTN	TTN	DRIVER	True	protein_coding	-	2104
chr2	178806211	178808521	TTN	TTN	DRIVER	True	protein_coding	-	2310
chr2	178816525	178818680	TTN	TTN	DRIVER	True	protein_coding	-	2155
chr2	178824312	178826495	TTN	TTN	DRIVER	True	protein_coding	-	2183
chr2	178829664	178831802	TTN	TTN	DRIVER	True	protein_coding	-	2138
chr2	184597528	184600070	ZNF804A	ZNF804A	PASSENGER	False	protein_coding	+	2542
chr2	184865368	184867512	ZNF804A	ZNF804A	PASSENGER	False	protein_coding	+	2144
chr2	184932602	184934733	ZNF804A	ZNF804A	PASSENGER	False	protein_coding	+	2131
chr2	184934782	184940492	ZNF804A	ZNF804A	PASSENGER	False	protein_coding	+	5710
chr2	206273662	206276991	ZDBF2	ZDBF2	DRIVER	False	protein_coding	+	3329
chr2	206278539	206282909	ZDBF2	ZDBF2	DRIVER	False	protein_coding	+	4370
chr2	206291010	206293116	ZDBF2	ZDBF2	DRIVER	False	protein_coding	+	2106
chr2	206296245	206298373	ZDBF2	ZDBF2	DRIVER	False	protein_coding	+	2128
chr2	206303716	206315427	ZDBF2	ZDBF2	DRIVER	False	protein_coding	+	11711
chr2	224764089	224766837	DOCK10	DOCK10	DRIVER	False	protein_coding	-	2748
chr2	224767871	224771645	DOCK10	DOCK10	DRIVER	False	protein_coding	-	3774
chr2	224772156	224776115	DOCK10	DOCK10	DRIVER	False	protein_coding	-	3959
chr2	224777137	224779284	DOCK10	DOCK10	DRIVER	False	protein_coding	-	2147
chr2	224783107	224785742	DOCK10	DOCK10	DRIVER	False	protein_coding	-	2635
chr2	224786021	224790170	DOCK10	DOCK10	DRIVER	False	protein_coding	-	4149
chr2	224791973	224798969	DOCK10	DOCK10	DRIVER	False	protein_coding	-	6996
chr2	224799150	224803040	DOCK10	DOCK10	DRIVER	False	protein_coding	-	3890
chr2	224803111	224809086	DOCK10	DOCK10	DRIVER	False	protein_coding	-	5975
chr2	224813319	224815364	DOCK10	DOCK10	DRIVER	False	protein_coding	-	2045
chr2	224815616	224817713	DOCK10	DOCK10	DRIVER	False	protein_coding	-	2097
chr2	224818445	224820529	DOCK10	DOCK10	DRIVER	False	protein_coding	-	2084
chr2	224822500	224824647	DOCK10	DOCK10	DRIVER	False	protein_coding	-	2147
chr2	224829540	224831612	DOCK10	DOCK10	DRIVER	False	protein_coding	-	2072
chr2	224833149	224835621	DOCK10	DOCK10	DRIVER	False	protein_coding	-	2472
chr2	224836310	224838831	DOCK10	DOCK10	DRIVER	False	protein_coding	-	2521
chr2	224838953	224842896	DOCK10	DOCK10	DRIVER	False	protein_coding	-	3943
chr2	224843752	224846642	DOCK10	DOCK10	DRIVER	False	protein_coding	-	2890
chr2	224848506	224850599	DOCK10	DOCK10	DRIVER	False	protein_coding	-	2093
chr2	224851376	224857982	DOCK10	DOCK10	DRIVER	False	protein_coding	-	6606
chr2	224859579	224866087	DOCK10	DOCK10	DRIVER	False	protein_coding	-	6508
chr2	224872995	224877221	DOCK10	DOCK10	DRIVER	False	protein_coding	-	4226
chr2	224884670	224887531	DOCK10	DOCK10	DRIVER	False	protein_coding	-	2861
chr2	224892341	224894652	DOCK10	DOCK10	DRIVER	False	protein_coding	-	2311
chr2	224895294	224897377	DOCK10	DOCK10	DRIVER	False	protein_coding	-	2083
chr2	224915694	224917784	DOCK10	DOCK10	DRIVER	False	protein_coding	-	2090
chr2	224930548	224932668	DOCK10	DOCK10	DRIVER	False	protein_coding	-	2120
chr2	224945846	224948065	DOCK10	DOCK10	DRIVER	False	protein_coding	-	2219
chr2	224981206	224984809	DOCK10	DOCK10	DRIVER	False	protein_coding	-	3603
chr2	225041251	225043468	DOCK10	DOCK10	DRIVER	False	protein_coding	-	2217
chr2	227001713	227009304	COL4A4	COL4A4	PASSENGER	False	protein_coding	-	7591
chr2	227009312	227013297	COL4A4	COL4A4	PASSENGER	False	protein_coding	-	3985
chr2	227021047	227023173	COL4A4	COL4A4	PASSENGER	False	protein_coding	-	2126
chr2	227024801	227026810	COL4A4	COL4A4	PASSENGER	False	protein_coding	-	2009
chr2	227026901	227029009	COL4A4	COL4A4	PASSENGER	False	protein_coding	-	2108
chr2	227029442	227034481	COL4A4	COL4A4	PASSENGER	False	protein_coding	-	5039
chr2	227041147	227044184	COL4A4	COL4A4	PASSENGER	False	protein_coding	-	3037
chr2	227046474	227048549	COL4A4	COL4A4	PASSENGER	False	protein_coding	-	2075
chr2	227049067	227053412	COL4A4	COL4A4	PASSENGER	False	protein_coding	-	4345
chr2	227053593	227061243	COL4A4	COL4A4	PASSENGER	False	protein_coding	-	7650
chr2	227061529	227063598	COL4A4	COL4A4	PASSENGER	False	protein_coding	-	2069
chr2	227076893	227079077	COL4A4	COL4A4	PASSENGER	False	protein_coding	-	2184
chr2	227079442	227083187	COL4A4	COL4A4	PASSENGER	False	protein_coding	-	3745
chr2	227087652	227090957	COL4A4	COL4A4	PASSENGER	False	protein_coding	-	3305
chr2	227093124	227095289	COL4A4	COL4A4	PASSENGER	False	protein_coding	-	2165
chr2	227097693	227105052	COL4A4	COL4A4	PASSENGER	False	protein_coding	-	7359
chr2	227106749	227110286	COL4A4	COL4A4	PASSENGER	False	protein_coding	-	3537
chr2	227110677	227115696	COL4A4	COL4A4	PASSENGER	False	protein_coding	-	5019
chr2	227117644	227122148	COL4A4	COL4A4	PASSENGER	False	protein_coding	-	4504
chr2	227139160	227141238	COL4A4	COL4A4	PASSENGER	False	protein_coding	-	2078
chr2	227143361	227145833	COL4A4	COL4A4	PASSENGER	False	protein_coding	-	2472
chr2	227146412	227148584	COL4A4	COL4A4	PASSENGER	False	protein_coding	-	2172
chr2	227163006	227165453	COL4A4	COL4A4	PASSENGER	False	protein_coding	-	2447
chr2	227978954	227982860	SPHKAP	SPHKAP	PASSENGER	False	protein_coding	-	3906
chr2	227989907	227992326	SPHKAP	SPHKAP	PASSENGER	False	protein_coding	-	2419
chr2	227992533	227996694	SPHKAP	SPHKAP	PASSENGER	False	protein_coding	-	4161
chr2	228015405	228022966	SPHKAP	SPHKAP	PASSENGER	False	protein_coding	-	7561
chr2	228024393	228028543	SPHKAP	SPHKAP	PASSENGER	False	protein_coding	-	4150
chr2	228107831	228109939	SPHKAP	SPHKAP	PASSENGER	False	protein_coding	-	2108
chr2	228130979	228133085	SPHKAP	SPHKAP	PASSENGER	False	protein_coding	-	2106
chr2	228180566	228182687	SPHKAP	SPHKAP	PASSENGER	False	protein_coding	-	2121
chr2	237323002	237331180	COL6A3	COL6A3	DRIVER	False	protein_coding	-	8178
chr2	237331967	237337532	COL6A3	COL6A3	DRIVER	False	protein_coding	-	5565
chr2	237337642	237370177	COL6A3	COL6A3	DRIVER	False	protein_coding	-	32535
chr2	237370616	237373337	COL6A3	COL6A3	DRIVER	False	protein_coding	-	2721
chr2	237373411	237382499	COL6A3	COL6A3	DRIVER	False	protein_coding	-	9088
chr2	237385453	237389184	COL6A3	COL6A3	DRIVER	False	protein_coding	-	3731
chr2	237393586	237397847	COL6A3	COL6A3	DRIVER	False	protein_coding	-	4261
chr2	237409765	237412642	COL6A3	COL6A3	DRIVER	False	protein_coding	-	2877
chr2	237412952	237415328	COL6A3	COL6A3	DRIVER	False	protein_coding	-	2376
chr3	19147509	19149795	KCNH8	KCNH8	PASSENGER	False	protein_coding	+	2286
chr3	19252653	19254887	KCNH8	KCNH8	PASSENGER	False	protein_coding	+	2234
chr3	19280197	19282329	KCNH8	KCNH8	PASSENGER	False	protein_coding	+	2132
chr3	19341586	19343714	KCNH8	KCNH8	PASSENGER	False	protein_coding	+	2128
chr3	19345651	19348965	KCNH8	KCNH8	PASSENGER	False	protein_coding	+	3314
chr3	19389480	19392765	KCNH8	KCNH8	PASSENGER	False	protein_coding	+	3285
chr3	19394103	19396311	KCNH8	KCNH8	PASSENGER	False	protein_coding	+	2208
chr3	19437163	19439361	KCNH8	KCNH8	PASSENGER	False	protein_coding	+	2198
chr3	19449105	19452404	KCNH8	KCNH8	PASSENGER	False	protein_coding	+	3299
chr3	19455767	19457982	KCNH8	KCNH8	PASSENGER	False	protein_coding	+	2215
chr3	19509362	19511401	KCNH8	KCNH8	PASSENGER	False	protein_coding	+	2039
chr3	19511969	19516428	KCNH8	KCNH8	PASSENGER	False	protein_coding	+	4459
chr3	19516997	19519074	KCNH8	KCNH8	PASSENGER	False	protein_coding	+	2077
chr3	19532394	19536642	KCNH8	KCNH8	PASSENGER	False	protein_coding	+	4248
chr3	38695801	38699562	SCN10A	SCN10A	PASSENGER	False	protein_coding	-	3761
chr3	38700838	38703109	SCN10A	SCN10A	PASSENGER	False	protein_coding	-	2271
chr3	38706278	38708383	SCN10A	SCN10A	PASSENGER	False	protein_coding	-	2105
chr3	38708477	38715080	SCN10A	SCN10A	PASSENGER	False	protein_coding	-	6603
chr3	38717652	38719826	SCN10A	SCN10A	PASSENGER	False	protein_coding	-	2174
chr3	38721257	38729901	SCN10A	SCN10A	PASSENGER	False	protein_coding	-	8644
chr3	38738514	38740688	SCN10A	SCN10A	PASSENGER	False	protein_coding	-	2174
chr3	38741290	38743529	SCN10A	SCN10A	PASSENGER	False	protein_coding	-	2239
chr3	38749072	38751184	SCN10A	SCN10A	PASSENGER	False	protein_coding	-	2112
chr3	38751218	38753512	SCN10A	SCN10A	PASSENGER	False	protein_coding	-	2294
chr3	38754787	38758159	SCN10A	SCN10A	PASSENGER	False	protein_coding	-	3372
chr3	38759680	38762383	SCN10A	SCN10A	PASSENGER	False	protein_coding	-	2703
chr3	38762504	38764596	SCN10A	SCN10A	PASSENGER	False	protein_coding	-	2092
chr3	38770278	38772407	SCN10A	SCN10A	PASSENGER	False	protein_coding	-	2129
chr3	38787955	38790036	SCN10A	SCN10A	PASSENGER	False	protein_coding	-	2081
chr3	38791049	38795042	SCN10A	SCN10A	PASSENGER	False	protein_coding	-	3993
chr3	38815036	38817286	SCN10A	SCN10A	PASSENGER	False	protein_coding	-	2250
chr3	49553476	49555826	BSN	BSN	DRIVER	False	protein_coding	+	2350
chr3	49623974	49626383	BSN	BSN	DRIVER	False	protein_coding	+	2409
chr3	49641267	49644152	BSN	BSN	DRIVER	False	protein_coding	+	2885
chr3	49649611	49659196	BSN	BSN	DRIVER	False	protein_coding	+	9585
chr3	49659485	49666318	BSN	BSN	DRIVER	False	protein_coding	+	6833
chr3	49666589	49672549	BSN	BSN	DRIVER	False	protein_coding	+	5960
chr3	52315318	52318903	DNAH1	DNAH1	DRIVER	False	protein_coding	+	3585
chr3	52320647	52324880	DNAH1	DNAH1	DRIVER	False	protein_coding	+	4233
chr3	52325139	52329014	DNAH1	DNAH1	DRIVER	False	protein_coding	+	3875
chr3	52330147	52333394	DNAH1	DNAH1	DRIVER	False	protein_coding	+	3247
chr3	52343489	52374053	DNAH1	DNAH1	DRIVER	False	protein_coding	+	30564
chr3	52374239	52376993	DNAH1	DNAH1	DRIVER	False	protein_coding	+	2754
chr3	52377601	52401492	DNAH1	DNAH1	DRIVER	False	protein_coding	+	23891
chr3	98129720	98139548	OR5H1	OR5H1	PASSENGER	False	protein_coding	+	9828
chr3	108379367	108382559	MYH15	MYH15	PASSENGER	False	protein_coding	-	3192
chr3	108382594	108385782	MYH15	MYH15	PASSENGER	False	protein_coding	-	3188
chr3	108387969	108390074	MYH15	MYH15	PASSENGER	False	protein_coding	-	2105
chr3	108390759	108392930	MYH15	MYH15	PASSENGER	False	protein_coding	-	2171
chr3	108393030	108395156	MYH15	MYH15	PASSENGER	False	protein_coding	-	2126
chr3	108397636	108400267	MYH15	MYH15	PASSENGER	False	protein_coding	-	2631
chr3	108403918	108406453	MYH15	MYH15	PASSENGER	False	protein_coding	-	2535
chr3	108407279	108409404	MYH15	MYH15	PASSENGER	False	protein_coding	-	2125
chr3	108409582	108411932	MYH15	MYH15	PASSENGER	False	protein_coding	-	2350
chr3	108413231	108415428	MYH15	MYH15	PASSENGER	False	protein_coding	-	2197
chr3	108415811	108417930	MYH15	MYH15	PASSENGER	False	protein_coding	-	2119
chr3	108420087	108422214	MYH15	MYH15	PASSENGER	False	protein_coding	-	2127
chr3	108427491	108431922	MYH15	MYH15	PASSENGER	False	protein_coding	-	4431
chr3	108436553	108438699	MYH15	MYH15	PASSENGER	False	protein_coding	-	2146
chr3	108438736	108442260	MYH15	MYH15	PASSENGER	False	protein_coding	-	3524
chr3	108443639	108445895	MYH15	MYH15	PASSENGER	False	protein_coding	-	2256
chr3	108453005	108457883	MYH15	MYH15	PASSENGER	False	protein_coding	-	4878
chr3	108458361	108465814	MYH15	MYH15	PASSENGER	False	protein_coding	-	7453
chr3	108469041	108471847	MYH15	MYH15	PASSENGER	False	protein_coding	-	2806
chr3	108475396	108477515	MYH15	MYH15	PASSENGER	False	protein_coding	-	2119
chr3	108484090	108488191	MYH15	MYH15	PASSENGER	False	protein_coding	-	4101
chr3	108491499	108494177	MYH15	MYH15	PASSENGER	False	protein_coding	-	2678
chr3	108494779	108496872	MYH15	MYH15	PASSENGER	False	protein_coding	-	2093
chr3	108497051	108502855	MYH15	MYH15	PASSENGER	False	protein_coding	-	5804
chr3	108504722	108506829	MYH15	MYH15	PASSENGER	False	protein_coding	-	2107
chr3	108509442	108511596	MYH15	MYH15	PASSENGER	False	protein_coding	-	2154
chr3	108528262	108530322	MYH15	MYH15	PASSENGER	False	protein_coding	-	2060
chr3	108957247	108960120	MORC1	MORC1	PASSENGER	False	protein_coding	-	2873
chr3	108962413	108964608	MORC1	MORC1	PASSENGER	False	protein_coding	-	2195
chr3	108968668	108972402	MORC1	MORC1	PASSENGER	False	protein_coding	-	3734
chr3	108978514	108980667	MORC1	MORC1	PASSENGER	False	protein_coding	-	2153
chr3	108983715	108985782	MORC1	MORC1	PASSENGER	False	protein_coding	-	2067
chr3	108985879	108987949	MORC1	MORC1	PASSENGER	False	protein_coding	-	2070
chr3	108999556	109001658	MORC1	MORC1	PASSENGER	False	protein_coding	-	2102
chr3	109003816	109008091	MORC1	MORC1	PASSENGER	False	protein_coding	-	4275
chr3	109026750	109028889	MORC1	MORC1	PASSENGER	False	protein_coding	-	2139
chr3	109031719	109033825	MORC1	MORC1	PASSENGER	False	protein_coding	-	2106
chr3	109034339	109036468	MORC1	MORC1	PASSENGER	False	protein_coding	-	2129
chr3	109053727	109055882	MORC1	MORC1	PASSENGER	False	protein_coding	-	2155
chr3	109056342	109058486	MORC1	MORC1	PASSENGER	False	protein_coding	-	2144
chr3	109058805	109060870	MORC1	MORC1	PASSENGER	False	protein_coding	-	2065
chr3	109060987	109064231	MORC1	MORC1	PASSENGER	False	protein_coding	-	3244
chr3	109068631	109070757	MORC1	MORC1	PASSENGER	False	protein_coding	-	2126
chr3	109092435	109096068	MORC1	MORC1	PASSENGER	False	protein_coding	-	3633
chr3	109098357	109101507	MORC1	MORC1	PASSENGER	False	protein_coding	-	3150
chr3	109102848	109104917	MORC1	MORC1	PASSENGER	False	protein_coding	-	2069
chr3	109109748	109111783	MORC1	MORC1	PASSENGER	False	protein_coding	-	2035
chr3	109113383	109115437	MORC1	MORC1	PASSENGER	False	protein_coding	-	2054
chr3	109116994	109119134	MORC1	MORC1	PASSENGER	False	protein_coding	-	2140
chr3	121662198	121678450	GOLGB1	GOLGB1	DRIVER	False	protein_coding	-	16252
chr3	121679570	121684313	GOLGB1	GOLGB1	DRIVER	False	protein_coding	-	4743
chr3	121689423	121704013	GOLGB1	GOLGB1	DRIVER	False	protein_coding	-	14590
chr3	121711200	121723378	GOLGB1	GOLGB1	DRIVER	False	protein_coding	-	12178
chr3	121725912	121731973	GOLGB1	GOLGB1	DRIVER	False	protein_coding	-	6061
chr3	121748009	121750966	GOLGB1	GOLGB1	DRIVER	False	protein_coding	-	2957
chr3	122182667	122185529	CASR	CASR	PASSENGER	True	protein_coding	+	2862
chr3	122244377	122248757	CASR	CASR	PASSENGER	True	protein_coding	+	4380
chr3	122252947	122255374	CASR	CASR	PASSENGER	True	protein_coding	+	2427
chr3	122256080	122258638	CASR	CASR	PASSENGER	True	protein_coding	+	2558
chr3	122260527	122263412	CASR	CASR	PASSENGER	True	protein_coding	+	2885
chr3	122274811	122277042	CASR	CASR	PASSENGER	True	protein_coding	+	2231
chr3	122281082	122292629	CASR	CASR	PASSENGER	True	protein_coding	+	11547
chr3	130516176	130518397	COL6A6	COL6A6	PASSENGER	False	protein_coding	+	2221
chr3	130559333	130561428	COL6A6	COL6A6	PASSENGER	False	protein_coding	+	2095
chr3	130562067	130569604	COL6A6	COL6A6	PASSENGER	False	protein_coding	+	7537
chr3	130569817	130572393	COL6A6	COL6A6	PASSENGER	False	protein_coding	+	2576
chr3	130572955	130575525	COL6A6	COL6A6	PASSENGER	False	protein_coding	+	2570
chr3	130580560	130583068	COL6A6	COL6A6	PASSENGER	False	protein_coding	+	2508
chr3	130585505	130587660	COL6A6	COL6A6	PASSENGER	False	protein_coding	+	2155
chr3	130588089	130595419	COL6A6	COL6A6	PASSENGER	False	protein_coding	+	7330
chr3	130597364	130600810	COL6A6	COL6A6	PASSENGER	False	protein_coding	+	3446
chr3	130605930	130611711	COL6A6	COL6A6	PASSENGER	False	protein_coding	+	5781
chr3	130620820	130622883	COL6A6	COL6A6	PASSENGER	False	protein_coding	+	2063
chr3	130625484	130628369	COL6A6	COL6A6	PASSENGER	False	protein_coding	+	2885
chr3	130633589	130636761	COL6A6	COL6A6	PASSENGER	False	protein_coding	+	3172
chr3	130640651	130646002	COL6A6	COL6A6	PASSENGER	False	protein_coding	+	5351
chr3	130648068	130650562	COL6A6	COL6A6	PASSENGER	False	protein_coding	+	2494
chr3	130657675	130659772	COL6A6	COL6A6	PASSENGER	False	protein_coding	+	2097
chr3	130660636	130663308	COL6A6	COL6A6	PASSENGER	False	protein_coding	+	2672
chr3	130664002	130666096	COL6A6	COL6A6	PASSENGER	False	protein_coding	+	2094
chr3	130674201	130678044	COL6A6	COL6A6	PASSENGER	False	protein_coding	+	3843
chr3	140677063	140679570	TRIM42	TRIM42	PASSENGER	False	protein_coding	+	2507
chr3	140681461	140684159	TRIM42	TRIM42	PASSENGER	False	protein_coding	+	2698
chr3	140686721	140689542	TRIM42	TRIM42	PASSENGER	False	protein_coding	+	2821
chr3	140689967	140692192	TRIM42	TRIM42	PASSENGER	False	protein_coding	+	2225
chr3	140699887	140702150	TRIM42	TRIM42	PASSENGER	False	protein_coding	+	2263
chr3	151084285	151088025	MED12L	MED12L	PASSENGER	False	protein_coding	+	3740
chr3	151115337	151117442	MED12L	MED12L	PASSENGER	False	protein_coding	+	2105
chr3	151121782	151123974	MED12L	MED12L	PASSENGER	False	protein_coding	+	2192
chr3	151126824	151128984	MED12L	MED12L	PASSENGER	False	protein_coding	+	2160
chr3	151155160	151157330	MED12L	MED12L	PASSENGER	False	protein_coding	+	2170
chr3	151157688	151161101	MED12L	MED12L	PASSENGER	False	protein_coding	+	3413
chr3	151162892	151166982	MED12L	MED12L	PASSENGER	False	protein_coding	+	4090
chr3	151184329	151186461	MED12L	MED12L	PASSENGER	False	protein_coding	+	2132
chr3	151187353	151189480	MED12L	MED12L	PASSENGER	False	protein_coding	+	2127
chr3	151189716	151194745	MED12L	MED12L	PASSENGER	False	protein_coding	+	5029
chr3	151240795	151242868	MED12L	MED12L	PASSENGER	False	protein_coding	+	2073
chr3	151315419	151317746	MED12L	MED12L	PASSENGER	False	protein_coding	+	2327
chr3	151335506	151338062	MED12L	MED12L	PASSENGER	False	protein_coding	+	2556
chr3	151349058	151351206	MED12L	MED12L	PASSENGER	False	protein_coding	+	2148
chr3	151354120	151359420	MED12L	MED12L	PASSENGER	False	protein_coding	+	5300
chr3	151359473	151361605	MED12L	MED12L	PASSENGER	False	protein_coding	+	2132
chr3	151363978	151370549	MED12L	MED12L	PASSENGER	False	protein_coding	+	6571
chr3	151371566	151373766	MED12L	MED12L	PASSENGER	False	protein_coding	+	2200
chr3	151375025	151381224	MED12L	MED12L	PASSENGER	False	protein_coding	+	6199
chr3	151381655	151386191	MED12L	MED12L	PASSENGER	False	protein_coding	+	4536
chr3	151386809	151391135	MED12L	MED12L	PASSENGER	False	protein_coding	+	4326
chr3	151393655	151395867	MED12L	MED12L	PASSENGER	False	protein_coding	+	2212
chr3	151408242	151414295	MED12L	MED12L	PASSENGER	False	protein_coding	+	6053
chr3	151415311	151417422	MED12L	MED12L	PASSENGER	False	protein_coding	+	2111
chr3	151429298	151431380	MED12L	MED12L	PASSENGER	False	protein_coding	+	2082
chr3	151431751	151438072	MED12L	MED12L	PASSENGER	False	protein_coding	+	6321
chr3	154333942	154339271	GPR149	GPR149	PASSENGER	False	protein_coding	-	5329
chr3	154420038	154422487	GPR149	GPR149	PASSENGER	False	protein_coding	-	2449
chr3	154426515	154431190	GPR149	GPR149	PASSENGER	False	protein_coding	-	4675
chr3	155374579	155376789	PLCH1	PLCH1	DRIVER	False	protein_coding	-	2210
chr3	155478880	155495517	PLCH1	PLCH1	DRIVER	False	protein_coding	-	16637
chr3	155496319	155498417	PLCH1	PLCH1	DRIVER	False	protein_coding	-	2098
chr3	155499702	155501794	PLCH1	PLCH1	DRIVER	False	protein_coding	-	2092
chr3	155503554	155505626	PLCH1	PLCH1	DRIVER	False	protein_coding	-	2072
chr3	155513722	155515884	PLCH1	PLCH1	DRIVER	False	protein_coding	-	2162
chr3	155522896	155525004	PLCH1	PLCH1	DRIVER	False	protein_coding	-	2108
chr3	155548786	155550958	PLCH1	PLCH1	DRIVER	False	protein_coding	-	2172
chr3	155553075	155555196	PLCH1	PLCH1	DRIVER	False	protein_coding	-	2121
chr3	155563914	155566118	PLCH1	PLCH1	DRIVER	False	protein_coding	-	2204
chr3	155567230	155569324	PLCH1	PLCH1	DRIVER	False	protein_coding	-	2094
chr3	155582471	155584642	PLCH1	PLCH1	DRIVER	False	protein_coding	-	2171
chr3	155585064	155587194	PLCH1	PLCH1	DRIVER	False	protein_coding	-	2130
chr3	155592940	155595184	PLCH1	PLCH1	DRIVER	False	protein_coding	-	2244
chr3	155595231	155597378	PLCH1	PLCH1	DRIVER	False	protein_coding	-	2147
chr3	155674996	155677416	PLCH1	PLCH1	DRIVER	False	protein_coding	-	2420
chr3	155703145	155705264	PLCH1	PLCH1	DRIVER	False	protein_coding	-	2119
chr3	155743839	155746071	PLCH1	PLCH1	DRIVER	False	protein_coding	-	2232
chr3	164977897	164980430	SI	SI	PASSENGER	True	protein_coding	-	2533
chr3	164981242	164984051	SI	SI	PASSENGER	True	protein_coding	-	2809
chr3	164986137	164988226	SI	SI	PASSENGER	True	protein_coding	-	2089
chr3	164990352	164995405	SI	SI	PASSENGER	True	protein_coding	-	5053
chr3	164995534	164999673	SI	SI	PASSENGER	True	protein_coding	-	4139
chr3	165005815	165010395	SI	SI	PASSENGER	True	protein_coding	-	4580
chr3	165011979	165014042	SI	SI	PASSENGER	True	protein_coding	-	2063
chr3	165014122	165022383	SI	SI	PASSENGER	True	protein_coding	-	8261
chr3	165022569	165024776	SI	SI	PASSENGER	True	protein_coding	-	2207
chr3	165029711	165034444	SI	SI	PASSENGER	True	protein_coding	-	4733
chr3	165035388	165044175	SI	SI	PASSENGER	True	protein_coding	-	8787
chr3	165045840	165048012	SI	SI	PASSENGER	True	protein_coding	-	2172
chr3	165048126	165050875	SI	SI	PASSENGER	True	protein_coding	-	2749
chr3	165054193	165056307	SI	SI	PASSENGER	True	protein_coding	-	2114
chr3	165057962	165061027	SI	SI	PASSENGER	True	protein_coding	-	3065
chr3	165061370	165070195	SI	SI	PASSENGER	True	protein_coding	-	8825
chr3	165073424	165077014	SI	SI	PASSENGER	True	protein_coding	-	3590
chr3	165077432	165079496	SI	SI	PASSENGER	True	protein_coding	-	2064
chr3	165185719	165191851	SLITRK3	SLITRK3	PASSENGER	False	protein_coding	-	6132
chr3	165194579	165198109	SLITRK3	SLITRK3	PASSENGER	False	protein_coding	-	3530
chr3	171057413	171065042	TNIK	TNIK	DRIVER	False	protein_coding	-	7629
chr3	171065186	171067735	TNIK	TNIK	DRIVER	False	protein_coding	-	2549
chr3	171067847	171069997	TNIK	TNIK	DRIVER	False	protein_coding	-	2150
chr3	171070222	171072406	TNIK	TNIK	DRIVER	False	protein_coding	-	2184
chr3	171078517	171080652	TNIK	TNIK	DRIVER	False	protein_coding	-	2135
chr3	171081250	171086229	TNIK	TNIK	DRIVER	False	protein_coding	-	4979
chr3	171086341	171088506	TNIK	TNIK	DRIVER	False	protein_coding	-	2165
chr3	171092838	171094968	TNIK	TNIK	DRIVER	False	protein_coding	-	2130
chr3	171100448	171103072	TNIK	TNIK	DRIVER	False	protein_coding	-	2624
chr3	171106182	171109162	TNIK	TNIK	DRIVER	False	protein_coding	-	2980
chr3	171109713	171111877	TNIK	TNIK	DRIVER	False	protein_coding	-	2164
chr3	171122595	171124702	TNIK	TNIK	DRIVER	False	protein_coding	-	2107
chr3	171124911	171127151	TNIK	TNIK	DRIVER	False	protein_coding	-	2240
chr3	171127713	171129878	TNIK	TNIK	DRIVER	False	protein_coding	-	2165
chr3	171137190	171141509	TNIK	TNIK	DRIVER	False	protein_coding	-	4319
chr3	171156459	171158664	TNIK	TNIK	DRIVER	False	protein_coding	-	2205
chr3	171160269	171162336	TNIK	TNIK	DRIVER	False	protein_coding	-	2067
chr3	171166094	171168270	TNIK	TNIK	DRIVER	False	protein_coding	-	2176
chr3	171174251	171178380	TNIK	TNIK	DRIVER	False	protein_coding	-	4129
chr3	171187701	171191787	TNIK	TNIK	DRIVER	False	protein_coding	-	4086
chr3	171193524	171195635	TNIK	TNIK	DRIVER	False	protein_coding	-	2111
chr3	171210115	171212241	TNIK	TNIK	DRIVER	False	protein_coding	-	2126
chr3	171224533	171226711	TNIK	TNIK	DRIVER	False	protein_coding	-	2178
chr3	171227164	171229221	TNIK	TNIK	DRIVER	False	protein_coding	-	2057
chr3	171345933	171348218	TNIK	TNIK	DRIVER	False	protein_coding	-	2285
chr3	171368619	171370685	TNIK	TNIK	DRIVER	False	protein_coding	-	2066
chr3	171459006	171461408	TNIK	TNIK	DRIVER	False	protein_coding	-	2402
chr3	179147113	179150716	PIK3CA	PIK3CA	DRIVER	False	protein_coding	+	3603
chr3	179195018	179205588	PIK3CA	PIK3CA	DRIVER	False	protein_coding	+	10570
chr3	179208594	179211565	PIK3CA	PIK3CA	DRIVER	False	protein_coding	+	2971
chr3	179217208	179222157	PIK3CA	PIK3CA	DRIVER	False	protein_coding	+	4949
chr3	179223080	179231376	PIK3CA	PIK3CA	DRIVER	False	protein_coding	+	8296
chr3	179232288	179241093	PIK3CA	PIK3CA	DRIVER	False	protein_coding	+	8805
chr4	65318562	65325219	EPHA5	EPHA5	PASSENGER	False	protein_coding	-	6657
chr4	65329560	65333128	EPHA5	EPHA5	PASSENGER	False	protein_coding	-	3568
chr4	65334931	65337125	EPHA5	EPHA5	PASSENGER	False	protein_coding	-	2194
chr4	65347053	65349203	EPHA5	EPHA5	PASSENGER	False	protein_coding	-	2150
chr4	65350388	65354103	EPHA5	EPHA5	PASSENGER	False	protein_coding	-	3715
chr4	65364016	65368424	EPHA5	EPHA5	PASSENGER	False	protein_coding	-	4408
chr4	65375997	65378063	EPHA5	EPHA5	PASSENGER	False	protein_coding	-	2066
chr4	65403373	65405479	EPHA5	EPHA5	PASSENGER	False	protein_coding	-	2106
chr4	65413283	65415443	EPHA5	EPHA5	PASSENGER	False	protein_coding	-	2160
chr4	65419440	65421565	EPHA5	EPHA5	PASSENGER	False	protein_coding	-	2125
chr4	65489376	65491712	EPHA5	EPHA5	PASSENGER	False	protein_coding	-	2336
chr4	65494387	65496543	EPHA5	EPHA5	PASSENGER	False	protein_coding	-	2156
chr4	65600640	65603304	EPHA5	EPHA5	PASSENGER	False	protein_coding	-	2664
chr4	65642362	65644427	EPHA5	EPHA5	PASSENGER	False	protein_coding	-	2065
chr4	65668561	65671495	EPHA5	EPHA5	PASSENGER	False	protein_coding	-	2934
chr4	70627743	70630554	ENAM	ENAM	PASSENGER	False	protein_coding	+	2811
chr4	70630669	70638843	ENAM	ENAM	PASSENGER	False	protein_coding	+	8174
chr4	70641014	70647824	ENAM	ENAM	PASSENGER	False	protein_coding	+	6810
chr4	78056322	78059085	FRAS1	FRAS1	DRIVER	True	protein_coding	+	2763
chr4	78064984	78067016	FRAS1	FRAS1	DRIVER	True	protein_coding	+	2032
chr4	78067552	78073107	FRAS1	FRAS1	DRIVER	True	protein_coding	+	5555
chr4	78236509	78238617	FRAS1	FRAS1	DRIVER	True	protein_coding	+	2108
chr4	78244232	78246325	FRAS1	FRAS1	DRIVER	True	protein_coding	+	2093
chr4	78251391	78253551	FRAS1	FRAS1	DRIVER	True	protein_coding	+	2160
chr4	78254241	78256375	FRAS1	FRAS1	DRIVER	True	protein_coding	+	2134
chr4	78264024	78268432	FRAS1	FRAS1	DRIVER	True	protein_coding	+	4408
chr4	78277654	78279744	FRAS1	FRAS1	DRIVER	True	protein_coding	+	2090
chr4	78280397	78287539	FRAS1	FRAS1	DRIVER	True	protein_coding	+	7142
chr4	78307065	78309209	FRAS1	FRAS1	DRIVER	True	protein_coding	+	2144
chr4	78314593	78320653	FRAS1	FRAS1	DRIVER	True	protein_coding	+	6060
chr4	78332271	78334412	FRAS1	FRAS1	DRIVER	True	protein_coding	+	2141
chr4	78336673	78339037	FRAS1	FRAS1	DRIVER	True	protein_coding	+	2364
chr4	78362512	78365054	FRAS1	FRAS1	DRIVER	True	protein_coding	+	2542
chr4	78368837	78370984	FRAS1	FRAS1	DRIVER	True	protein_coding	+	2147
chr4	78371717	78376879	FRAS1	FRAS1	DRIVER	True	protein_coding	+	5162
chr4	78378725	78380996	FRAS1	FRAS1	DRIVER	True	protein_coding	+	2271
chr4	78383058	78385143	FRAS1	FRAS1	DRIVER	True	protein_coding	+	2085
chr4	78386374	78388701	FRAS1	FRAS1	DRIVER	True	protein_coding	+	2327
chr4	78399733	78401887	FRAS1	FRAS1	DRIVER	True	protein_coding	+	2154
chr4	78406662	78408841	FRAS1	FRAS1	DRIVER	True	protein_coding	+	2179
chr4	78411968	78414085	FRAS1	FRAS1	DRIVER	True	protein_coding	+	2117
chr4	78417948	78420063	FRAS1	FRAS1	DRIVER	True	protein_coding	+	2115
chr4	78420862	78423000	FRAS1	FRAS1	DRIVER	True	protein_coding	+	2138
chr4	78423387	78425420	FRAS1	FRAS1	DRIVER	True	protein_coding	+	2033
chr4	78428094	78433604	FRAS1	FRAS1	DRIVER	True	protein_coding	+	5510
chr4	78437569	78440064	FRAS1	FRAS1	DRIVER	True	protein_coding	+	2495
chr4	78440161	78442297	FRAS1	FRAS1	DRIVER	True	protein_coding	+	2136
chr4	78444521	78453354	FRAS1	FRAS1	DRIVER	True	protein_coding	+	8833
chr4	78463020	78467435	FRAS1	FRAS1	DRIVER	True	protein_coding	+	4415
chr4	78468977	78471091	FRAS1	FRAS1	DRIVER	True	protein_coding	+	2114
chr4	78471179	78476606	FRAS1	FRAS1	DRIVER	True	protein_coding	+	5427
chr4	78476814	78480718	FRAS1	FRAS1	DRIVER	True	protein_coding	+	3904
chr4	78480803	78483535	FRAS1	FRAS1	DRIVER	True	protein_coding	+	2732
chr4	78487874	78490080	FRAS1	FRAS1	DRIVER	True	protein_coding	+	2206
chr4	78495804	78497961	FRAS1	FRAS1	DRIVER	True	protein_coding	+	2157
chr4	78498720	78500921	FRAS1	FRAS1	DRIVER	True	protein_coding	+	2201
chr4	78506420	78510006	FRAS1	FRAS1	DRIVER	True	protein_coding	+	3586
chr4	78510273	78514552	FRAS1	FRAS1	DRIVER	True	protein_coding	+	4279
chr4	78514798	78517013	FRAS1	FRAS1	DRIVER	True	protein_coding	+	2215
chr4	78518330	78520481	FRAS1	FRAS1	DRIVER	True	protein_coding	+	2151
chr4	78520522	78523808	FRAS1	FRAS1	DRIVER	True	protein_coding	+	3286
chr4	78525540	78527657	FRAS1	FRAS1	DRIVER	True	protein_coding	+	2117
chr4	78533448	78535615	FRAS1	FRAS1	DRIVER	True	protein_coding	+	2167
chr4	78535994	78538200	FRAS1	FRAS1	DRIVER	True	protein_coding	+	2206
chr4	78538293	78545269	FRAS1	FRAS1	DRIVER	True	protein_coding	+	6976
chr4	87607528	87609620	DSPP	DSPP	PASSENGER	False	protein_coding	+	2092
chr4	87609880	87617873	DSPP	DSPP	PASSENGER	False	protein_coding	+	7993
chr4	92302965	92305744	GRID2	GRID2	PASSENGER	False	protein_coding	+	2779
chr4	92589130	92591286	GRID2	GRID2	PASSENGER	False	protein_coding	+	2156
chr4	92821948	92824022	GRID2	GRID2	PASSENGER	False	protein_coding	+	2074
chr4	93083985	93086279	GRID2	GRID2	PASSENGER	False	protein_coding	+	2294
chr4	93109747	93113247	GRID2	GRID2	PASSENGER	False	protein_coding	+	3500
chr4	93163733	93167161	GRID2	GRID2	PASSENGER	False	protein_coding	+	3428
chr4	93202948	93205086	GRID2	GRID2	PASSENGER	False	protein_coding	+	2138
chr4	93206403	93208457	GRID2	GRID2	PASSENGER	False	protein_coding	+	2054
chr4	93215737	93218267	GRID2	GRID2	PASSENGER	False	protein_coding	+	2530
chr4	93223613	93225775	GRID2	GRID2	PASSENGER	False	protein_coding	+	2162
chr4	93237370	93239490	GRID2	GRID2	PASSENGER	False	protein_coding	+	2120
chr4	93257895	93259943	GRID2	GRID2	PASSENGER	False	protein_coding	+	2048
chr4	93301582	93303645	GRID2	GRID2	PASSENGER	False	protein_coding	+	2063
chr4	93305110	93307322	GRID2	GRID2	PASSENGER	False	protein_coding	+	2212
chr4	93394606	93396708	GRID2	GRID2	PASSENGER	False	protein_coding	+	2102
chr4	93421770	93423968	GRID2	GRID2	PASSENGER	False	protein_coding	+	2198
chr4	93454661	93456974	GRID2	GRID2	PASSENGER	False	protein_coding	+	2313
chr4	93489638	93491777	GRID2	GRID2	PASSENGER	False	protein_coding	+	2139
chr4	93514215	93516411	GRID2	GRID2	PASSENGER	False	protein_coding	+	2196
chr4	93625268	93627435	GRID2	GRID2	PASSENGER	False	protein_coding	+	2167
chr4	93768209	93770450	GRID2	GRID2	PASSENGER	False	protein_coding	+	2241
chr4	93771075	93775566	GRID2	GRID2	PASSENGER	False	protein_coding	+	4491
chr4	93805714	93811157	GRID2	GRID2	PASSENGER	False	protein_coding	+	5443
chr4	103104348	103107316	CENPE	CENPE	DRIVER	False	protein_coding	-	2968
chr4	103107802	103112011	CENPE	CENPE	DRIVER	False	protein_coding	-	4209
chr4	103113454	103117689	CENPE	CENPE	DRIVER	False	protein_coding	-	4235
chr4	103119147	103121333	CENPE	CENPE	DRIVER	False	protein_coding	-	2186
chr4	103121870	103124089	CENPE	CENPE	DRIVER	False	protein_coding	-	2219
chr4	103131692	103134892	CENPE	CENPE	DRIVER	False	protein_coding	-	3200
chr4	103135140	103154250	CENPE	CENPE	DRIVER	False	protein_coding	-	19110
chr4	103157299	103164553	CENPE	CENPE	DRIVER	False	protein_coding	-	7254
chr4	103173735	103178046	CENPE	CENPE	DRIVER	False	protein_coding	-	4311
chr4	103179310	103184288	CENPE	CENPE	DRIVER	False	protein_coding	-	4978
chr4	103184809	103186861	CENPE	CENPE	DRIVER	False	protein_coding	-	2052
chr4	103193228	103199445	CENPE	CENPE	DRIVER	False	protein_coding	-	6217
chr4	112817031	112819264	ANK2	ANK2	DRIVER	True	protein_coding	+	2233
chr4	112859942	112862135	ANK2	ANK2	DRIVER	True	protein_coding	+	2193
chr4	112903454	112907508	ANK2	ANK2	DRIVER	True	protein_coding	+	4054
chr4	112948104	112950215	ANK2	ANK2	DRIVER	True	protein_coding	+	2111
chr4	113025100	113027432	ANK2	ANK2	DRIVER	True	protein_coding	+	2332
chr4	113048521	113050812	ANK2	ANK2	DRIVER	True	protein_coding	+	2291
chr4	113068909	113071150	ANK2	ANK2	DRIVER	True	protein_coding	+	2241
chr4	113112722	113114779	ANK2	ANK2	DRIVER	True	protein_coding	+	2057
chr4	113115696	113118418	ANK2	ANK2	DRIVER	True	protein_coding	+	2722
chr4	113140248	113142417	ANK2	ANK2	DRIVER	True	protein_coding	+	2169
chr4	113144618	113147003	ANK2	ANK2	DRIVER	True	protein_coding	+	2385
chr4	113148089	113152208	ANK2	ANK2	DRIVER	True	protein_coding	+	4119
chr4	113173017	113175517	ANK2	ANK2	DRIVER	True	protein_coding	+	2500
chr4	113195367	113197466	ANK2	ANK2	DRIVER	True	protein_coding	+	2099
chr4	113198010	113200109	ANK2	ANK2	DRIVER	True	protein_coding	+	2099
chr4	113231160	113233259	ANK2	ANK2	DRIVER	True	protein_coding	+	2099
chr4	113235986	113248152	ANK2	ANK2	DRIVER	True	protein_coding	+	12166
chr4	113248697	113250862	ANK2	ANK2	DRIVER	True	protein_coding	+	2165
chr4	113254734	113259411	ANK2	ANK2	DRIVER	True	protein_coding	+	4677
chr4	113263896	113265995	ANK2	ANK2	DRIVER	True	protein_coding	+	2099
chr4	113269074	113271239	ANK2	ANK2	DRIVER	True	protein_coding	+	2165
chr4	113273451	113275649	ANK2	ANK2	DRIVER	True	protein_coding	+	2198
chr4	113276836	113279558	ANK2	ANK2	DRIVER	True	protein_coding	+	2722
chr4	113281674	113283872	ANK2	ANK2	DRIVER	True	protein_coding	+	2198
chr4	113286604	113294538	ANK2	ANK2	DRIVER	True	protein_coding	+	7934
chr4	113301766	113305277	ANK2	ANK2	DRIVER	True	protein_coding	+	3511
chr4	113310254	113314695	ANK2	ANK2	DRIVER	True	protein_coding	+	4441
chr4	113315436	113320231	ANK2	ANK2	DRIVER	True	protein_coding	+	4795
chr4	113322758	113324794	ANK2	ANK2	DRIVER	True	protein_coding	+	2036
chr4	113329245	113334208	ANK2	ANK2	DRIVER	True	protein_coding	+	4963
chr4	113334824	113337781	ANK2	ANK2	DRIVER	True	protein_coding	+	2957
chr4	113338225	113361897	ANK2	ANK2	DRIVER	True	protein_coding	+	23672
chr4	113362337	113376667	ANK2	ANK2	DRIVER	True	protein_coding	+	14330
chr4	113377089	113379181	ANK2	ANK2	DRIVER	True	protein_coding	+	2092
chr4	113380456	113385221	ANK2	ANK2	DRIVER	True	protein_coding	+	4765
chr4	122151330	122155112	KIAA1109	BLTP1	DRIVER	True	protein_coding	+	3782
chr4	122169614	122177281	KIAA1109	BLTP1	DRIVER	True	protein_coding	+	7667
chr4	122185035	122191079	KIAA1109	BLTP1	DRIVER	True	protein_coding	+	6044
chr4	122191228	122193379	KIAA1109	BLTP1	DRIVER	True	protein_coding	+	2151
chr4	122195634	122198274	KIAA1109	BLTP1	DRIVER	True	protein_coding	+	2640
chr4	122198358	122202126	KIAA1109	BLTP1	DRIVER	True	protein_coding	+	3768
chr4	122205212	122214670	KIAA1109	BLTP1	DRIVER	True	protein_coding	+	9458
chr4	122216709	122221470	KIAA1109	BLTP1	DRIVER	True	protein_coding	+	4761
chr4	122223476	122231211	KIAA1109	BLTP1	DRIVER	True	protein_coding	+	7735
chr4	122233772	122236023	KIAA1109	BLTP1	DRIVER	True	protein_coding	+	2251
chr4	122237091	122241652	KIAA1109	BLTP1	DRIVER	True	protein_coding	+	4561
chr4	122241997	122251573	KIAA1109	BLTP1	DRIVER	True	protein_coding	+	9576
chr4	122253194	122259843	KIAA1109	BLTP1	DRIVER	True	protein_coding	+	6649
chr4	122261763	122265427	KIAA1109	BLTP1	DRIVER	True	protein_coding	+	3664
chr4	122265782	122267958	KIAA1109	BLTP1	DRIVER	True	protein_coding	+	2176
chr4	122270017	122284629	KIAA1109	BLTP1	DRIVER	True	protein_coding	+	14612
chr4	122285540	122287785	KIAA1109	BLTP1	DRIVER	True	protein_coding	+	2245
chr4	122288086	122290192	KIAA1109	BLTP1	DRIVER	True	protein_coding	+	2106
chr4	122300299	122302397	KIAA1109	BLTP1	DRIVER	True	protein_coding	+	2098
chr4	122303797	122310464	KIAA1109	BLTP1	DRIVER	True	protein_coding	+	6667
chr4	122312627	122319270	KIAA1109	BLTP1	DRIVER	True	protein_coding	+	6643
chr4	122323426	122329357	KIAA1109	BLTP1	DRIVER	True	protein_coding	+	5931
chr4	122330325	122332541	KIAA1109	BLTP1	DRIVER	True	protein_coding	+	2216
chr4	122332628	122338147	KIAA1109	BLTP1	DRIVER	True	protein_coding	+	5519
chr4	122338206	122340408	KIAA1109	BLTP1	DRIVER	True	protein_coding	+	2202
chr4	122342409	122365167	KIAA1109	BLTP1	DRIVER	True	protein_coding	+	22758
chr4	125313917	125322586	FAT4	FAT4	DRIVER	True	protein_coding	+	8669
chr4	125337032	125342803	FAT4	FAT4	DRIVER	True	protein_coding	+	5771
chr4	125392935	125395004	FAT4	FAT4	DRIVER	True	protein_coding	+	2069
chr4	125397783	125399915	FAT4	FAT4	DRIVER	True	protein_coding	+	2132
chr4	125405879	125409794	FAT4	FAT4	DRIVER	True	protein_coding	+	3915
chr4	125413883	125417622	FAT4	FAT4	DRIVER	True	protein_coding	+	3739
chr4	125433244	125435425	FAT4	FAT4	DRIVER	True	protein_coding	+	2181
chr4	125445110	125453810	FAT4	FAT4	DRIVER	True	protein_coding	+	8700
chr4	125462562	125464667	FAT4	FAT4	DRIVER	True	protein_coding	+	2105
chr4	125467511	125469819	FAT4	FAT4	DRIVER	True	protein_coding	+	2308
chr4	125475170	125478393	FAT4	FAT4	DRIVER	True	protein_coding	+	3223
chr4	125478740	125482738	FAT4	FAT4	DRIVER	True	protein_coding	+	3998
chr4	125486344	125488606	FAT4	FAT4	DRIVER	True	protein_coding	+	2262
chr4	125488900	125493932	FAT4	FAT4	DRIVER	True	protein_coding	+	5032
chr4	146637892	146643474	POU4F2	POU4F2	PASSENGER	False	protein_coding	+	5582
chr4	150263434	150267441	LRBA	LRBA	DRIVER	False	protein_coding	-	4007
chr4	150276852	150279004	LRBA	LRBA	DRIVER	False	protein_coding	-	2152
chr4	150281449	150283646	LRBA	LRBA	DRIVER	False	protein_coding	-	2197
chr4	150284932	150287034	LRBA	LRBA	DRIVER	False	protein_coding	-	2102
chr4	150301624	150303792	LRBA	LRBA	DRIVER	False	protein_coding	-	2168
chr4	150309228	150317384	LRBA	LRBA	DRIVER	False	protein_coding	-	8156
chr4	150320190	150322383	LRBA	LRBA	DRIVER	False	protein_coding	-	2193
chr4	150324808	150326898	LRBA	LRBA	DRIVER	False	protein_coding	-	2090
chr4	150348991	150351159	LRBA	LRBA	DRIVER	False	protein_coding	-	2168
chr4	150352730	150354924	LRBA	LRBA	DRIVER	False	protein_coding	-	2194
chr4	150414437	150416590	LRBA	LRBA	DRIVER	False	protein_coding	-	2153
chr4	150434588	150437864	LRBA	LRBA	DRIVER	False	protein_coding	-	3276
chr4	150466672	150468785	LRBA	LRBA	DRIVER	False	protein_coding	-	2113
chr4	150470623	150472739	LRBA	LRBA	DRIVER	False	protein_coding	-	2116
chr4	150486731	150488834	LRBA	LRBA	DRIVER	False	protein_coding	-	2103
chr4	150489917	150492035	LRBA	LRBA	DRIVER	False	protein_coding	-	2118
chr4	150546523	150548587	LRBA	LRBA	DRIVER	False	protein_coding	-	2064
chr4	150580317	150584996	LRBA	LRBA	DRIVER	False	protein_coding	-	4679
chr4	150587047	150589184	LRBA	LRBA	DRIVER	False	protein_coding	-	2137
chr4	150589712	150591859	LRBA	LRBA	DRIVER	False	protein_coding	-	2147
chr4	150596082	150600131	LRBA	LRBA	DRIVER	False	protein_coding	-	4049
chr4	150641608	150644150	LRBA	LRBA	DRIVER	False	protein_coding	-	2542
chr4	150678587	150680667	LRBA	LRBA	DRIVER	False	protein_coding	-	2080
chr4	150682550	150684963	LRBA	LRBA	DRIVER	False	protein_coding	-	2413
chr4	150734257	150736366	LRBA	LRBA	DRIVER	False	protein_coding	-	2109
chr4	150760782	150762847	LRBA	LRBA	DRIVER	False	protein_coding	-	2065
chr4	150797076	150799142	LRBA	LRBA	DRIVER	False	protein_coding	-	2066
chr4	150805270	150809398	LRBA	LRBA	DRIVER	False	protein_coding	-	4128
chr4	150816123	150818257	LRBA	LRBA	DRIVER	False	protein_coding	-	2134
chr4	150827179	150829621	LRBA	LRBA	DRIVER	False	protein_coding	-	2442
chr4	150830816	150832976	LRBA	LRBA	DRIVER	False	protein_coding	-	2160
chr4	150839539	150842053	LRBA	LRBA	DRIVER	False	protein_coding	-	2514
chr4	150843099	150845779	LRBA	LRBA	DRIVER	False	protein_coding	-	2680
chr4	150847817	150853943	LRBA	LRBA	DRIVER	False	protein_coding	-	6126
chr4	150866670	150869305	LRBA	LRBA	DRIVER	False	protein_coding	-	2635
chr4	150869524	150873755	LRBA	LRBA	DRIVER	False	protein_coding	-	4231
chr4	150892051	150894149	LRBA	LRBA	DRIVER	False	protein_coding	-	2098
chr4	150895393	150898818	LRBA	LRBA	DRIVER	False	protein_coding	-	3425
chr4	150899048	150901217	LRBA	LRBA	DRIVER	False	protein_coding	-	2169
chr4	150904837	150909857	LRBA	LRBA	DRIVER	False	protein_coding	-	5020
chr4	150913194	150917738	LRBA	LRBA	DRIVER	False	protein_coding	-	4544
chr4	150920197	150922293	LRBA	LRBA	DRIVER	False	protein_coding	-	2096
chr4	150927515	150930065	LRBA	LRBA	DRIVER	False	protein_coding	-	2550
chr4	151011804	151016727	LRBA	LRBA	DRIVER	False	protein_coding	-	4923
chr4	174828667	174830866	ADAM29	ADAM29	PASSENGER	False	protein_coding	+	2199
chr4	174833848	174835937	ADAM29	ADAM29	PASSENGER	False	protein_coding	+	2089
chr4	174855530	174857607	ADAM29	ADAM29	PASSENGER	False	protein_coding	+	2077
chr4	174867805	174871787	ADAM29	ADAM29	PASSENGER	False	protein_coding	+	3982
chr4	174917357	174921792	ADAM29	ADAM29	PASSENGER	False	protein_coding	+	4435
chr4	174929985	174932398	ADAM29	ADAM29	PASSENGER	False	protein_coding	+	2413
chr4	174935932	174938013	ADAM29	ADAM29	PASSENGER	False	protein_coding	+	2081
chr4	174974345	174979180	ADAM29	ADAM29	PASSENGER	False	protein_coding	+	4835
chr4	186586793	186593752	FAT1	FAT1	DRIVER	False	protein_coding	-	6959
chr4	186594688	186607213	FAT1	FAT1	DRIVER	False	protein_coding	-	12525
chr4	186608182	186615344	FAT1	FAT1	DRIVER	False	protein_coding	-	7162
chr4	186616004	186622775	FAT1	FAT1	DRIVER	False	protein_coding	-	6771
chr4	186627153	186629763	FAT1	FAT1	DRIVER	False	protein_coding	-	2610
chr4	186632683	186634823	FAT1	FAT1	DRIVER	False	protein_coding	-	2140
chr4	186635024	186637914	FAT1	FAT1	DRIVER	False	protein_coding	-	2890
chr4	186638721	186640783	FAT1	FAT1	DRIVER	False	protein_coding	-	2062
chr4	186662298	186664613	FAT1	FAT1	DRIVER	False	protein_coding	-	2315
chr4	186705562	186710845	FAT1	FAT1	DRIVER	False	protein_coding	-	5283
chr4	186722663	186724856	FAT1	FAT1	DRIVER	False	protein_coding	-	2193
chr4	186725353	186727722	FAT1	FAT1	DRIVER	False	protein_coding	-	2369
chr5	7395137	7397506	ADCY2	ADCY2	PASSENGER	False	protein_coding	+	2369
chr5	7413572	7415770	ADCY2	ADCY2	PASSENGER	False	protein_coding	+	2198
chr5	7519737	7523622	ADCY2	ADCY2	PASSENGER	False	protein_coding	+	3885
chr5	7610108	7612175	ADCY2	ADCY2	PASSENGER	False	protein_coding	+	2067
chr5	7625166	7627316	ADCY2	ADCY2	PASSENGER	False	protein_coding	+	2150
chr5	7657025	7659206	ADCY2	ADCY2	PASSENGER	False	protein_coding	+	2181
chr5	7684090	7686279	ADCY2	ADCY2	PASSENGER	False	protein_coding	+	2189
chr5	7689557	7693271	ADCY2	ADCY2	PASSENGER	False	protein_coding	+	3714
chr5	7694751	7696863	ADCY2	ADCY2	PASSENGER	False	protein_coding	+	2112
chr5	7697246	7699374	ADCY2	ADCY2	PASSENGER	False	protein_coding	+	2128
chr5	7705743	7710387	ADCY2	ADCY2	PASSENGER	False	protein_coding	+	4644
chr5	7711855	7713899	ADCY2	ADCY2	PASSENGER	False	protein_coding	+	2044
chr5	7716156	7718237	ADCY2	ADCY2	PASSENGER	False	protein_coding	+	2081
chr5	7723544	7725614	ADCY2	ADCY2	PASSENGER	False	protein_coding	+	2070
chr5	7726163	7728261	ADCY2	ADCY2	PASSENGER	False	protein_coding	+	2098
chr5	7742667	7744752	ADCY2	ADCY2	PASSENGER	False	protein_coding	+	2085
chr5	7756448	7758586	ADCY2	ADCY2	PASSENGER	False	protein_coding	+	2138
chr5	7765686	7767806	ADCY2	ADCY2	PASSENGER	False	protein_coding	+	2120
chr5	7771931	7774101	ADCY2	ADCY2	PASSENGER	False	protein_coding	+	2170
chr5	7781172	7783267	ADCY2	ADCY2	PASSENGER	False	protein_coding	+	2095
chr5	7783364	7785449	ADCY2	ADCY2	PASSENGER	False	protein_coding	+	2085
chr5	7788641	7790800	ADCY2	ADCY2	PASSENGER	False	protein_coding	+	2159
chr5	7792618	7803364	ADCY2	ADCY2	PASSENGER	False	protein_coding	+	10746
chr5	7803584	7805692	ADCY2	ADCY2	PASSENGER	False	protein_coding	+	2108
chr5	7815865	7817980	ADCY2	ADCY2	PASSENGER	False	protein_coding	+	2115
chr5	7819564	7821689	ADCY2	ADCY2	PASSENGER	False	protein_coding	+	2125
chr5	7825718	7831081	ADCY2	ADCY2	PASSENGER	False	protein_coding	+	5363
chr5	13689327	13693135	DNAH5	DNAH5	DRIVER	False	protein_coding	-	3808
chr5	13699639	13702436	DNAH5	DNAH5	DRIVER	False	protein_coding	-	2797
chr5	13707122	13709335	DNAH5	DNAH5	DRIVER	False	protein_coding	-	2213
chr5	13713404	13722245	DNAH5	DNAH5	DRIVER	False	protein_coding	-	8841
chr5	13726506	13730560	DNAH5	DNAH5	DRIVER	False	protein_coding	-	4054
chr5	13734130	13738495	DNAH5	DNAH5	DRIVER	False	protein_coding	-	4365
chr5	13750077	13755338	DNAH5	DNAH5	DRIVER	False	protein_coding	-	5261
chr5	13757845	13759983	DNAH5	DNAH5	DRIVER	False	protein_coding	-	2138
chr5	13761721	13763901	DNAH5	DNAH5	DRIVER	False	protein_coding	-	2180
chr5	13764975	13767179	DNAH5	DNAH5	DRIVER	False	protein_coding	-	2204
chr5	13767959	13772282	DNAH5	DNAH5	DRIVER	False	protein_coding	-	4323
chr5	13775438	13778355	DNAH5	DNAH5	DRIVER	False	protein_coding	-	2917
chr5	13779828	13781959	DNAH5	DNAH5	DRIVER	False	protein_coding	-	2131
chr5	13785178	13787351	DNAH5	DNAH5	DRIVER	False	protein_coding	-	2173
chr5	13787715	13789914	DNAH5	DNAH5	DRIVER	False	protein_coding	-	2199
chr5	13790993	13795058	DNAH5	DNAH5	DRIVER	False	protein_coding	-	4065
chr5	13806590	13812823	DNAH5	DNAH5	DRIVER	False	protein_coding	-	6233
chr5	13813604	13815846	DNAH5	DNAH5	DRIVER	False	protein_coding	-	2242
chr5	13816547	13818694	DNAH5	DNAH5	DRIVER	False	protein_coding	-	2147
chr5	13819345	13821499	DNAH5	DNAH5	DRIVER	False	protein_coding	-	2154
chr5	13822262	13825333	DNAH5	DNAH5	DRIVER	False	protein_coding	-	3071
chr5	13828509	13832588	DNAH5	DNAH5	DRIVER	False	protein_coding	-	4079
chr5	13838355	13842904	DNAH5	DNAH5	DRIVER	False	protein_coding	-	4549
chr5	13843836	13845993	DNAH5	DNAH5	DRIVER	False	protein_coding	-	2157
chr5	13849651	13851815	DNAH5	DNAH5	DRIVER	False	protein_coding	-	2164
chr5	13858451	13860605	DNAH5	DNAH5	DRIVER	False	protein_coding	-	2154
chr5	13861547	13868992	DNAH5	DNAH5	DRIVER	False	protein_coding	-	7445
chr5	13869766	13872765	DNAH5	DNAH5	DRIVER	False	protein_coding	-	2999
chr5	13875683	13877817	DNAH5	DNAH5	DRIVER	False	protein_coding	-	2134
chr5	13881727	13887129	DNAH5	DNAH5	DRIVER	False	protein_coding	-	5402
chr5	13889975	13892121	DNAH5	DNAH5	DRIVER	False	protein_coding	-	2146
chr5	13893649	13895821	DNAH5	DNAH5	DRIVER	False	protein_coding	-	2172
chr5	13899205	13903138	DNAH5	DNAH5	DRIVER	False	protein_coding	-	3933
chr5	13910198	13924440	DNAH5	DNAH5	DRIVER	False	protein_coding	-	14242
chr5	13927093	13929178	DNAH5	DNAH5	DRIVER	False	protein_coding	-	2085
chr5	13930109	13933456	DNAH5	DNAH5	DRIVER	False	protein_coding	-	3347
chr5	13943381	13945688	DNAH5	DNAH5	DRIVER	False	protein_coding	-	2307
chr5	14010647	14012818	DNAH5	DNAH5	DRIVER	False	protein_coding	-	2171
chr5	16660906	16669468	MYO10	MYO10	DRIVER	False	protein_coding	-	8562
chr5	16669525	16677154	MYO10	MYO10	DRIVER	False	protein_coding	-	7629
chr5	16678946	16686831	MYO10	MYO10	DRIVER	False	protein_coding	-	7885
chr5	16688823	16690919	MYO10	MYO10	DRIVER	False	protein_coding	-	2096
chr5	16693370	16695614	MYO10	MYO10	DRIVER	False	protein_coding	-	2244
chr5	16698449	16705685	MYO10	MYO10	DRIVER	False	protein_coding	-	7236
chr5	16709671	16712245	MYO10	MYO10	DRIVER	False	protein_coding	-	2574
chr5	16712329	16714468	MYO10	MYO10	DRIVER	False	protein_coding	-	2139
chr5	16737135	16739414	MYO10	MYO10	DRIVER	False	protein_coding	-	2279
chr5	16740803	16743228	MYO10	MYO10	DRIVER	False	protein_coding	-	2425
chr5	16753827	16755908	MYO10	MYO10	DRIVER	False	protein_coding	-	2081
chr5	16757117	16759226	MYO10	MYO10	DRIVER	False	protein_coding	-	2109
chr5	16760463	16767198	MYO10	MYO10	DRIVER	False	protein_coding	-	6735
chr5	16768073	16770203	MYO10	MYO10	DRIVER	False	protein_coding	-	2130
chr5	16778544	16784469	MYO10	MYO10	DRIVER	False	protein_coding	-	5925
chr5	16793645	16795833	MYO10	MYO10	DRIVER	False	protein_coding	-	2188
chr5	16813516	16816463	MYO10	MYO10	DRIVER	False	protein_coding	-	2947
chr5	16817008	16819167	MYO10	MYO10	DRIVER	False	protein_coding	-	2159
chr5	16876608	16878707	MYO10	MYO10	DRIVER	False	protein_coding	-	2099
chr5	16915054	16917527	MYO10	MYO10	DRIVER	False	protein_coding	-	2473
chr5	16934787	16937288	MYO10	MYO10	DRIVER	False	protein_coding	-	2501
chr5	23442585	23444624	PRDM9	PRDM9	PASSENGER	False	protein_coding	+	2039
chr5	23461671	23463807	PRDM9	PRDM9	PASSENGER	False	protein_coding	+	2136
chr5	23492470	23494615	PRDM9	PRDM9	PASSENGER	False	protein_coding	+	2145
chr5	23506154	23511027	PRDM9	PRDM9	PASSENGER	False	protein_coding	+	4873
chr5	23516880	23518930	PRDM9	PRDM9	PASSENGER	False	protein_coding	+	2050
chr5	23520022	23529093	PRDM9	PRDM9	PASSENGER	False	protein_coding	+	9071
chr5	26879596	26882623	CDH9	CDH9	PASSENGER	False	protein_coding	-	3027
chr5	26884613	26887083	CDH9	CDH9	PASSENGER	False	protein_coding	-	2470
chr5	26888835	26891833	CDH9	CDH9	PASSENGER	False	protein_coding	-	2998
chr5	26901475	26904824	CDH9	CDH9	PASSENGER	False	protein_coding	-	3349
chr5	26904958	26907838	CDH9	CDH9	PASSENGER	False	protein_coding	-	2880
chr5	26914629	26916924	CDH9	CDH9	PASSENGER	False	protein_coding	-	2295
chr5	26987105	26989382	CDH9	CDH9	PASSENGER	False	protein_coding	-	2277
chr5	27027253	27029370	CDH9	CDH9	PASSENGER	False	protein_coding	-	2117
chr5	27037462	27039586	CDH9	CDH9	PASSENGER	False	protein_coding	-	2124
chr5	27120041	27122150	CDH9	CDH9	PASSENGER	False	protein_coding	-	2109
chr5	31638130	31640437	PDZD2	PDZD2	DRIVER	False	protein_coding	+	2307
chr5	31691886	31693974	PDZD2	PDZD2	DRIVER	False	protein_coding	+	2088
chr5	31711038	31713091	PDZD2	PDZD2	DRIVER	False	protein_coding	+	2053
chr5	31786636	31788718	PDZD2	PDZD2	DRIVER	False	protein_coding	+	2082
chr5	31797888	31800724	PDZD2	PDZD2	DRIVER	False	protein_coding	+	2836
chr5	31842287	31844975	PDZD2	PDZD2	DRIVER	False	protein_coding	+	2688
chr5	31853936	31856168	PDZD2	PDZD2	DRIVER	False	protein_coding	+	2232
chr5	31935151	31937346	PDZD2	PDZD2	DRIVER	False	protein_coding	+	2195
chr5	31982154	31984656	PDZD2	PDZD2	DRIVER	False	protein_coding	+	2502
chr5	31994575	31996718	PDZD2	PDZD2	DRIVER	False	protein_coding	+	2143
chr5	31999138	32001271	PDZD2	PDZD2	DRIVER	False	protein_coding	+	2133
chr5	32009329	32011482	PDZD2	PDZD2	DRIVER	False	protein_coding	+	2153
chr5	32036230	32038342	PDZD2	PDZD2	DRIVER	False	protein_coding	+	2112
chr5	32047538	32049684	PDZD2	PDZD2	DRIVER	False	protein_coding	+	2146
chr5	32051493	32054883	PDZD2	PDZD2	DRIVER	False	protein_coding	+	3390
chr5	32056654	32062134	PDZD2	PDZD2	DRIVER	False	protein_coding	+	5480
chr5	32068568	32075643	PDZD2	PDZD2	DRIVER	False	protein_coding	+	7075
chr5	32076459	32078955	PDZD2	PDZD2	DRIVER	False	protein_coding	+	2496
chr5	32082413	32084615	PDZD2	PDZD2	DRIVER	False	protein_coding	+	2202
chr5	32086130	32094024	PDZD2	PDZD2	DRIVER	False	protein_coding	+	7894
chr5	32096278	32102239	PDZD2	PDZD2	DRIVER	False	protein_coding	+	5961
chr5	32106320	32111932	PDZD2	PDZD2	DRIVER	False	protein_coding	+	5612
chr5	36875768	36878178	NIPBL	NIPBL	DRIVER	True	protein_coding	+	2410
chr5	36952617	36956637	NIPBL	NIPBL	DRIVER	True	protein_coding	+	4020
chr5	36957103	36959231	NIPBL	NIPBL	DRIVER	True	protein_coding	+	2128
chr5	36960483	36963274	NIPBL	NIPBL	DRIVER	True	protein_coding	+	2791
chr5	36969875	36973041	NIPBL	NIPBL	DRIVER	True	protein_coding	+	3166
chr5	36974775	36977402	NIPBL	NIPBL	DRIVER	True	protein_coding	+	2627
chr5	36983675	36987301	NIPBL	NIPBL	DRIVER	True	protein_coding	+	3626
chr5	36994149	36998002	NIPBL	NIPBL	DRIVER	True	protein_coding	+	3853
chr5	36999372	37004347	NIPBL	NIPBL	DRIVER	True	protein_coding	+	4975
chr5	37005356	37011225	NIPBL	NIPBL	DRIVER	True	protein_coding	+	5869
chr5	37013682	37018162	NIPBL	NIPBL	DRIVER	True	protein_coding	+	4480
chr5	37018310	37023390	NIPBL	NIPBL	DRIVER	True	protein_coding	+	5080
chr5	37023584	37028412	NIPBL	NIPBL	DRIVER	True	protein_coding	+	4828
chr5	37035378	37037487	NIPBL	NIPBL	DRIVER	True	protein_coding	+	2109
chr5	37037601	37039738	NIPBL	NIPBL	DRIVER	True	protein_coding	+	2137
chr5	37043346	37047199	NIPBL	NIPBL	DRIVER	True	protein_coding	+	3853
chr5	37047501	37053566	NIPBL	NIPBL	DRIVER	True	protein_coding	+	6065
chr5	37056185	37062018	NIPBL	NIPBL	DRIVER	True	protein_coding	+	5833
chr5	37062789	37067413	NIPBL	NIPBL	DRIVER	True	protein_coding	+	4624
chr5	56814548	56817055	MAP3K1	MAP3K1	DRIVER	False	protein_coding	+	2507
chr5	56855599	56857750	MAP3K1	MAP3K1	DRIVER	False	protein_coding	+	2151
chr5	56858714	56860915	MAP3K1	MAP3K1	DRIVER	False	protein_coding	+	2201
chr5	56863733	56866977	MAP3K1	MAP3K1	DRIVER	False	protein_coding	+	3244
chr5	56870909	56874005	MAP3K1	MAP3K1	DRIVER	False	protein_coding	+	3096
chr5	56874031	56876310	MAP3K1	MAP3K1	DRIVER	False	protein_coding	+	2279
chr5	56877979	56889357	MAP3K1	MAP3K1	DRIVER	False	protein_coding	+	11378
chr5	56892530	56897152	MAP3K1	MAP3K1	DRIVER	False	protein_coding	+	4622
chr5	68214739	68218798	PIK3R1	PIK3R1	DRIVER	False	protein_coding	+	4059
chr5	68225289	68229199	PIK3R1	PIK3R1	DRIVER	False	protein_coding	+	3910
chr5	68238897	68241854	PIK3R1	PIK3R1	DRIVER	False	protein_coding	+	2957
chr5	68241955	68245002	PIK3R1	PIK3R1	DRIVER	False	protein_coding	+	3047
chr5	68272389	68276497	PIK3R1	PIK3R1	DRIVER	False	protein_coding	+	4108
chr5	68278601	68282006	PIK3R1	PIK3R1	DRIVER	False	protein_coding	+	3405
chr5	68287051	68302821	PIK3R1	PIK3R1	DRIVER	False	protein_coding	+	15770
chr5	79688835	79691056	CMYA5	CMYA5	DRIVER	False	protein_coding	+	2221
chr5	79727914	79740403	CMYA5	CMYA5	DRIVER	False	protein_coding	+	12489
chr5	79742826	79748113	CMYA5	CMYA5	DRIVER	False	protein_coding	+	5287
chr5	79751675	79753794	CMYA5	CMYA5	DRIVER	False	protein_coding	+	2119
chr5	79757752	79759902	CMYA5	CMYA5	DRIVER	False	protein_coding	+	2150
chr5	79760810	79764419	CMYA5	CMYA5	DRIVER	False	protein_coding	+	3609
chr5	79787970	79792069	CMYA5	CMYA5	DRIVER	False	protein_coding	+	4099
chr5	79792436	79794610	CMYA5	CMYA5	DRIVER	False	protein_coding	+	2174
chr5	79798369	79801240	CMYA5	CMYA5	DRIVER	False	protein_coding	+	2871
chr5	96759809	96764228	ERAP1	ERAP1	MACHINERY	False	protein_coding	-	4419
chr5	96773483	96777551	ERAP1	ERAP1	MACHINERY	False	protein_coding	-	4068
chr5	96779422	96796162	ERAP1	ERAP1	MACHINERY	False	protein_coding	-	16740
chr5	96796174	96798309	ERAP1	ERAP1	MACHINERY	False	protein_coding	-	2135
chr5	96799861	96802000	ERAP1	ERAP1	MACHINERY	False	protein_coding	-	2139
chr5	96802402	96805940	ERAP1	ERAP1	MACHINERY	False	protein_coding	-	3538
chr5	96806859	96809100	ERAP1	ERAP1	MACHINERY	False	protein_coding	-	2241
chr5	96874985	96877527	ERAP2	ERAP2	MACHINERY	False	protein_coding	+	2542
chr5	96878563	96882480	ERAP2	ERAP2	MACHINERY	False	protein_coding	+	3917
chr5	96882791	96884930	ERAP2	ERAP2	MACHINERY	False	protein_coding	+	2139
chr5	96885654	96887789	ERAP2	ERAP2	MACHINERY	False	protein_coding	+	2135
chr5	96888184	96890488	ERAP2	ERAP2	MACHINERY	False	protein_coding	+	2304
chr5	96891298	96893453	ERAP2	ERAP2	MACHINERY	False	protein_coding	+	2155
chr5	96894245	96897863	ERAP2	ERAP2	MACHINERY	False	protein_coding	+	3618
chr5	96899120	96904560	ERAP2	ERAP2	MACHINERY	False	protein_coding	+	5440
chr5	96907960	96911280	ERAP2	ERAP2	MACHINERY	False	protein_coding	+	3320
chr5	96911636	96914457	ERAP2	ERAP2	MACHINERY	False	protein_coding	+	2821
chr5	96914687	96920703	ERAP2	ERAP2	MACHINERY	False	protein_coding	+	6016
chr5	112706517	112708882	APC	APC	DRIVER	False	protein_coding	+	2365
chr5	112736884	112739460	APC	APC	DRIVER	False	protein_coding	+	2576
chr5	112753872	112756025	APC	APC	DRIVER	False	protein_coding	+	2153
chr5	112759126	112761203	APC	APC	DRIVER	False	protein_coding	+	2077
chr5	112765325	112768390	APC	APC	DRIVER	False	protein_coding	+	3065
chr5	112774628	112776737	APC	APC	DRIVER	False	protein_coding	+	2109
chr5	112778683	112781903	APC	APC	DRIVER	False	protein_coding	+	3220
chr5	112791445	112793529	APC	APC	DRIVER	False	protein_coding	+	2084
chr5	112800278	112802383	APC	APC	DRIVER	False	protein_coding	+	2105
chr5	112809125	112811311	APC	APC	DRIVER	False	protein_coding	+	2186
chr5	112814494	112816593	APC	APC	DRIVER	False	protein_coding	+	2099
chr5	112817965	112820344	APC	APC	DRIVER	False	protein_coding	+	2379
chr5	112820895	112824360	APC	APC	DRIVER	False	protein_coding	+	3465
chr5	112826107	112831953	APC	APC	DRIVER	False	protein_coding	+	5846
chr5	112833950	112836165	APC	APC	DRIVER	False	protein_coding	+	2215
chr5	112836552	112847239	APC	APC	DRIVER	False	protein_coding	+	10687
chr5	129459280	129462757	ADAMTS19	ADAMTS19	PASSENGER	False	protein_coding	+	3477
chr5	129508076	129510242	ADAMTS19	ADAMTS19	PASSENGER	False	protein_coding	+	2166
chr5	129525283	129529677	ADAMTS19	ADAMTS19	PASSENGER	False	protein_coding	+	4394
chr5	129550863	129552907	ADAMTS19	ADAMTS19	PASSENGER	False	protein_coding	+	2044
chr5	129595558	129597664	ADAMTS19	ADAMTS19	PASSENGER	False	protein_coding	+	2106
chr5	129619617	129623348	ADAMTS19	ADAMTS19	PASSENGER	False	protein_coding	+	3731
chr5	129640858	129642960	ADAMTS19	ADAMTS19	PASSENGER	False	protein_coding	+	2102
chr5	129646764	129649970	ADAMTS19	ADAMTS19	PASSENGER	False	protein_coding	+	3206
chr5	129653305	129655433	ADAMTS19	ADAMTS19	PASSENGER	False	protein_coding	+	2128
chr5	129657616	129659737	ADAMTS19	ADAMTS19	PASSENGER	False	protein_coding	+	2121
chr5	129664498	129666579	ADAMTS19	ADAMTS19	PASSENGER	False	protein_coding	+	2081
chr5	129678763	129680921	ADAMTS19	ADAMTS19	PASSENGER	False	protein_coding	+	2158
chr5	129683119	129685273	ADAMTS19	ADAMTS19	PASSENGER	False	protein_coding	+	2154
chr5	129687099	129689214	ADAMTS19	ADAMTS19	PASSENGER	False	protein_coding	+	2115
chr5	129693719	129695855	ADAMTS19	ADAMTS19	PASSENGER	False	protein_coding	+	2136
chr5	129700387	129702592	ADAMTS19	ADAMTS19	PASSENGER	False	protein_coding	+	2205
chr5	129703238	129705391	ADAMTS19	ADAMTS19	PASSENGER	False	protein_coding	+	2153
chr5	129733931	129739683	ADAMTS19	ADAMTS19	PASSENGER	False	protein_coding	+	5752
chr5	136211744	136214604	TRPC7	TRPC7	PASSENGER	False	protein_coding	-	2860
chr5	136215199	136217275	TRPC7	TRPC7	PASSENGER	False	protein_coding	-	2076
chr5	136224273	136227437	TRPC7	TRPC7	PASSENGER	False	protein_coding	-	3164
chr5	136230353	136232549	TRPC7	TRPC7	PASSENGER	False	protein_coding	-	2196
chr5	136246470	136248735	TRPC7	TRPC7	PASSENGER	False	protein_coding	-	2265
chr5	136250648	136252882	TRPC7	TRPC7	PASSENGER	False	protein_coding	-	2234
chr5	136265219	136267436	TRPC7	TRPC7	PASSENGER	False	protein_coding	-	2217
chr5	136273656	136275837	TRPC7	TRPC7	PASSENGER	False	protein_coding	-	2181
chr5	136314596	136316779	TRPC7	TRPC7	PASSENGER	False	protein_coding	-	2183
chr5	136355607	136358385	TRPC7	TRPC7	PASSENGER	False	protein_coding	-	2778
chr5	136364252	136366545	TRPC7	TRPC7	PASSENGER	False	protein_coding	-	2293
chr5	140846771	140855671	PCDHA9	PCDHA9	PASSENGER	False	protein_coding	+	8900
chr5	140977948	140980007	PCDHA9	PCDHA9	PASSENGER	False	protein_coding	+	2059
chr5	140981474	140983563	PCDHA9	PCDHA9	PASSENGER	False	protein_coding	+	2089
chr5	141008626	141013347	PCDHA9	PCDHA9	PASSENGER	False	protein_coding	+	4721
chr5	179677627	179680284	CANX	CANX	MACHINERY	False	protein_coding	+	2657
chr5	179695836	179711065	CANX	CANX	MACHINERY	False	protein_coding	+	15229
chr5	179714898	179717294	CANX	CANX	MACHINERY	False	protein_coding	+	2396
chr5	179718667	179732641	CANX	CANX	MACHINERY	False	protein_coding	+	13974
chr6	27284902	27287148	POM121L2	POM121L2	PASSENGER	False	protein_coding	-	2246
chr6	27307376	27313273	POM121L2	POM121L2	PASSENGER	False	protein_coding	-	5897
chr6	29600000	33100000	HLA_REGION_BLOCK	HLA_REGION_BLOCK	MACHINERY	False	region	.	3500000
chr6	29721774	29730351	HLA-F	HLA-F	MACHINERY	False	protein_coding	+	8577
chr6	29737121	29739528	HLA-F	HLA-F	MACHINERY	False	protein_coding	+	2407
chr6	29825966	29832125	HLA-G	HLA-G	MACHINERY	False	protein_coding	+	6159
chr6	29940259	29950572	HLA-A	HLA-A	MACHINERY	False	protein_coding	+	10313
chr6	30488508	30495194	HLA-E	HLA-E	MACHINERY	False	protein_coding	+	6686
chr6	30982717	30985161	DPCR1	MUC21	PASSENGER	False	protein_coding	+	2444
chr6	30985236	30990903	DPCR1	MUC21	PASSENGER	False	protein_coding	+	5667
chr6	31267748	31273130	HLA-C	HLA-C	MACHINERY	False	protein_coding	-	5382
chr6	31352871	31358681	HLA-B	HLA-B	MACHINERY	False	protein_coding	-	5810
chr6	31361918	31364014	HLA-B	HLA-B	MACHINERY	False	protein_coding	-	2096
chr6	31364742	31368067	HLA-B	HLA-B	MACHINERY	False	protein_coding	-	3325
chr6	32193842	32205389	NOTCH4	NOTCH4	DRIVER	False	protein_coding	-	11547
chr6	32209751	32225067	NOTCH4	NOTCH4	DRIVER	False	protein_coding	-	15316
chr6	32820832	32823318	TAP2	TAP2	MACHINERY	False	protein_coding	-	2486
chr6	32824414	32839739	TAP2	TAP2	MACHINERY	False	protein_coding	-	15325
chr6	32839716	32845679	PSMB8	PSMB8	MACHINERY	False	protein_coding	-	5963
chr6	32843135	32845870	PSMB9	PSMB9	MACHINERY	False	protein_coding	+	2735
chr6	32844208	32854816	TAP1	TAP1	MACHINERY	False	protein_coding	-	10608
chr6	32853147	32860851	PSMB9	PSMB9	MACHINERY	False	protein_coding	+	7704
chr6	33298693	33306387	TAPBP	TAPBP	MACHINERY	False	protein_coding	-	7694
chr6	33307104	33309158	TAPBP	TAPBP	MACHINERY	False	protein_coding	-	2054
chr6	33311639	33315284	TAPBP	TAPBP	MACHINERY	False	protein_coding	-	3645
chr6	38714310	38717830	DNAH8	DNAH8	PASSENGER	False	protein_coding	+	3520
chr6	38721775	38724471	DNAH8	DNAH8	PASSENGER	False	protein_coding	+	2696
chr6	38728901	38730986	DNAH8	DNAH8	PASSENGER	False	protein_coding	+	2085
chr6	38733473	38735625	DNAH8	DNAH8	PASSENGER	False	protein_coding	+	2152
chr6	38736066	38738972	DNAH8	DNAH8	PASSENGER	False	protein_coding	+	2906
chr6	38740710	38742887	DNAH8	DNAH8	PASSENGER	False	protein_coding	+	2177
chr6	38749475	38751589	DNAH8	DNAH8	PASSENGER	False	protein_coding	+	2114
chr6	38754971	38757079	DNAH8	DNAH8	PASSENGER	False	protein_coding	+	2108
chr6	38760701	38762803	DNAH8	DNAH8	PASSENGER	False	protein_coding	+	2102
chr6	38769412	38771559	DNAH8	DNAH8	PASSENGER	False	protein_coding	+	2147
chr6	38774753	38776951	DNAH8	DNAH8	PASSENGER	False	protein_coding	+	2198
chr6	38777387	38784139	DNAH8	DNAH8	PASSENGER	False	protein_coding	+	6752
chr6	38785764	38787952	DNAH8	DNAH8	PASSENGER	False	protein_coding	+	2188
chr6	38788802	38792674	DNAH8	DNAH8	PASSENGER	False	protein_coding	+	3872
chr6	38802178	38804311	DNAH8	DNAH8	PASSENGER	False	protein_coding	+	2133
chr6	38804480	38806596	DNAH8	DNAH8	PASSENGER	False	protein_coding	+	2116
chr6	38806609	38808716	DNAH8	DNAH8	PASSENGER	False	protein_coding	+	2107
chr6	38813053	38816657	DNAH8	DNAH8	PASSENGER	False	protein_coding	+	3604
chr6	38821837	38824688	DNAH8	DNAH8	PASSENGER	False	protein_coding	+	2851
chr6	38825155	38829288	DNAH8	DNAH8	PASSENGER	False	protein_coding	+	4133
chr6	38831321	38833435	DNAH8	DNAH8	PASSENGER	False	protein_coding	+	2114
chr6	38833578	38835641	DNAH8	DNAH8	PASSENGER	False	protein_coding	+	2063
chr6	38836941	38839042	DNAH8	DNAH8	PASSENGER	False	protein_coding	+	2101
chr6	38841367	38843903	DNAH8	DNAH8	PASSENGER	False	protein_coding	+	2536
chr6	38844573	38846773	DNAH8	DNAH8	PASSENGER	False	protein_coding	+	2200
chr6	38847647	38854347	DNAH8	DNAH8	PASSENGER	False	protein_coding	+	6700
chr6	38856517	38858742	DNAH8	DNAH8	PASSENGER	False	protein_coding	+	2225
chr6	38859456	38865060	DNAH8	DNAH8	PASSENGER	False	protein_coding	+	5604
chr6	38865590	38869196	DNAH8	DNAH8	PASSENGER	False	protein_coding	+	3606
chr6	38869400	38874376	DNAH8	DNAH8	PASSENGER	False	protein_coding	+	4976
chr6	38874590	38876828	DNAH8	DNAH8	PASSENGER	False	protein_coding	+	2238
chr6	38881909	38884998	DNAH8	DNAH8	PASSENGER	False	protein_coding	+	3089
chr6	38885790	38888004	DNAH8	DNAH8	PASSENGER	False	protein_coding	+	2214
chr6	38889651	38891761	DNAH8	DNAH8	PASSENGER	False	protein_coding	+	2110
chr6	38893700	38897225	DNAH8	DNAH8	PASSENGER	False	protein_coding	+	3525
chr6	38897257	38900906	DNAH8	DNAH8	PASSENGER	False	protein_coding	+	3649
chr6	38905253	38912586	DNAH8	DNAH8	PASSENGER	False	protein_coding	+	7333
chr6	38912848	38919140	DNAH8	DNAH8	PASSENGER	False	protein_coding	+	6292
chr6	38920368	38927210	DNAH8	DNAH8	PASSENGER	False	protein_coding	+	6842
chr6	38928510	38930666	DNAH8	DNAH8	PASSENGER	False	protein_coding	+	2156
chr6	38930810	38932993	DNAH8	DNAH8	PASSENGER	False	protein_coding	+	2183
chr6	38934591	38936697	DNAH8	DNAH8	PASSENGER	False	protein_coding	+	2106
chr6	38936973	38939988	DNAH8	DNAH8	PASSENGER	False	protein_coding	+	3015
chr6	38944466	38946588	DNAH8	DNAH8	PASSENGER	False	protein_coding	+	2122
chr6	38948451	38952520	DNAH8	DNAH8	PASSENGER	False	protein_coding	+	4069
chr6	38970591	38975529	DNAH8	DNAH8	PASSENGER	False	protein_coding	+	4938
chr6	38981345	38985307	DNAH8	DNAH8	PASSENGER	False	protein_coding	+	3962
chr6	38989011	38991172	DNAH8	DNAH8	PASSENGER	False	protein_coding	+	2161
chr6	39007813	39009970	DNAH8	DNAH8	PASSENGER	False	protein_coding	+	2157
chr6	39011214	39013637	DNAH8	DNAH8	PASSENGER	False	protein_coding	+	2423
chr6	39025545	39027667	DNAH8	DNAH8	PASSENGER	False	protein_coding	+	2122
chr6	39029104	39031792	DNAH8	DNAH8	PASSENGER	False	protein_coding	+	2688
chr6	43181183	43183249	CUL9	CUL9	DRIVER	False	protein_coding	+	2066
chr6	43183301	43189958	CUL9	CUL9	DRIVER	False	protein_coding	+	6657
chr6	43192000	43194208	CUL9	CUL9	DRIVER	False	protein_coding	+	2208
chr6	43195068	43207510	CUL9	CUL9	DRIVER	False	protein_coding	+	12442
chr6	43211768	43217503	CUL9	CUL9	DRIVER	False	protein_coding	+	5735
chr6	43219458	43225587	CUL9	CUL9	DRIVER	False	protein_coding	+	6129
chr6	46792388	46794716	MEP1A	MEP1A	PASSENGER	False	protein_coding	+	2328
chr6	46797605	46800181	MEP1A	MEP1A	PASSENGER	False	protein_coding	+	2576
chr6	46808419	46810537	MEP1A	MEP1A	PASSENGER	False	protein_coding	+	2118
chr6	46818528	46820704	MEP1A	MEP1A	PASSENGER	False	protein_coding	+	2176
chr6	46824271	46827503	MEP1A	MEP1A	PASSENGER	False	protein_coding	+	3232
chr6	46828355	46830571	MEP1A	MEP1A	PASSENGER	False	protein_coding	+	2216
chr6	46832073	46836549	MEP1A	MEP1A	PASSENGER	False	protein_coding	+	4476
chr6	46837979	46840778	MEP1A	MEP1A	PASSENGER	False	protein_coding	+	2799
chr6	50712525	50716613	TFAP2D	TFAP2D	PASSENGER	False	protein_coding	+	4088
chr6	50717041	50720150	TFAP2D	TFAP2D	PASSENGER	False	protein_coding	+	3109
chr6	50727855	50730312	TFAP2D	TFAP2D	PASSENGER	False	protein_coding	+	2457
chr6	50744106	50746248	TFAP2D	TFAP2D	PASSENGER	False	protein_coding	+	2142
chr6	50750210	50752324	TFAP2D	TFAP2D	PASSENGER	False	protein_coding	+	2114
chr6	50771644	50774033	TFAP2D	TFAP2D	PASSENGER	False	protein_coding	+	2389
chr6	54306858	54309905	TINAG	TINAG	PASSENGER	False	protein_coding	+	3047
chr6	54319578	54322386	TINAG	TINAG	PASSENGER	False	protein_coding	+	2808
chr6	54325801	54328210	TINAG	TINAG	PASSENGER	False	protein_coding	+	2409
chr6	54342225	54344349	TINAG	TINAG	PASSENGER	False	protein_coding	+	2124
chr6	54346366	54348517	TINAG	TINAG	PASSENGER	False	protein_coding	+	2151
chr6	54348715	54352397	TINAG	TINAG	PASSENGER	False	protein_coding	+	3682
chr6	54353512	54355636	TINAG	TINAG	PASSENGER	False	protein_coding	+	2124
chr6	54379525	54381571	TINAG	TINAG	PASSENGER	False	protein_coding	+	2046
chr6	54388790	54391142	TINAG	TINAG	PASSENGER	False	protein_coding	+	2352
chr6	56456986	56478603	DST	DST	DRIVER	True	protein_coding	-	21617
chr6	56481049	56488273	DST	DST	DRIVER	True	protein_coding	-	7224
chr6	56488489	56490609	DST	DST	DRIVER	True	protein_coding	-	2120
chr6	56491226	56495180	DST	DST	DRIVER	True	protein_coding	-	3954
chr6	56496378	56499053	DST	DST	DRIVER	True	protein_coding	-	2675
chr6	56500079	56502693	DST	DST	DRIVER	True	protein_coding	-	2614
chr6	56502996	56505098	DST	DST	DRIVER	True	protein_coding	-	2102
chr6	56505442	56512400	DST	DST	DRIVER	True	protein_coding	-	6958
chr6	56514449	56518620	DST	DST	DRIVER	True	protein_coding	-	4171
chr6	56525360	56531133	DST	DST	DRIVER	True	protein_coding	-	5773
chr6	56531343	56533510	DST	DST	DRIVER	True	protein_coding	-	2167
chr6	56534121	56537940	DST	DST	DRIVER	True	protein_coding	-	3819
chr6	56539279	56543808	DST	DST	DRIVER	True	protein_coding	-	4529
chr6	56551183	56558518	DST	DST	DRIVER	True	protein_coding	-	7335
chr6	56559293	56563200	DST	DST	DRIVER	True	protein_coding	-	3907
chr6	56567468	56571012	DST	DST	DRIVER	True	protein_coding	-	3544
chr6	56571099	56574887	DST	DST	DRIVER	True	protein_coding	-	3788
chr6	56577813	56579937	DST	DST	DRIVER	True	protein_coding	-	2124
chr6	56591181	56595193	DST	DST	DRIVER	True	protein_coding	-	4012
chr6	56596739	56612596	DST	DST	DRIVER	True	protein_coding	-	15857
chr6	56613355	56621715	DST	DST	DRIVER	True	protein_coding	-	8360
chr6	56623372	56637652	DST	DST	DRIVER	True	protein_coding	-	14280
chr6	56637915	56643996	DST	DST	DRIVER	True	protein_coding	-	6081
chr6	56644865	56647182	DST	DST	DRIVER	True	protein_coding	-	2317
chr6	56647569	56649689	DST	DST	DRIVER	True	protein_coding	-	2120
chr6	56649925	56652244	DST	DST	DRIVER	True	protein_coding	-	2319
chr6	56669487	56671807	DST	DST	DRIVER	True	protein_coding	-	2320
chr6	56691387	56694303	DST	DST	DRIVER	True	protein_coding	-	2916
chr6	56698652	56700745	DST	DST	DRIVER	True	protein_coding	-	2093
chr6	56700887	56705369	DST	DST	DRIVER	True	protein_coding	-	4482
chr6	56734057	56736289	DST	DST	DRIVER	True	protein_coding	-	2232
chr6	56741270	56743405	DST	DST	DRIVER	True	protein_coding	-	2135
chr6	56784770	56786879	DST	DST	DRIVER	True	protein_coding	-	2109
chr6	56842054	56844665	DST	DST	DRIVER	True	protein_coding	-	2611
chr6	56850098	56852951	DST	DST	DRIVER	True	protein_coding	-	2853
chr6	56899420	56901621	DST	DST	DRIVER	True	protein_coding	-	2201
chr6	56952784	56955830	DST	DST	DRIVER	True	protein_coding	-	3046
chr6	75083325	75092525	COL12A1	COL12A1	DRIVER	False	protein_coding	-	9200
chr6	75094107	75096179	COL12A1	COL12A1	DRIVER	False	protein_coding	-	2072
chr6	75096252	75098306	COL12A1	COL12A1	DRIVER	False	protein_coding	-	2054
chr6	75100599	75107496	COL12A1	COL12A1	DRIVER	False	protein_coding	-	6897
chr6	75108017	75110167	COL12A1	COL12A1	DRIVER	False	protein_coding	-	2150
chr6	75112021	75114744	COL12A1	COL12A1	DRIVER	False	protein_coding	-	2723
chr6	75114783	75135855	COL12A1	COL12A1	DRIVER	False	protein_coding	-	21072
chr6	75136436	75139961	COL12A1	COL12A1	DRIVER	False	protein_coding	-	3525
chr6	75141031	75149497	COL12A1	COL12A1	DRIVER	False	protein_coding	-	8466
chr6	75150140	75157523	COL12A1	COL12A1	DRIVER	False	protein_coding	-	7383
chr6	75164506	75166779	COL12A1	COL12A1	DRIVER	False	protein_coding	-	2273
chr6	75174037	75176310	COL12A1	COL12A1	DRIVER	False	protein_coding	-	2273
chr6	75176651	75178935	COL12A1	COL12A1	DRIVER	False	protein_coding	-	2284
chr6	75179938	75185144	COL12A1	COL12A1	DRIVER	False	protein_coding	-	5206
chr6	75187361	75193355	COL12A1	COL12A1	DRIVER	False	protein_coding	-	5994
chr6	75193830	75195947	COL12A1	COL12A1	DRIVER	False	protein_coding	-	2117
chr6	75196505	75203827	COL12A1	COL12A1	DRIVER	False	protein_coding	-	7322
chr6	75204776	75207267	COL12A1	COL12A1	DRIVER	False	protein_coding	-	2491
chr6	87150802	87153869	ZNF292	ZNF292	DRIVER	False	protein_coding	+	3067
chr6	87153932	87156759	ZNF292	ZNF292	DRIVER	False	protein_coding	+	2827
chr6	87168673	87171364	ZNF292	ZNF292	DRIVER	False	protein_coding	+	2691
chr6	87209450	87217377	ZNF292	ZNF292	DRIVER	False	protein_coding	+	7927
chr6	87217595	87221661	ZNF292	ZNF292	DRIVER	False	protein_coding	+	4066
chr6	87221769	87224936	ZNF292	ZNF292	DRIVER	False	protein_coding	+	3167
chr6	87232324	87234777	ZNF292	ZNF292	DRIVER	False	protein_coding	+	2453
chr6	87242474	87246644	ZNF292	ZNF292	DRIVER	False	protein_coding	+	4170
chr6	87248311	87250405	ZNF292	ZNF292	DRIVER	False	protein_coding	+	2094
chr6	87253649	87266943	ZNF292	ZNF292	DRIVER	False	protein_coding	+	13294
chr6	89641497	89666562	MDN1	MDN1	DRIVER	True	protein_coding	-	25065
chr6	89667013	89669151	MDN1	MDN1	DRIVER	True	protein_coding	-	2138
chr6	89669917	89681751	MDN1	MDN1	DRIVER	True	protein_coding	-	11834
chr6	89682131	89697574	MDN1	MDN1	DRIVER	True	protein_coding	-	15443
chr6	89697864	89703061	MDN1	MDN1	DRIVER	True	protein_coding	-	5197
chr6	89705058	89709628	MDN1	MDN1	DRIVER	True	protein_coding	-	4570
chr6	89709680	89720225	MDN1	MDN1	DRIVER	True	protein_coding	-	10545
chr6	89721954	89726396	MDN1	MDN1	DRIVER	True	protein_coding	-	4442
chr6	89726832	89734409	MDN1	MDN1	DRIVER	True	protein_coding	-	7577
chr6	89737325	89741378	MDN1	MDN1	DRIVER	True	protein_coding	-	4053
chr6	89742149	89755230	MDN1	MDN1	DRIVER	True	protein_coding	-	13081
chr6	89755276	89759960	MDN1	MDN1	DRIVER	True	protein_coding	-	4684
chr6	89760644	89763530	MDN1	MDN1	DRIVER	True	protein_coding	-	2886
chr6	89770560	89777695	MDN1	MDN1	DRIVER	True	protein_coding	-	7135
chr6	89779211	89782592	MDN1	MDN1	DRIVER	True	protein_coding	-	3381
chr6	89784011	89786126	MDN1	MDN1	DRIVER	True	protein_coding	-	2115
chr6	89786853	89791401	MDN1	MDN1	DRIVER	True	protein_coding	-	4548
chr6	89792761	89795801	MDN1	MDN1	DRIVER	True	protein_coding	-	3040
chr6	89802327	89804554	MDN1	MDN1	DRIVER	True	protein_coding	-	2227
chr6	89818505	89820794	MDN1	MDN1	DRIVER	True	protein_coding	-	2289
chr6	116876211	116878952	RFX6	RFX6	PASSENGER	False	protein_coding	+	2741
chr6	116879543	116883428	RFX6	RFX6	PASSENGER	False	protein_coding	+	3885
chr6	116883788	116886045	RFX6	RFX6	PASSENGER	False	protein_coding	+	2257
chr6	116892986	116896207	RFX6	RFX6	PASSENGER	False	protein_coding	+	3221
chr6	116909934	116912042	RFX6	RFX6	PASSENGER	False	protein_coding	+	2108
chr6	116915007	116929971	RFX6	RFX6	PASSENGER	False	protein_coding	+	14964
chr6	116930330	116933161	RFX6	RFX6	PASSENGER	False	protein_coding	+	2831
chr6	144284334	144286821	UTRN	UTRN	DRIVER	False	protein_coding	+	2487
chr6	144290736	144292907	UTRN	UTRN	DRIVER	False	protein_coding	+	2171
chr6	144329819	144332018	UTRN	UTRN	DRIVER	False	protein_coding	+	2199
chr6	144343100	144345304	UTRN	UTRN	DRIVER	False	protein_coding	+	2204
chr6	144402122	144404184	UTRN	UTRN	DRIVER	False	protein_coding	+	2062
chr6	144420877	144425078	UTRN	UTRN	DRIVER	False	protein_coding	+	4201
chr6	144425286	144427459	UTRN	UTRN	DRIVER	False	protein_coding	+	2173
chr6	144427777	144430741	UTRN	UTRN	DRIVER	False	protein_coding	+	2964
chr6	144434934	144441471	UTRN	UTRN	DRIVER	False	protein_coding	+	6537
chr6	144443280	144445382	UTRN	UTRN	DRIVER	False	protein_coding	+	2102
chr6	144446210	144449769	UTRN	UTRN	DRIVER	False	protein_coding	+	3559
chr6	144450369	144452493	UTRN	UTRN	DRIVER	False	protein_coding	+	2124
chr6	144452781	144454869	UTRN	UTRN	DRIVER	False	protein_coding	+	2088
chr6	144457769	144463866	UTRN	UTRN	DRIVER	False	protein_coding	+	6097
chr6	144472719	144475759	UTRN	UTRN	DRIVER	False	protein_coding	+	3040
chr6	144478811	144480982	UTRN	UTRN	DRIVER	False	protein_coding	+	2171
chr6	144481208	144483388	UTRN	UTRN	DRIVER	False	protein_coding	+	2180
chr6	144484384	144486519	UTRN	UTRN	DRIVER	False	protein_coding	+	2135
chr6	144486547	144492102	UTRN	UTRN	DRIVER	False	protein_coding	+	5555
chr6	144492300	144494456	UTRN	UTRN	DRIVER	False	protein_coding	+	2156
chr6	144498256	144500427	UTRN	UTRN	DRIVER	False	protein_coding	+	2171
chr6	144509943	144512123	UTRN	UTRN	DRIVER	False	protein_coding	+	2180
chr6	144512908	144517948	UTRN	UTRN	DRIVER	False	protein_coding	+	5040
chr6	144520979	144524188	UTRN	UTRN	DRIVER	False	protein_coding	+	3209
chr6	144530051	144534260	UTRN	UTRN	DRIVER	False	protein_coding	+	4209
chr6	144536581	144540443	UTRN	UTRN	DRIVER	False	protein_coding	+	3862
chr6	144541794	144543870	UTRN	UTRN	DRIVER	False	protein_coding	+	2076
chr6	144547639	144549854	UTRN	UTRN	DRIVER	False	protein_coding	+	2215
chr6	144549964	144552082	UTRN	UTRN	DRIVER	False	protein_coding	+	2118
chr6	144553687	144555893	UTRN	UTRN	DRIVER	False	protein_coding	+	2206
chr6	144556156	144558311	UTRN	UTRN	DRIVER	False	protein_coding	+	2155
chr6	144576098	144578288	UTRN	UTRN	DRIVER	False	protein_coding	+	2190
chr6	144582170	144584600	UTRN	UTRN	DRIVER	False	protein_coding	+	2430
chr6	144658843	144661275	UTRN	UTRN	DRIVER	False	protein_coding	+	2432
chr6	144677405	144679578	UTRN	UTRN	DRIVER	False	protein_coding	+	2173
chr6	144699086	144701243	UTRN	UTRN	DRIVER	False	protein_coding	+	2157
chr6	144729356	144731486	UTRN	UTRN	DRIVER	False	protein_coding	+	2130
chr6	144747245	144749514	UTRN	UTRN	DRIVER	False	protein_coding	+	2269
chr6	144750805	144752952	UTRN	UTRN	DRIVER	False	protein_coding	+	2147
chr6	144753713	144755798	UTRN	UTRN	DRIVER	False	protein_coding	+	2085
chr6	144756928	144759310	UTRN	UTRN	DRIVER	False	protein_coding	+	2382
chr6	144770906	144772968	UTRN	UTRN	DRIVER	False	protein_coding	+	2062
chr6	144773289	144775364	UTRN	UTRN	DRIVER	False	protein_coding	+	2075
chr6	144780921	144783123	UTRN	UTRN	DRIVER	False	protein_coding	+	2202
chr6	144788193	144790279	UTRN	UTRN	DRIVER	False	protein_coding	+	2086
chr6	144792833	144794991	UTRN	UTRN	DRIVER	False	protein_coding	+	2158
chr6	144796744	144800473	UTRN	UTRN	DRIVER	False	protein_coding	+	3729
chr6	144802035	144804147	UTRN	UTRN	DRIVER	False	protein_coding	+	2112
chr6	144819881	144822018	UTRN	UTRN	DRIVER	False	protein_coding	+	2137
chr6	144826347	144829855	UTRN	UTRN	DRIVER	False	protein_coding	+	3508
chr6	144834779	144841832	UTRN	UTRN	DRIVER	False	protein_coding	+	7053
chr6	144845804	144847827	UTRN	UTRN	DRIVER	False	protein_coding	+	2023
chr6	144849988	144854034	UTRN	UTRN	DRIVER	False	protein_coding	+	4046
chr6	150598882	150601017	PLEKHG1	PLEKHG1	DRIVER	False	protein_coding	+	2135
chr6	150631942	150634304	PLEKHG1	PLEKHG1	DRIVER	False	protein_coding	+	2362
chr6	150637079	150639125	PLEKHG1	PLEKHG1	DRIVER	False	protein_coding	+	2046
chr6	150649727	150651786	PLEKHG1	PLEKHG1	DRIVER	False	protein_coding	+	2059
chr6	150661434	150665488	PLEKHG1	PLEKHG1	DRIVER	False	protein_coding	+	4054
chr6	150682611	150684882	PLEKHG1	PLEKHG1	DRIVER	False	protein_coding	+	2271
chr6	150685761	150687990	PLEKHG1	PLEKHG1	DRIVER	False	protein_coding	+	2229
chr6	150720087	150722200	PLEKHG1	PLEKHG1	DRIVER	False	protein_coding	+	2113
chr6	150732583	150735092	PLEKHG1	PLEKHG1	DRIVER	False	protein_coding	+	2509
chr6	150767637	150769738	PLEKHG1	PLEKHG1	DRIVER	False	protein_coding	+	2101
chr6	150785389	150787459	PLEKHG1	PLEKHG1	DRIVER	False	protein_coding	+	2070
chr6	150794855	150796902	PLEKHG1	PLEKHG1	DRIVER	False	protein_coding	+	2047
chr6	150799718	150801869	PLEKHG1	PLEKHG1	DRIVER	False	protein_coding	+	2151
chr6	150803609	150805741	PLEKHG1	PLEKHG1	DRIVER	False	protein_coding	+	2132
chr6	150808104	150810734	PLEKHG1	PLEKHG1	DRIVER	False	protein_coding	+	2630
chr6	150817182	150822233	PLEKHG1	PLEKHG1	DRIVER	False	protein_coding	+	5051
chr6	150822653	150824676	PLEKHG1	PLEKHG1	DRIVER	False	protein_coding	+	2023
chr6	150829581	150833205	PLEKHG1	PLEKHG1	DRIVER	False	protein_coding	+	3624
chr6	150838832	150844665	PLEKHG1	PLEKHG1	DRIVER	False	protein_coding	+	5833
chr6	152120686	152123676	SYNE1	SYNE1	DRIVER	True	protein_coding	-	2990
chr6	152129719	152137818	SYNE1	SYNE1	DRIVER	True	protein_coding	-	8099
chr6	152138949	152142329	SYNE1	SYNE1	DRIVER	True	protein_coding	-	3380
chr6	152142622	152153141	SYNE1	SYNE1	DRIVER	True	protein_coding	-	10519
chr6	152153891	152157097	SYNE1	SYNE1	DRIVER	True	protein_coding	-	3206
chr6	152163162	152165325	SYNE1	SYNE1	DRIVER	True	protein_coding	-	2163
chr6	152167108	152169364	SYNE1	SYNE1	DRIVER	True	protein_coding	-	2256
chr6	152175393	152177560	SYNE1	SYNE1	DRIVER	True	protein_coding	-	2167
chr6	152178324	152181294	SYNE1	SYNE1	DRIVER	True	protein_coding	-	2970
chr6	152184273	152186411	SYNE1	SYNE1	DRIVER	True	protein_coding	-	2138
chr6	152188251	152190407	SYNE1	SYNE1	DRIVER	True	protein_coding	-	2156
chr6	152200823	152202949	SYNE1	SYNE1	DRIVER	True	protein_coding	-	2126
chr6	152205167	152209206	SYNE1	SYNE1	DRIVER	True	protein_coding	-	4039
chr6	152210493	152212588	SYNE1	SYNE1	DRIVER	True	protein_coding	-	2095
chr6	152212611	152216060	SYNE1	SYNE1	DRIVER	True	protein_coding	-	3449
chr6	152217256	152222559	SYNE1	SYNE1	DRIVER	True	protein_coding	-	5303
chr6	152223493	152226876	SYNE1	SYNE1	DRIVER	True	protein_coding	-	3383
chr6	152229546	152237948	SYNE1	SYNE1	DRIVER	True	protein_coding	-	8402
chr6	152238532	152240706	SYNE1	SYNE1	DRIVER	True	protein_coding	-	2174
chr6	152241239	152243440	SYNE1	SYNE1	DRIVER	True	protein_coding	-	2201
chr6	152243536	152245656	SYNE1	SYNE1	DRIVER	True	protein_coding	-	2120
chr6	152248160	152250262	SYNE1	SYNE1	DRIVER	True	protein_coding	-	2102
chr6	152253879	152257765	SYNE1	SYNE1	DRIVER	True	protein_coding	-	3886
chr6	152261031	152263188	SYNE1	SYNE1	DRIVER	True	protein_coding	-	2157
chr6	152267055	152270286	SYNE1	SYNE1	DRIVER	True	protein_coding	-	3231
chr6	152276501	152279280	SYNE1	SYNE1	DRIVER	True	protein_coding	-	2779
chr6	152280806	152285184	SYNE1	SYNE1	DRIVER	True	protein_coding	-	4378
chr6	152292587	152295127	SYNE1	SYNE1	DRIVER	True	protein_coding	-	2540
chr6	152299640	152303269	SYNE1	SYNE1	DRIVER	True	protein_coding	-	3629
chr6	152307488	152312167	SYNE1	SYNE1	DRIVER	True	protein_coding	-	4679
chr6	152314197	152327633	SYNE1	SYNE1	DRIVER	True	protein_coding	-	13436
chr6	152328729	152332890	SYNE1	SYNE1	DRIVER	True	protein_coding	-	4161
chr6	152333007	152338017	SYNE1	SYNE1	DRIVER	True	protein_coding	-	5010
chr6	152338240	152340366	SYNE1	SYNE1	DRIVER	True	protein_coding	-	2126
chr6	152343080	152345227	SYNE1	SYNE1	DRIVER	True	protein_coding	-	2147
chr6	152346058	152348235	SYNE1	SYNE1	DRIVER	True	protein_coding	-	2177
chr6	152349167	152355976	SYNE1	SYNE1	DRIVER	True	protein_coding	-	6809
chr6	152357372	152360458	SYNE1	SYNE1	DRIVER	True	protein_coding	-	3086
chr6	152361169	152363323	SYNE1	SYNE1	DRIVER	True	protein_coding	-	2154
chr6	152363846	152370614	SYNE1	SYNE1	DRIVER	True	protein_coding	-	6768
chr6	152372036	152374219	SYNE1	SYNE1	DRIVER	True	protein_coding	-	2183
chr6	152375064	152377912	SYNE1	SYNE1	DRIVER	True	protein_coding	-	2848
chr6	152380005	152382362	SYNE1	SYNE1	DRIVER	True	protein_coding	-	2357
chr6	152384673	152388381	SYNE1	SYNE1	DRIVER	True	protein_coding	-	3708
chr6	152389279	152392568	SYNE1	SYNE1	DRIVER	True	protein_coding	-	3289
chr6	152394515	152402341	SYNE1	SYNE1	DRIVER	True	protein_coding	-	7826
chr6	152403212	152405314	SYNE1	SYNE1	DRIVER	True	protein_coding	-	2102
chr6	152406013	152410709	SYNE1	SYNE1	DRIVER	True	protein_coding	-	4696
chr6	152412351	152414531	SYNE1	SYNE1	DRIVER	True	protein_coding	-	2180
chr6	152415386	152418015	SYNE1	SYNE1	DRIVER	True	protein_coding	-	2629
chr6	152418568	152420722	SYNE1	SYNE1	DRIVER	True	protein_coding	-	2154
chr6	152424380	152426547	SYNE1	SYNE1	DRIVER	True	protein_coding	-	2167
chr6	152426603	152431709	SYNE1	SYNE1	DRIVER	True	protein_coding	-	5106
chr6	152432524	152437101	SYNE1	SYNE1	DRIVER	True	protein_coding	-	4577
chr6	152440129	152443245	SYNE1	SYNE1	DRIVER	True	protein_coding	-	3116
chr6	152443410	152445578	SYNE1	SYNE1	DRIVER	True	protein_coding	-	2168
chr6	152446457	152452205	SYNE1	SYNE1	DRIVER	True	protein_coding	-	5748
chr6	152452415	152457044	SYNE1	SYNE1	DRIVER	True	protein_coding	-	4629
chr6	152457756	152459930	SYNE1	SYNE1	DRIVER	True	protein_coding	-	2174
chr6	152460596	152467078	SYNE1	SYNE1	DRIVER	True	protein_coding	-	6482
chr6	152470596	152473630	SYNE1	SYNE1	DRIVER	True	protein_coding	-	3034
chr6	152476915	152479630	SYNE1	SYNE1	DRIVER	True	protein_coding	-	2715
chr6	152482084	152485972	SYNE1	SYNE1	DRIVER	True	protein_coding	-	3888
chr6	152487395	152489503	SYNE1	SYNE1	DRIVER	True	protein_coding	-	2108
chr6	152497741	152499792	SYNE1	SYNE1	DRIVER	True	protein_coding	-	2051
chr6	152501632	152503742	SYNE1	SYNE1	DRIVER	True	protein_coding	-	2110
chr6	152504200	152506397	SYNE1	SYNE1	DRIVER	True	protein_coding	-	2197
chr6	152509192	152512591	SYNE1	SYNE1	DRIVER	True	protein_coding	-	3399
chr6	152519458	152521542	SYNE1	SYNE1	DRIVER	True	protein_coding	-	2084
chr6	152525079	152527175	SYNE1	SYNE1	DRIVER	True	protein_coding	-	2096
chr6	152538959	152541021	SYNE1	SYNE1	DRIVER	True	protein_coding	-	2062
chr6	152541159	152543240	SYNE1	SYNE1	DRIVER	True	protein_coding	-	2081
chr6	152562130	152564355	SYNE1	SYNE1	DRIVER	True	protein_coding	-	2225
chr6	152627264	152629554	SYNE1	SYNE1	DRIVER	True	protein_coding	-	2290
chr6	152635637	152638801	SYNE1	SYNE1	DRIVER	True	protein_coding	-	3164
chr6	160530481	160533649	LPA	LPA	PASSENGER	True	protein_coding	-	3168
chr6	160536854	160538961	LPA	LPA	PASSENGER	True	protein_coding	-	2107
chr6	160539042	160543808	LPA	LPA	PASSENGER	True	protein_coding	-	4766
chr6	160544439	160546533	LPA	LPA	PASSENGER	True	protein_coding	-	2094
chr6	160546788	160549659	LPA	LPA	PASSENGER	True	protein_coding	-	2871
chr6	160555024	160558571	LPA	LPA	PASSENGER	True	protein_coding	-	3547
chr6	160576135	160579704	LPA	LPA	PASSENGER	True	protein_coding	-	3569
chr6	160584045	160587630	LPA	LPA	PASSENGER	True	protein_coding	-	3585
chr6	160588552	160592101	LPA	LPA	PASSENGER	True	protein_coding	-	3549
chr6	160592957	160596535	LPA	LPA	PASSENGER	True	protein_coding	-	3578
chr6	160598499	160602098	LPA	LPA	PASSENGER	True	protein_coding	-	3599
chr6	160604045	160607658	LPA	LPA	PASSENGER	True	protein_coding	-	3613
chr6	160610561	160614113	LPA	LPA	PASSENGER	True	protein_coding	-	3552
chr6	160616116	160619665	LPA	LPA	PASSENGER	True	protein_coding	-	3549
chr6	160621662	160625211	LPA	LPA	PASSENGER	True	protein_coding	-	3549
chr6	160627206	160630755	LPA	LPA	PASSENGER	True	protein_coding	-	3549
chr6	160632752	160636304	LPA	LPA	PASSENGER	True	protein_coding	-	3552
chr6	160638299	160641848	LPA	LPA	PASSENGER	True	protein_coding	-	3549
chr6	160643846	160647395	LPA	LPA	PASSENGER	True	protein_coding	-	3549
chr6	160649337	160651497	LPA	LPA	PASSENGER	True	protein_coding	-	2160
chr6	160663165	160665275	LPA	LPA	PASSENGER	True	protein_coding	-	2110
chr6	160701193	160703353	PLG	PLG	PASSENGER	False	protein_coding	+	2160
chr6	160704387	160709609	PLG	PLG	PASSENGER	False	protein_coding	+	5222
chr6	160710076	160719838	PLG	PLG	PASSENGER	False	protein_coding	+	9762
chr6	160721407	160723567	PLG	PLG	PASSENGER	False	protein_coding	+	2160
chr6	160729739	160732893	PLG	PLG	PASSENGER	False	protein_coding	+	3154
chr6	160732994	160740208	PLG	PLG	PASSENGER	False	protein_coding	+	7214
chr6	160740310	160742417	PLG	PLG	PASSENGER	False	protein_coding	+	2107
chr6	160751114	160755097	PLG	PLG	PASSENGER	False	protein_coding	+	3983
chr7	20614666	20616837	ABCB5	ABCB5	PASSENGER	True	protein_coding	+	2171
chr7	20622264	20624338	ABCB5	ABCB5	PASSENGER	True	protein_coding	+	2074
chr7	20625556	20627611	ABCB5	ABCB5	PASSENGER	True	protein_coding	+	2055
chr7	20627687	20629838	ABCB5	ABCB5	PASSENGER	True	protein_coding	+	2151
chr7	20631058	20633113	ABCB5	ABCB5	PASSENGER	True	protein_coding	+	2055
chr7	20642183	20644632	ABCB5	ABCB5	PASSENGER	True	protein_coding	+	2449
chr7	20644755	20652696	ABCB5	ABCB5	PASSENGER	True	protein_coding	+	7941
chr7	20657505	20661394	ABCB5	ABCB5	PASSENGER	True	protein_coding	+	3889
chr7	20665758	20668323	ABCB5	ABCB5	PASSENGER	True	protein_coding	+	2565
chr7	20680504	20682666	ABCB5	ABCB5	PASSENGER	True	protein_coding	+	2162
chr7	20684695	20686836	ABCB5	ABCB5	PASSENGER	True	protein_coding	+	2141
chr7	20697406	20701135	ABCB5	ABCB5	PASSENGER	True	protein_coding	+	3729
chr7	20703723	20705807	ABCB5	ABCB5	PASSENGER	True	protein_coding	+	2084
chr7	20722015	20724219	ABCB5	ABCB5	PASSENGER	True	protein_coding	+	2204
chr7	20726039	20729455	ABCB5	ABCB5	PASSENGER	True	protein_coding	+	3416
chr7	20737982	20740139	ABCB5	ABCB5	PASSENGER	True	protein_coding	+	2157
chr7	20741876	20744074	ABCB5	ABCB5	PASSENGER	True	protein_coding	+	2198
chr7	20744231	20746438	ABCB5	ABCB5	PASSENGER	True	protein_coding	+	2207
chr7	20752359	20758008	ABCB5	ABCB5	PASSENGER	True	protein_coding	+	5649
chr7	20762255	20764468	ABCB5	ABCB5	PASSENGER	True	protein_coding	+	2213
chr7	20774977	20778038	ABCB5	ABCB5	PASSENGER	True	protein_coding	+	3061
chr7	48170457	48172552	ABCA13	ABCA13	PASSENGER	False	protein_coding	+	2095
chr7	48191958	48194052	ABCA13	ABCA13	PASSENGER	False	protein_coding	+	2094
chr7	48197236	48199360	ABCA13	ABCA13	PASSENGER	False	protein_coding	+	2124
chr7	48218353	48222309	ABCA13	ABCA13	PASSENGER	False	protein_coding	+	3956
chr7	48226261	48228425	ABCA13	ABCA13	PASSENGER	False	protein_coding	+	2164
chr7	48228824	48230955	ABCA13	ABCA13	PASSENGER	False	protein_coding	+	2131
chr7	48233017	48235227	ABCA13	ABCA13	PASSENGER	False	protein_coding	+	2210
chr7	48238240	48247030	ABCA13	ABCA13	PASSENGER	False	protein_coding	+	8790
chr7	48247238	48250351	ABCA13	ABCA13	PASSENGER	False	protein_coding	+	3113
chr7	48267979	48270094	ABCA13	ABCA13	PASSENGER	False	protein_coding	+	2115
chr7	48270786	48282452	ABCA13	ABCA13	PASSENGER	False	protein_coding	+	11666
chr7	48286959	48289078	ABCA13	ABCA13	PASSENGER	False	protein_coding	+	2119
chr7	48294699	48299487	ABCA13	ABCA13	PASSENGER	False	protein_coding	+	4788
chr7	48308946	48311141	ABCA13	ABCA13	PASSENGER	False	protein_coding	+	2195
chr7	48312066	48315409	ABCA13	ABCA13	PASSENGER	False	protein_coding	+	3343
chr7	48316156	48318296	ABCA13	ABCA13	PASSENGER	False	protein_coding	+	2140
chr7	48334421	48336535	ABCA13	ABCA13	PASSENGER	False	protein_coding	+	2114
chr7	48337364	48339455	ABCA13	ABCA13	PASSENGER	False	protein_coding	+	2091
chr7	48349642	48353487	ABCA13	ABCA13	PASSENGER	False	protein_coding	+	3845
chr7	48366793	48368908	ABCA13	ABCA13	PASSENGER	False	protein_coding	+	2115
chr7	48371167	48375416	ABCA13	ABCA13	PASSENGER	False	protein_coding	+	4249
chr7	48375440	48377572	ABCA13	ABCA13	PASSENGER	False	protein_coding	+	2132
chr7	48386821	48390220	ABCA13	ABCA13	PASSENGER	False	protein_coding	+	3399
chr7	48390920	48393139	ABCA13	ABCA13	PASSENGER	False	protein_coding	+	2219
chr7	48402682	48405665	ABCA13	ABCA13	PASSENGER	False	protein_coding	+	2983
chr7	48409519	48413583	ABCA13	ABCA13	PASSENGER	False	protein_coding	+	4064
chr7	48426765	48428871	ABCA13	ABCA13	PASSENGER	False	protein_coding	+	2106
chr7	48454036	48456286	ABCA13	ABCA13	PASSENGER	False	protein_coding	+	2250
chr7	48465952	48468045	ABCA13	ABCA13	PASSENGER	False	protein_coding	+	2093
chr7	48470529	48472599	ABCA13	ABCA13	PASSENGER	False	protein_coding	+	2070
chr7	48480035	48484163	ABCA13	ABCA13	PASSENGER	False	protein_coding	+	4128
chr7	48488235	48490344	ABCA13	ABCA13	PASSENGER	False	protein_coding	+	2109
chr7	48505335	48509049	ABCA13	ABCA13	PASSENGER	False	protein_coding	+	3714
chr7	48510083	48512199	ABCA13	ABCA13	PASSENGER	False	protein_coding	+	2116
chr7	48515724	48517881	ABCA13	ABCA13	PASSENGER	False	protein_coding	+	2157
chr7	48519040	48521294	ABCA13	ABCA13	PASSENGER	False	protein_coding	+	2254
chr7	48523247	48525440	ABCA13	ABCA13	PASSENGER	False	protein_coding	+	2193
chr7	48527235	48529345	ABCA13	ABCA13	PASSENGER	False	protein_coding	+	2110
chr7	48579223	48581374	ABCA13	ABCA13	PASSENGER	False	protein_coding	+	2151
chr7	48586153	48588288	ABCA13	ABCA13	PASSENGER	False	protein_coding	+	2135
chr7	48593709	48595813	ABCA13	ABCA13	PASSENGER	False	protein_coding	+	2104
chr7	48602713	48604871	ABCA13	ABCA13	PASSENGER	False	protein_coding	+	2158
chr7	48610925	48613201	ABCA13	ABCA13	PASSENGER	False	protein_coding	+	2276
chr7	48614284	48616377	ABCA13	ABCA13	PASSENGER	False	protein_coding	+	2093
chr7	48625601	48628092	ABCA13	ABCA13	PASSENGER	False	protein_coding	+	2491
chr7	48642287	48648497	ABCA13	ABCA13	PASSENGER	False	protein_coding	+	6210
chr7	82753011	82762493	PCLO	PCLO	DRIVER	False	protein_coding	-	9482
chr7	82800517	82802591	PCLO	PCLO	DRIVER	False	protein_coding	-	2074
chr7	82804687	82806829	PCLO	PCLO	DRIVER	False	protein_coding	-	2142
chr7	82819476	82825416	PCLO	PCLO	DRIVER	False	protein_coding	-	5940
chr7	82825588	82828966	PCLO	PCLO	DRIVER	False	protein_coding	-	3378
chr7	82834666	82836693	PCLO	PCLO	DRIVER	False	protein_coding	-	2027
chr7	82837217	82839342	PCLO	PCLO	DRIVER	False	protein_coding	-	2125
chr7	82840458	82842509	PCLO	PCLO	DRIVER	False	protein_coding	-	2051
chr7	82844270	82849921	PCLO	PCLO	DRIVER	False	protein_coding	-	5651
chr7	82867106	82869195	PCLO	PCLO	DRIVER	False	protein_coding	-	2089
chr7	82878336	82880462	PCLO	PCLO	DRIVER	False	protein_coding	-	2126
chr7	82893396	82895454	PCLO	PCLO	DRIVER	False	protein_coding	-	2058
chr7	82901650	82903741	PCLO	PCLO	DRIVER	False	protein_coding	-	2091
chr7	82907876	82910013	PCLO	PCLO	DRIVER	False	protein_coding	-	2137
chr7	82913360	82917873	PCLO	PCLO	DRIVER	False	protein_coding	-	4513
chr7	82948475	82957935	PCLO	PCLO	DRIVER	False	protein_coding	-	9460
chr7	82964770	82967487	PCLO	PCLO	DRIVER	False	protein_coding	-	2717
chr7	83133249	83136656	PCLO	PCLO	DRIVER	False	protein_coding	-	3407
chr7	83153747	83157392	PCLO	PCLO	DRIVER	False	protein_coding	-	3645
chr7	83161344	83163930	PCLO	PCLO	DRIVER	False	protein_coding	-	2586
chr7	87400695	87404379	ABCB4	ABCB4	PASSENGER	False	protein_coding	-	3684
chr7	87404919	87410392	ABCB4	ABCB4	PASSENGER	False	protein_coding	-	5473
chr7	87410892	87414717	ABCB4	ABCB4	PASSENGER	False	protein_coding	-	3825
chr7	87416311	87421075	ABCB4	ABCB4	PASSENGER	False	protein_coding	-	4764
chr7	87421120	87425052	ABCB4	ABCB4	PASSENGER	False	protein_coding	-	3932
chr7	87425749	87427920	ABCB4	ABCB4	PASSENGER	False	protein_coding	-	2171
chr7	87430403	87432565	ABCB4	ABCB4	PASSENGER	False	protein_coding	-	2162
chr7	87438666	87441402	ABCB4	ABCB4	PASSENGER	False	protein_coding	-	2736
chr7	87442318	87445975	ABCB4	ABCB4	PASSENGER	False	protein_coding	-	3657
chr7	87446033	87455592	ABCB4	ABCB4	PASSENGER	False	protein_coding	-	9559
chr7	87461757	87463908	ABCB4	ABCB4	PASSENGER	False	protein_coding	-	2151
chr7	87471620	87473675	ABCB4	ABCB4	PASSENGER	False	protein_coding	-	2055
chr7	87474385	87481435	ABCB4	ABCB4	PASSENGER	False	protein_coding	-	7050
chr7	88758699	88761084	ZNF804B	ZNF804B	PASSENGER	False	protein_coding	+	2385
chr7	89217153	89219295	ZNF804B	ZNF804B	PASSENGER	False	protein_coding	+	2142
chr7	89326343	89328474	ZNF804B	ZNF804B	PASSENGER	False	protein_coding	+	2131
chr7	89332362	89339528	ZNF804B	ZNF804B	PASSENGER	False	protein_coding	+	7166
chr7	91939839	91942147	AKAP9	AKAP9	DRIVER	False	protein_coding	+	2308
chr7	91969472	91971508	AKAP9	AKAP9	DRIVER	False	protein_coding	+	2036
chr7	91972710	91974968	AKAP9	AKAP9	DRIVER	False	protein_coding	+	2258
chr7	91978435	91981958	AKAP9	AKAP9	DRIVER	False	protein_coding	+	3523
chr7	91991157	91997052	AKAP9	AKAP9	DRIVER	False	protein_coding	+	5895
chr7	91999847	92004235	AKAP9	AKAP9	DRIVER	False	protein_coding	+	4388
chr7	92011428	92018102	AKAP9	AKAP9	DRIVER	False	protein_coding	+	6674
chr7	92021237	92024009	AKAP9	AKAP9	DRIVER	False	protein_coding	+	2772
chr7	92028894	92032604	AKAP9	AKAP9	DRIVER	False	protein_coding	+	3710
chr7	92037418	92046213	AKAP9	AKAP9	DRIVER	False	protein_coding	+	8795
chr7	92051725	92053958	AKAP9	AKAP9	DRIVER	False	protein_coding	+	2233
chr7	92056625	92059414	AKAP9	AKAP9	DRIVER	False	protein_coding	+	2789
chr7	92060259	92067546	AKAP9	AKAP9	DRIVER	False	protein_coding	+	7287
chr7	92069029	92072009	AKAP9	AKAP9	DRIVER	False	protein_coding	+	2980
chr7	92075854	92081152	AKAP9	AKAP9	DRIVER	False	protein_coding	+	5298
chr7	92081521	92087416	AKAP9	AKAP9	DRIVER	False	protein_coding	+	5895
chr7	92088384	92103826	AKAP9	AKAP9	DRIVER	False	protein_coding	+	15442
chr7	92104677	92111673	AKAP9	AKAP9	DRIVER	False	protein_coding	+	6996
chr7	93098512	93107105	SAMD9	SAMD9	DRIVER	False	protein_coding	-	8593
chr7	93113794	93115895	SAMD9	SAMD9	DRIVER	False	protein_coding	-	2101
chr7	93116862	93119023	SAMD9	SAMD9	DRIVER	False	protein_coding	-	2161
chr7	100176562	100179062	STAG3	STAG3	DRIVER	False	protein_coding	+	2500
chr7	100179492	100183839	STAG3	STAG3	DRIVER	False	protein_coding	+	4347
chr7	100185199	100187297	STAG3	STAG3	DRIVER	False	protein_coding	+	2098
chr7	100187452	100190596	STAG3	STAG3	DRIVER	False	protein_coding	+	3144
chr7	100194308	100206384	STAG3	STAG3	DRIVER	False	protein_coding	+	12076
chr7	100210010	100215387	STAG3	STAG3	DRIVER	False	protein_coding	+	5377
chr7	101019071	101021217	MUC17	MUC17	PASSENGER	True	protein_coding	+	2146
chr7	101030119	101044819	MUC17	MUC17	PASSENGER	True	protein_coding	+	14700
chr7	101046983	101054606	MUC17	MUC17	PASSENGER	True	protein_coding	+	7623
chr7	101055193	101059859	MUC17	MUC17	PASSENGER	True	protein_coding	+	4666
chr7	111725109	111729720	DOCK4	DOCK4	DRIVER	False	protein_coding	-	4611
chr7	111731225	111733514	DOCK4	DOCK4	DRIVER	False	protein_coding	-	2289
chr7	111734053	111737989	DOCK4	DOCK4	DRIVER	False	protein_coding	-	3936
chr7	111738133	111743132	DOCK4	DOCK4	DRIVER	False	protein_coding	-	4999
chr7	111745333	111748443	DOCK4	DOCK4	DRIVER	False	protein_coding	-	3110
chr7	111754514	111756601	DOCK4	DOCK4	DRIVER	False	protein_coding	-	2087
chr7	111757623	111761322	DOCK4	DOCK4	DRIVER	False	protein_coding	-	3699
chr7	111764117	111768118	DOCK4	DOCK4	DRIVER	False	protein_coding	-	4001
chr7	111768528	111770677	DOCK4	DOCK4	DRIVER	False	protein_coding	-	2149
chr7	111777275	111779369	DOCK4	DOCK4	DRIVER	False	protein_coding	-	2094
chr7	111781863	111785479	DOCK4	DOCK4	DRIVER	False	protein_coding	-	3616
chr7	111787500	111791605	DOCK4	DOCK4	DRIVER	False	protein_coding	-	4105
chr7	111807820	111810401	DOCK4	DOCK4	DRIVER	False	protein_coding	-	2581
chr7	111810873	111812949	DOCK4	DOCK4	DRIVER	False	protein_coding	-	2076
chr7	111821361	111823456	DOCK4	DOCK4	DRIVER	False	protein_coding	-	2095
chr7	111833587	111835686	DOCK4	DOCK4	DRIVER	False	protein_coding	-	2099
chr7	111839762	111841870	DOCK4	DOCK4	DRIVER	False	protein_coding	-	2108
chr7	111843762	111845897	DOCK4	DOCK4	DRIVER	False	protein_coding	-	2135
chr7	111845998	111848126	DOCK4	DOCK4	DRIVER	False	protein_coding	-	2128
chr7	111861882	111864564	DOCK4	DOCK4	DRIVER	False	protein_coding	-	2682
chr7	111866983	111870655	DOCK4	DOCK4	DRIVER	False	protein_coding	-	3672
chr7	111870989	111873564	DOCK4	DOCK4	DRIVER	False	protein_coding	-	2575
chr7	111876029	111878186	DOCK4	DOCK4	DRIVER	False	protein_coding	-	2157
chr7	111894611	111896718	DOCK4	DOCK4	DRIVER	False	protein_coding	-	2107
chr7	111899373	111902801	DOCK4	DOCK4	DRIVER	False	protein_coding	-	3428
chr7	111914778	111916904	DOCK4	DOCK4	DRIVER	False	protein_coding	-	2126
chr7	111934107	111936628	DOCK4	DOCK4	DRIVER	False	protein_coding	-	2521
chr7	111939109	111941242	DOCK4	DOCK4	DRIVER	False	protein_coding	-	2133
chr7	111943810	111946798	DOCK4	DOCK4	DRIVER	False	protein_coding	-	2988
chr7	111975537	111978283	DOCK4	DOCK4	DRIVER	False	protein_coding	-	2746
chr7	111983305	111985390	DOCK4	DOCK4	DRIVER	False	protein_coding	-	2085
chr7	111988014	111990163	DOCK4	DOCK4	DRIVER	False	protein_coding	-	2149
chr7	111993134	111995231	DOCK4	DOCK4	DRIVER	False	protein_coding	-	2097
chr7	111997447	112001534	DOCK4	DOCK4	DRIVER	False	protein_coding	-	4087
chr7	112003047	112005131	DOCK4	DOCK4	DRIVER	False	protein_coding	-	2084
chr7	112205101	112207407	DOCK4	DOCK4	DRIVER	False	protein_coding	-	2306
chr7	113875776	113883320	PPP1R3A	PPP1R3A	PASSENGER	False	protein_coding	-	7544
chr7	113917214	113920009	PPP1R3A	PPP1R3A	PASSENGER	False	protein_coding	-	2795
chr7	114074625	114076920	PPP1R3A	PPP1R3A	PASSENGER	False	protein_coding	-	2295
chr7	121872088	121874557	PTPRZ1	PTPRZ1	PASSENGER	False	protein_coding	+	2469
chr7	121892523	121894626	PTPRZ1	PTPRZ1	PASSENGER	False	protein_coding	+	2103
chr7	121927155	121929221	PTPRZ1	PTPRZ1	PASSENGER	False	protein_coding	+	2066
chr7	121965918	121969130	PTPRZ1	PTPRZ1	PASSENGER	False	protein_coding	+	3212
chr7	121971540	121973692	PTPRZ1	PTPRZ1	PASSENGER	False	protein_coding	+	2152
chr7	121975172	121977851	PTPRZ1	PTPRZ1	PASSENGER	False	protein_coding	+	2679
chr7	121982664	121985117	PTPRZ1	PTPRZ1	PASSENGER	False	protein_coding	+	2453
chr7	121995381	121999006	PTPRZ1	PTPRZ1	PASSENGER	False	protein_coding	+	3625
chr7	122003613	122005660	PTPRZ1	PTPRZ1	PASSENGER	False	protein_coding	+	2047
chr7	122009333	122014889	PTPRZ1	PTPRZ1	PASSENGER	False	protein_coding	+	5556
chr7	122018123	122020268	PTPRZ1	PTPRZ1	PASSENGER	False	protein_coding	+	2145
chr7	122027217	122029643	PTPRZ1	PTPRZ1	PASSENGER	False	protein_coding	+	2426
chr7	122030473	122035378	PTPRZ1	PTPRZ1	PASSENGER	False	protein_coding	+	4905
chr7	122035599	122037682	PTPRZ1	PTPRZ1	PASSENGER	False	protein_coding	+	2083
chr7	122037754	122045568	PTPRZ1	PTPRZ1	PASSENGER	False	protein_coding	+	7814
chr7	122046673	122048790	PTPRZ1	PTPRZ1	PASSENGER	False	protein_coding	+	2117
chr7	122050427	122056087	PTPRZ1	PTPRZ1	PASSENGER	False	protein_coding	+	5660
chr7	122057799	122063036	PTPRZ1	PTPRZ1	PASSENGER	False	protein_coding	+	5237
chr7	128829405	128831989	FLNC	FLNC	DRIVER	False	protein_coding	+	2584
chr7	128834325	128860274	FLNC	FLNC	DRIVER	False	protein_coding	+	25949
chr7	132122339	132131574	PLXNA4	PLXNA4	DRIVER	False	protein_coding	-	9235
chr7	132132048	132134199	PLXNA4	PLXNA4	DRIVER	False	protein_coding	-	2151
chr7	132139598	132141811	PLXNA4	PLXNA4	DRIVER	False	protein_coding	-	2213
chr7	132144118	132149646	PLXNA4	PLXNA4	DRIVER	False	protein_coding	-	5528
chr7	132158472	132160632	PLXNA4	PLXNA4	DRIVER	False	protein_coding	-	2160
chr7	132163141	132166200	PLXNA4	PLXNA4	DRIVER	False	protein_coding	-	3059
chr7	132167303	132169572	PLXNA4	PLXNA4	DRIVER	False	protein_coding	-	2269
chr7	132173777	132175920	PLXNA4	PLXNA4	DRIVER	False	protein_coding	-	2143
chr7	132178686	132183190	PLXNA4	PLXNA4	DRIVER	False	protein_coding	-	4504
chr7	132184298	132186463	PLXNA4	PLXNA4	DRIVER	False	protein_coding	-	2165
chr7	132186470	132188607	PLXNA4	PLXNA4	DRIVER	False	protein_coding	-	2137
chr7	132193061	132195179	PLXNA4	PLXNA4	DRIVER	False	protein_coding	-	2118
chr7	132197484	132199636	PLXNA4	PLXNA4	DRIVER	False	protein_coding	-	2152
chr7	132201645	132204419	PLXNA4	PLXNA4	DRIVER	False	protein_coding	-	2774
chr7	132209942	132212143	PLXNA4	PLXNA4	DRIVER	False	protein_coding	-	2201
chr7	132222526	132224641	PLXNA4	PLXNA4	DRIVER	False	protein_coding	-	2115
chr7	132225160	132229469	PLXNA4	PLXNA4	DRIVER	False	protein_coding	-	4309
chr7	132240065	132242166	PLXNA4	PLXNA4	DRIVER	False	protein_coding	-	2101
chr7	132297090	132299222	PLXNA4	PLXNA4	DRIVER	False	protein_coding	-	2132
chr7	132382487	132386295	PLXNA4	PLXNA4	DRIVER	False	protein_coding	-	3808
chr7	132483757	132486013	PLXNA4	PLXNA4	DRIVER	False	protein_coding	-	2256
chr7	132488291	132490474	PLXNA4	PLXNA4	DRIVER	False	protein_coding	-	2183
chr7	132506505	132509779	PLXNA4	PLXNA4	DRIVER	False	protein_coding	-	3274
chr7	132575421	132578301	PLXNA4	PLXNA4	DRIVER	False	protein_coding	-	2880
chr7	132644927	132647043	PLXNA4	PLXNA4	DRIVER	False	protein_coding	-	2116
chr7	132647513	132649688	PLXNA4	PLXNA4	DRIVER	False	protein_coding	-	2175
chr7	151955378	151958886	GALNTL5	GALNTL5	PASSENGER	False	protein_coding	+	3508
chr7	151959176	151961686	GALNTL5	GALNTL5	PASSENGER	False	protein_coding	+	2510
chr7	151966207	151968493	GALNTL5	GALNTL5	PASSENGER	False	protein_coding	+	2286
chr7	151969614	151972065	GALNTL5	GALNTL5	PASSENGER	False	protein_coding	+	2451
chr7	151981840	151988281	GALNTL5	GALNTL5	PASSENGER	False	protein_coding	+	6441
chr7	151993938	151996341	GALNTL5	GALNTL5	PASSENGER	False	protein_coding	+	2403
chr7	152001713	152003963	GALNTL5	GALNTL5	PASSENGER	False	protein_coding	+	2250
chr7	152006826	152008944	GALNTL5	GALNTL5	PASSENGER	False	protein_coding	+	2118
chr7	152013643	152015793	GALNTL5	GALNTL5	PASSENGER	False	protein_coding	+	2150
chr7	152018645	152020929	GALNTL5	GALNTL5	PASSENGER	False	protein_coding	+	2284
chr8	2934352	2939744	CSMD1	CSMD1	PASSENGER	False	protein_coding	-	5392
chr8	2941471	2943604	CSMD1	CSMD1	PASSENGER	False	protein_coding	-	2133
chr8	2948298	2952275	CSMD1	CSMD1	PASSENGER	False	protein_coding	-	3977
chr8	2953223	2958807	CSMD1	CSMD1	PASSENGER	False	protein_coding	-	5584
chr8	2960140	2964395	CSMD1	CSMD1	PASSENGER	False	protein_coding	-	4255
chr8	2964774	2967746	CSMD1	CSMD1	PASSENGER	False	protein_coding	-	2972
chr8	2972116	2975624	CSMD1	CSMD1	PASSENGER	False	protein_coding	-	3508
chr8	2977611	2979800	CSMD1	CSMD1	PASSENGER	False	protein_coding	-	2189
chr8	2997010	3001131	CSMD1	CSMD1	PASSENGER	False	protein_coding	-	4121
chr8	3017476	3019650	CSMD1	CSMD1	PASSENGER	False	protein_coding	-	2174
chr8	3028318	3030513	CSMD1	CSMD1	PASSENGER	False	protein_coding	-	2195
chr8	3042720	3044788	CSMD1	CSMD1	PASSENGER	False	protein_coding	-	2068
chr8	3051461	3053647	CSMD1	CSMD1	PASSENGER	False	protein_coding	-	2186
chr8	3086096	3088285	CSMD1	CSMD1	PASSENGER	False	protein_coding	-	2189
chr8	3090515	3092662	CSMD1	CSMD1	PASSENGER	False	protein_coding	-	2147
chr8	3095848	3098037	CSMD1	CSMD1	PASSENGER	False	protein_coding	-	2189
chr8	3105527	3111335	CSMD1	CSMD1	PASSENGER	False	protein_coding	-	5808
chr8	3111959	3114363	CSMD1	CSMD1	PASSENGER	False	protein_coding	-	2404
chr8	3117398	3119587	CSMD1	CSMD1	PASSENGER	False	protein_coding	-	2189
chr8	3126385	3129900	CSMD1	CSMD1	PASSENGER	False	protein_coding	-	3515
chr8	3141464	3143674	CSMD1	CSMD1	PASSENGER	False	protein_coding	-	2210
chr8	3150246	3152513	CSMD1	CSMD1	PASSENGER	False	protein_coding	-	2267
chr8	3156896	3158966	CSMD1	CSMD1	PASSENGER	False	protein_coding	-	2070
chr8	3161158	3163277	CSMD1	CSMD1	PASSENGER	False	protein_coding	-	2119
chr8	3180109	3184146	CSMD1	CSMD1	PASSENGER	False	protein_coding	-	4037
chr8	3186868	3191115	CSMD1	CSMD1	PASSENGER	False	protein_coding	-	4247
chr8	3198713	3202725	CSMD1	CSMD1	PASSENGER	False	protein_coding	-	4012
chr8	3204503	3206620	CSMD1	CSMD1	PASSENGER	False	protein_coding	-	2117
chr8	3213496	3215691	CSMD1	CSMD1	PASSENGER	False	protein_coding	-	2195
chr8	3218254	3220442	CSMD1	CSMD1	PASSENGER	False	protein_coding	-	2188
chr8	3222728	3224867	CSMD1	CSMD1	PASSENGER	False	protein_coding	-	2139
chr8	3229039	3231231	CSMD1	CSMD1	PASSENGER	False	protein_coding	-	2192
chr8	3277363	3280163	CSMD1	CSMD1	PASSENGER	False	protein_coding	-	2800
chr8	3283143	3285654	CSMD1	CSMD1	PASSENGER	False	protein_coding	-	2511
chr8	3306694	3309503	CSMD1	CSMD1	PASSENGER	False	protein_coding	-	2809
chr8	3342293	3344450	CSMD1	CSMD1	PASSENGER	False	protein_coding	-	2157
chr8	3346991	3349161	CSMD1	CSMD1	PASSENGER	False	protein_coding	-	2170
chr8	3358151	3360340	CSMD1	CSMD1	PASSENGER	False	protein_coding	-	2189
chr8	3366031	3368247	CSMD1	CSMD1	PASSENGER	False	protein_coding	-	2216
chr8	3368253	3370370	CSMD1	CSMD1	PASSENGER	False	protein_coding	-	2117
chr8	3386493	3388682	CSMD1	CSMD1	PASSENGER	False	protein_coding	-	2189
chr8	3395193	3397381	CSMD1	CSMD1	PASSENGER	False	protein_coding	-	2188
chr8	3398390	3400529	CSMD1	CSMD1	PASSENGER	False	protein_coding	-	2139
chr8	3405026	3410607	CSMD1	CSMD1	PASSENGER	False	protein_coding	-	5581
chr8	3467711	3470200	CSMD1	CSMD1	PASSENGER	False	protein_coding	-	2489
chr8	3492622	3494726	CSMD1	CSMD1	PASSENGER	False	protein_coding	-	2104
chr8	3514264	3516359	CSMD1	CSMD1	PASSENGER	False	protein_coding	-	2095
chr8	3573944	3576066	CSMD1	CSMD1	PASSENGER	False	protein_coding	-	2122
chr8	3585135	3587260	CSMD1	CSMD1	PASSENGER	False	protein_coding	-	2125
chr8	3597303	3599306	CSMD1	CSMD1	PASSENGER	False	protein_coding	-	2003
chr8	3612275	3614278	CSMD1	CSMD1	PASSENGER	False	protein_coding	-	2003
chr8	3615709	3617797	CSMD1	CSMD1	PASSENGER	False	protein_coding	-	2088
chr8	3701146	3703280	CSMD1	CSMD1	PASSENGER	False	protein_coding	-	2134
chr8	3703740	3705857	CSMD1	CSMD1	PASSENGER	False	protein_coding	-	2117
chr8	3707413	3709496	CSMD1	CSMD1	PASSENGER	False	protein_coding	-	2083
chr8	3752929	3755042	CSMD1	CSMD1	PASSENGER	False	protein_coding	-	2113
chr8	3996902	3999110	CSMD1	CSMD1	PASSENGER	False	protein_coding	-	2208
chr8	4030904	4033099	CSMD1	CSMD1	PASSENGER	False	protein_coding	-	2195
chr8	4418952	4421065	CSMD1	CSMD1	PASSENGER	False	protein_coding	-	2113
chr8	4636341	4638558	CSMD1	CSMD1	PASSENGER	False	protein_coding	-	2217
chr8	4993331	4995972	CSMD1	CSMD1	PASSENGER	False	protein_coding	-	2641
chr8	10605348	10614346	RP1L1	RP1L1	PASSENGER	False	protein_coding	-	8998
chr8	10615445	10617587	RP1L1	RP1L1	PASSENGER	False	protein_coding	-	2142
chr8	10620095	10624220	RP1L1	RP1L1	PASSENGER	False	protein_coding	-	4125
chr8	10653897	10656143	RP1L1	RP1L1	PASSENGER	False	protein_coding	-	2246
chr8	10710956	10713187	RP1L1	RP1L1	PASSENGER	False	protein_coding	-	2231
chr8	30830543	30834323	TEX15	TEX15	PASSENGER	False	protein_coding	-	3780
chr8	30835802	30840964	TEX15	TEX15	PASSENGER	False	protein_coding	-	5162
chr8	30841003	30850316	TEX15	TEX15	PASSENGER	False	protein_coding	-	9313
chr8	30857667	30861057	TEX15	TEX15	PASSENGER	False	protein_coding	-	3390
chr8	30866264	30868502	TEX15	TEX15	PASSENGER	False	protein_coding	-	2238
chr8	30873936	30876102	TEX15	TEX15	PASSENGER	False	protein_coding	-	2166
chr8	30885865	30891606	TEX15	TEX15	PASSENGER	False	protein_coding	-	5741
chr8	30897741	30899817	TEX15	TEX15	PASSENGER	False	protein_coding	-	2076
chr8	30911878	30914008	TEX15	TEX15	PASSENGER	False	protein_coding	-	2130
chr8	47772110	47786317	PRKDC	PRKDC	DRIVER	False	protein_coding	-	14207
chr8	47787905	47790238	PRKDC	PRKDC	DRIVER	False	protein_coding	-	2333
chr8	47793289	47795501	PRKDC	PRKDC	DRIVER	False	protein_coding	-	2212
chr8	47797236	47801986	PRKDC	PRKDC	DRIVER	False	protein_coding	-	4750
chr8	47802305	47804480	PRKDC	PRKDC	DRIVER	False	protein_coding	-	2175
chr8	47806136	47808456	PRKDC	PRKDC	DRIVER	False	protein_coding	-	2320
chr8	47816449	47822792	PRKDC	PRKDC	DRIVER	False	protein_coding	-	6343
chr8	47822857	47824996	PRKDC	PRKDC	DRIVER	False	protein_coding	-	2139
chr8	47825655	47829347	PRKDC	PRKDC	DRIVER	False	protein_coding	-	3692
chr8	47829604	47841189	PRKDC	PRKDC	DRIVER	False	protein_coding	-	11585
chr8	47844682	47846820	PRKDC	PRKDC	DRIVER	False	protein_coding	-	2138
chr8	47848153	47850503	PRKDC	PRKDC	DRIVER	False	protein_coding	-	2350
chr8	47851672	47865792	PRKDC	PRKDC	DRIVER	False	protein_coding	-	14120
chr8	47876723	47883977	PRKDC	PRKDC	DRIVER	False	protein_coding	-	7254
chr8	47884943	47891480	PRKDC	PRKDC	DRIVER	False	protein_coding	-	6537
chr8	47892138	47894387	PRKDC	PRKDC	DRIVER	False	protein_coding	-	2249
chr8	47896160	47901467	PRKDC	PRKDC	DRIVER	False	protein_coding	-	5307
chr8	47901568	47903795	PRKDC	PRKDC	DRIVER	False	protein_coding	-	2227
chr8	47903868	47905976	PRKDC	PRKDC	DRIVER	False	protein_coding	-	2108
chr8	47911409	47916418	PRKDC	PRKDC	DRIVER	False	protein_coding	-	5009
chr8	47917276	47919383	PRKDC	PRKDC	DRIVER	False	protein_coding	-	2107
chr8	47925832	47937517	PRKDC	PRKDC	DRIVER	False	protein_coding	-	11685
chr8	47938550	47940950	PRKDC	PRKDC	DRIVER	False	protein_coding	-	2400
chr8	47942208	47945029	PRKDC	PRKDC	DRIVER	False	protein_coding	-	2821
chr8	47952619	47961178	PRKDC	PRKDC	DRIVER	False	protein_coding	-	8559
chr8	52109837	52114338	ST18	ST18	PASSENGER	False	protein_coding	-	4501
chr8	52115270	52119441	ST18	ST18	PASSENGER	False	protein_coding	-	4171
chr8	52124883	52127140	ST18	ST18	PASSENGER	False	protein_coding	-	2257
chr8	52130957	52134301	ST18	ST18	PASSENGER	False	protein_coding	-	3344
chr8	52135589	52138812	ST18	ST18	PASSENGER	False	protein_coding	-	3223
chr8	52141929	52144045	ST18	ST18	PASSENGER	False	protein_coding	-	2116
chr8	52148731	52150977	ST18	ST18	PASSENGER	False	protein_coding	-	2246
chr8	52157897	52160109	ST18	ST18	PASSENGER	False	protein_coding	-	2212
chr8	52160374	52162568	ST18	ST18	PASSENGER	False	protein_coding	-	2194
chr8	52162985	52167986	ST18	ST18	PASSENGER	False	protein_coding	-	5001
chr8	52170568	52173583	ST18	ST18	PASSENGER	False	protein_coding	-	3015
chr8	52179121	52181312	ST18	ST18	PASSENGER	False	protein_coding	-	2191
chr8	52200061	52202376	ST18	ST18	PASSENGER	False	protein_coding	-	2315
chr8	52205415	52207750	ST18	ST18	PASSENGER	False	protein_coding	-	2335
chr8	52209029	52213109	ST18	ST18	PASSENGER	False	protein_coding	-	4080
chr8	52213202	52215290	ST18	ST18	PASSENGER	False	protein_coding	-	2088
chr8	52216741	52218901	ST18	ST18	PASSENGER	False	protein_coding	-	2160
chr8	52219563	52223095	ST18	ST18	PASSENGER	False	protein_coding	-	3532
chr8	52224088	52226129	ST18	ST18	PASSENGER	False	protein_coding	-	2041
chr8	52228692	52231077	ST18	ST18	PASSENGER	False	protein_coding	-	2385
chr8	52245585	52250412	ST18	ST18	PASSENGER	False	protein_coding	-	4827
chr8	52253249	52255348	ST18	ST18	PASSENGER	False	protein_coding	-	2099
chr8	52392575	52394879	ST18	ST18	PASSENGER	False	protein_coding	-	2304
chr8	52402326	52410945	ST18	ST18	PASSENGER	False	protein_coding	-	8619
chr8	52459884	52461959	ST18	ST18	PASSENGER	False	protein_coding	-	2075
chr8	55101027	55104294	XKR4	XKR4	PASSENGER	False	protein_coding	+	3267
chr8	55356677	55358877	XKR4	XKR4	PASSENGER	False	protein_coding	+	2200
chr8	55522280	55543054	XKR4	XKR4	PASSENGER	False	protein_coding	+	20774
chr8	76680238	76684955	ZFHX4	ZFHX4	DRIVER	False	protein_coding	+	4717
chr8	76692405	76694506	ZFHX4	ZFHX4	DRIVER	False	protein_coding	+	2101
chr8	76702597	76709258	ZFHX4	ZFHX4	DRIVER	False	protein_coding	+	6661
chr8	76775387	76779439	ZFHX4	ZFHX4	DRIVER	False	protein_coding	+	4052
chr8	76781142	76783218	ZFHX4	ZFHX4	DRIVER	False	protein_coding	+	2076
chr8	76832337	76835434	ZFHX4	ZFHX4	DRIVER	False	protein_coding	+	3097
chr8	76841654	76843771	ZFHX4	ZFHX4	DRIVER	False	protein_coding	+	2117
chr8	76847994	76857300	ZFHX4	ZFHX4	DRIVER	False	protein_coding	+	9306
chr8	76862093	76868281	ZFHX4	ZFHX4	DRIVER	False	protein_coding	+	6188
chr8	86552976	86555126	CNGB3	CNGB3	PASSENGER	False	protein_coding	-	2150
chr8	86568313	86570387	CNGB3	CNGB3	PASSENGER	False	protein_coding	-	2074
chr8	86572934	86577130	CNGB3	CNGB3	PASSENGER	False	protein_coding	-	4196
chr8	86577688	86580252	CNGB3	CNGB3	PASSENGER	False	protein_coding	-	2564
chr8	86603092	86605211	CNGB3	CNGB3	PASSENGER	False	protein_coding	-	2119
chr8	86605349	86607449	CNGB3	CNGB3	PASSENGER	False	protein_coding	-	2100
chr8	86610587	86612671	CNGB3	CNGB3	PASSENGER	False	protein_coding	-	2084
chr8	86624982	86627080	CNGB3	CNGB3	PASSENGER	False	protein_coding	-	2098
chr8	86627918	86630078	CNGB3	CNGB3	PASSENGER	False	protein_coding	-	2160
chr8	86631751	86633893	CNGB3	CNGB3	PASSENGER	False	protein_coding	-	2142
chr8	86642750	86645686	CNGB3	CNGB3	PASSENGER	False	protein_coding	-	2936
chr8	86646800	86648887	CNGB3	CNGB3	PASSENGER	False	protein_coding	-	2087
chr8	86653011	86655062	CNGB3	CNGB3	PASSENGER	False	protein_coding	-	2051
chr8	86656273	86658945	CNGB3	CNGB3	PASSENGER	False	protein_coding	-	2672
chr8	86665924	86669168	CNGB3	CNGB3	PASSENGER	False	protein_coding	-	3244
chr8	86669943	86672098	CNGB3	CNGB3	PASSENGER	False	protein_coding	-	2155
chr8	86692970	86695069	CNGB3	CNGB3	PASSENGER	False	protein_coding	-	2099
chr8	86702948	86705402	CNGB3	CNGB3	PASSENGER	False	protein_coding	-	2454
chr8	86725530	86727657	CNGB3	CNGB3	PASSENGER	False	protein_coding	-	2127
chr8	86738654	86740736	CNGB3	CNGB3	PASSENGER	False	protein_coding	-	2082
chr8	86742498	86744675	CNGB3	CNGB3	PASSENGER	False	protein_coding	-	2177
chr8	99012265	99014935	VPS13B	VPS13B	DRIVER	True	protein_coding	+	2670
chr8	99037422	99039566	VPS13B	VPS13B	DRIVER	True	protein_coding	+	2144
chr8	99054925	99057040	VPS13B	VPS13B	DRIVER	True	protein_coding	+	2115
chr8	99095311	99097432	VPS13B	VPS13B	DRIVER	True	protein_coding	+	2121
chr8	99101952	99104120	VPS13B	VPS13B	DRIVER	True	protein_coding	+	2168
chr8	99110097	99116874	VPS13B	VPS13B	DRIVER	True	protein_coding	+	6777
chr8	99120176	99122762	VPS13B	VPS13B	DRIVER	True	protein_coding	+	2586
chr8	99133631	99138068	VPS13B	VPS13B	DRIVER	True	protein_coding	+	4437
chr8	99141973	99144165	VPS13B	VPS13B	DRIVER	True	protein_coding	+	2192
chr8	99146840	99149010	VPS13B	VPS13B	DRIVER	True	protein_coding	+	2170
chr8	99149753	99151822	VPS13B	VPS13B	DRIVER	True	protein_coding	+	2069
chr8	99155548	99157743	VPS13B	VPS13B	DRIVER	True	protein_coding	+	2195
chr8	99169038	99171163	VPS13B	VPS13B	DRIVER	True	protein_coding	+	2125
chr8	99191875	99194385	VPS13B	VPS13B	DRIVER	True	protein_coding	+	2510
chr8	99235270	99237392	VPS13B	VPS13B	DRIVER	True	protein_coding	+	2122
chr8	99239869	99242502	VPS13B	VPS13B	DRIVER	True	protein_coding	+	2633
chr8	99273197	99276254	VPS13B	VPS13B	DRIVER	True	protein_coding	+	3057
chr8	99383207	99385317	VPS13B	VPS13B	DRIVER	True	protein_coding	+	2110
chr8	99388615	99393341	VPS13B	VPS13B	DRIVER	True	protein_coding	+	4726
chr8	99423266	99425532	VPS13B	VPS13B	DRIVER	True	protein_coding	+	2266
chr8	99428569	99432664	VPS13B	VPS13B	DRIVER	True	protein_coding	+	4095
chr8	99441400	99445261	VPS13B	VPS13B	DRIVER	True	protein_coding	+	3861
chr8	99466413	99468634	VPS13B	VPS13B	DRIVER	True	protein_coding	+	2221
chr8	99480598	99482802	VPS13B	VPS13B	DRIVER	True	protein_coding	+	2204
chr8	99500686	99503950	VPS13B	VPS13B	DRIVER	True	protein_coding	+	3264
chr8	99506136	99508911	VPS13B	VPS13B	DRIVER	True	protein_coding	+	2775
chr8	99510103	99512512	VPS13B	VPS13B	DRIVER	True	protein_coding	+	2409
chr8	99519898	99522010	VPS13B	VPS13B	DRIVER	True	protein_coding	+	2112
chr8	99555449	99557653	VPS13B	VPS13B	DRIVER	True	protein_coding	+	2204
chr8	99574657	99578785	VPS13B	VPS13B	DRIVER	True	protein_coding	+	4128
chr8	99640810	99643498	VPS13B	VPS13B	DRIVER	True	protein_coding	+	2688
chr8	99660353	99662491	VPS13B	VPS13B	DRIVER	True	protein_coding	+	2138
chr8	99698524	99700932	VPS13B	VPS13B	DRIVER	True	protein_coding	+	2408
chr8	99716170	99718373	VPS13B	VPS13B	DRIVER	True	protein_coding	+	2203
chr8	99719344	99722047	VPS13B	VPS13B	DRIVER	True	protein_coding	+	2703
chr8	99765773	99767970	VPS13B	VPS13B	DRIVER	True	protein_coding	+	2197
chr8	99775774	99780031	VPS13B	VPS13B	DRIVER	True	protein_coding	+	4257
chr8	99783314	99785476	VPS13B	VPS13B	DRIVER	True	protein_coding	+	2162
chr8	99808374	99810530	VPS13B	VPS13B	DRIVER	True	protein_coding	+	2156
chr8	99816539	99822482	VPS13B	VPS13B	DRIVER	True	protein_coding	+	5943
chr8	99822831	99824978	VPS13B	VPS13B	DRIVER	True	protein_coding	+	2147
chr8	99831368	99833652	VPS13B	VPS13B	DRIVER	True	protein_coding	+	2284
chr8	99834196	99836738	VPS13B	VPS13B	DRIVER	True	protein_coding	+	2542
chr8	99847775	99849894	VPS13B	VPS13B	DRIVER	True	protein_coding	+	2119
chr8	99852450	99855519	VPS13B	VPS13B	DRIVER	True	protein_coding	+	3069
chr8	99858303	99860480	VPS13B	VPS13B	DRIVER	True	protein_coding	+	2177
chr8	99860775	99862946	VPS13B	VPS13B	DRIVER	True	protein_coding	+	2171
chr8	99867056	99869465	VPS13B	VPS13B	DRIVER	True	protein_coding	+	2409
chr8	99869784	99872697	VPS13B	VPS13B	DRIVER	True	protein_coding	+	2913
chr8	99874417	99878580	VPS13B	VPS13B	DRIVER	True	protein_coding	+	4163
chr8	112221927	112225930	CSMD3	CSMD3	PASSENGER	False	protein_coding	-	4003
chr8	112227755	112229891	CSMD3	CSMD3	PASSENGER	False	protein_coding	-	2136
chr8	112230544	112232632	CSMD3	CSMD3	PASSENGER	False	protein_coding	-	2088
chr8	112233364	112235477	CSMD3	CSMD3	PASSENGER	False	protein_coding	-	2113
chr8	112236189	112238348	CSMD3	CSMD3	PASSENGER	False	protein_coding	-	2159
chr8	112240719	112242785	CSMD3	CSMD3	PASSENGER	False	protein_coding	-	2066
chr8	112243393	112245573	CSMD3	CSMD3	PASSENGER	False	protein_coding	-	2180
chr8	112246019	112248131	CSMD3	CSMD3	PASSENGER	False	protein_coding	-	2112
chr8	112253252	112256928	CSMD3	CSMD3	PASSENGER	False	protein_coding	-	3676
chr8	112262638	112266590	CSMD3	CSMD3	PASSENGER	False	protein_coding	-	3952
chr8	112280173	112282350	CSMD3	CSMD3	PASSENGER	False	protein_coding	-	2177
chr8	112286063	112288246	CSMD3	CSMD3	PASSENGER	False	protein_coding	-	2183
chr8	112288364	112293710	CSMD3	CSMD3	PASSENGER	False	protein_coding	-	5346
chr8	112294832	112297006	CSMD3	CSMD3	PASSENGER	False	protein_coding	-	2174
chr8	112300792	112302966	CSMD3	CSMD3	PASSENGER	False	protein_coding	-	2174
chr8	112303720	112307192	CSMD3	CSMD3	PASSENGER	False	protein_coding	-	3472
chr8	112309224	112312166	CSMD3	CSMD3	PASSENGER	False	protein_coding	-	2942
chr8	112312905	112315617	CSMD3	CSMD3	PASSENGER	False	protein_coding	-	2712
chr8	112317836	112320981	CSMD3	CSMD3	PASSENGER	False	protein_coding	-	3145
chr8	112334328	112338731	CSMD3	CSMD3	PASSENGER	False	protein_coding	-	4403
chr8	112340476	112342686	CSMD3	CSMD3	PASSENGER	False	protein_coding	-	2210
chr8	112345096	112347213	CSMD3	CSMD3	PASSENGER	False	protein_coding	-	2117
chr8	112350174	112353534	CSMD3	CSMD3	PASSENGER	False	protein_coding	-	3360
chr8	112379351	112381456	CSMD3	CSMD3	PASSENGER	False	protein_coding	-	2105
chr8	112382566	112384663	CSMD3	CSMD3	PASSENGER	False	protein_coding	-	2097
chr8	112389663	112391788	CSMD3	CSMD3	PASSENGER	False	protein_coding	-	2125
chr8	112405523	112410032	CSMD3	CSMD3	PASSENGER	False	protein_coding	-	4509
chr8	112471590	112473707	CSMD3	CSMD3	PASSENGER	False	protein_coding	-	2117
chr8	112491488	112493683	CSMD3	CSMD3	PASSENGER	False	protein_coding	-	2195
chr8	112502789	112504977	CSMD3	CSMD3	PASSENGER	False	protein_coding	-	2188
chr8	112505690	112507829	CSMD3	CSMD3	PASSENGER	False	protein_coding	-	2139
chr8	112516033	112518225	CSMD3	CSMD3	PASSENGER	False	protein_coding	-	2192
chr8	112549670	112553720	CSMD3	CSMD3	PASSENGER	False	protein_coding	-	4050
chr8	112555762	112557954	CSMD3	CSMD3	PASSENGER	False	protein_coding	-	2192
chr8	112572500	112574657	CSMD3	CSMD3	PASSENGER	False	protein_coding	-	2157
chr8	112586065	112588235	CSMD3	CSMD3	PASSENGER	False	protein_coding	-	2170
chr8	112635816	112639911	CSMD3	CSMD3	PASSENGER	False	protein_coding	-	4095
chr8	112644108	112646225	CSMD3	CSMD3	PASSENGER	False	protein_coding	-	2117
chr8	112649160	112651349	CSMD3	CSMD3	PASSENGER	False	protein_coding	-	2189
chr8	112655153	112657341	CSMD3	CSMD3	PASSENGER	False	protein_coding	-	2188
chr8	112665276	112667415	CSMD3	CSMD3	PASSENGER	False	protein_coding	-	2139
chr8	112681441	112683636	CSMD3	CSMD3	PASSENGER	False	protein_coding	-	2195
chr8	112684405	112686732	CSMD3	CSMD3	PASSENGER	False	protein_coding	-	2327
chr8	112688867	112691050	CSMD3	CSMD3	PASSENGER	False	protein_coding	-	2183
chr8	112799161	112801274	CSMD3	CSMD3	PASSENGER	False	protein_coding	-	2113
chr8	112828685	112830789	CSMD3	CSMD3	PASSENGER	False	protein_coding	-	2104
chr8	112858144	112860266	CSMD3	CSMD3	PASSENGER	False	protein_coding	-	2122
chr8	112920626	112922751	CSMD3	CSMD3	PASSENGER	False	protein_coding	-	2125
chr8	112946789	112948877	CSMD3	CSMD3	PASSENGER	False	protein_coding	-	2088
chr8	112953683	112955761	CSMD3	CSMD3	PASSENGER	False	protein_coding	-	2078
chr8	112974836	112977148	CSMD3	CSMD3	PASSENGER	False	protein_coding	-	2312
chr8	113017775	113020179	CSMD3	CSMD3	PASSENGER	False	protein_coding	-	2404
chr8	113097524	113099963	CSMD3	CSMD3	PASSENGER	False	protein_coding	-	2439
chr8	113172721	113174916	CSMD3	CSMD3	PASSENGER	False	protein_coding	-	2195
chr8	113277591	113279704	CSMD3	CSMD3	PASSENGER	False	protein_coding	-	2113
chr8	113308204	113315793	CSMD3	CSMD3	PASSENGER	False	protein_coding	-	7589
chr8	113375737	113378153	CSMD3	CSMD3	PASSENGER	False	protein_coding	-	2416
chr8	113435676	113437939	CSMD3	CSMD3	PASSENGER	False	protein_coding	-	2263
chr8	120058779	120060871	COL14A1	COL14A1	DRIVER	False	protein_coding	+	2092
chr8	120070095	120072165	COL14A1	COL14A1	DRIVER	False	protein_coding	+	2070
chr8	120104582	120108514	COL14A1	COL14A1	DRIVER	False	protein_coding	+	3932
chr8	120124101	120126340	COL14A1	COL14A1	DRIVER	False	protein_coding	+	2239
chr8	120146805	120148930	COL14A1	COL14A1	DRIVER	False	protein_coding	+	2125
chr8	120157129	120159246	COL14A1	COL14A1	DRIVER	False	protein_coding	+	2117
chr8	120161425	120163569	COL14A1	COL14A1	DRIVER	False	protein_coding	+	2144
chr8	120167160	120169247	COL14A1	COL14A1	DRIVER	False	protein_coding	+	2087
chr8	120195790	120200566	COL14A1	COL14A1	DRIVER	False	protein_coding	+	4776
chr8	120202708	120204870	COL14A1	COL14A1	DRIVER	False	protein_coding	+	2162
chr8	120205942	120210901	COL14A1	COL14A1	DRIVER	False	protein_coding	+	4959
chr8	120211447	120215061	COL14A1	COL14A1	DRIVER	False	protein_coding	+	3614
chr8	120215350	120217492	COL14A1	COL14A1	DRIVER	False	protein_coding	+	2142
chr8	120224087	120229769	COL14A1	COL14A1	DRIVER	False	protein_coding	+	5682
chr8	120230466	120233090	COL14A1	COL14A1	DRIVER	False	protein_coding	+	2624
chr8	120242878	120245008	COL14A1	COL14A1	DRIVER	False	protein_coding	+	2130
chr8	120246612	120248735	COL14A1	COL14A1	DRIVER	False	protein_coding	+	2123
chr8	120249616	120251766	COL14A1	COL14A1	DRIVER	False	protein_coding	+	2150
chr8	120254239	120256356	COL14A1	COL14A1	DRIVER	False	protein_coding	+	2117
chr8	120261867	120264014	COL14A1	COL14A1	DRIVER	False	protein_coding	+	2147
chr8	120265826	120267992	COL14A1	COL14A1	DRIVER	False	protein_coding	+	2166
chr8	120269034	120271174	COL14A1	COL14A1	DRIVER	False	protein_coding	+	2140
chr8	120276484	120282059	COL14A1	COL14A1	DRIVER	False	protein_coding	+	5575
chr8	120282635	120284778	COL14A1	COL14A1	DRIVER	False	protein_coding	+	2143
chr8	120284860	120286970	COL14A1	COL14A1	DRIVER	False	protein_coding	+	2110
chr8	120288607	120290766	COL14A1	COL14A1	DRIVER	False	protein_coding	+	2159
chr8	120296510	120298588	COL14A1	COL14A1	DRIVER	False	protein_coding	+	2078
chr8	120299731	120301818	COL14A1	COL14A1	DRIVER	False	protein_coding	+	2087
chr8	120309008	120311062	COL14A1	COL14A1	DRIVER	False	protein_coding	+	2054
chr8	120312931	120316997	COL14A1	COL14A1	DRIVER	False	protein_coding	+	4066
chr8	120331140	120333735	COL14A1	COL14A1	DRIVER	False	protein_coding	+	2595
chr8	120340324	120343446	COL14A1	COL14A1	DRIVER	False	protein_coding	+	3122
chr8	120344374	120346563	COL14A1	COL14A1	DRIVER	False	protein_coding	+	2189
chr8	120366170	120368248	COL14A1	COL14A1	DRIVER	False	protein_coding	+	2078
chr8	120368329	120374573	COL14A1	COL14A1	DRIVER	False	protein_coding	+	6244
chr8	123850986	123853185	FER1L6	FER1L6	PASSENGER	False	protein_coding	+	2199
chr8	123954991	123957074	FER1L6	FER1L6	PASSENGER	False	protein_coding	+	2083
chr8	123962277	123964398	FER1L6	FER1L6	PASSENGER	False	protein_coding	+	2121
chr8	123965006	123967290	FER1L6	FER1L6	PASSENGER	False	protein_coding	+	2284
chr8	123969034	123971097	FER1L6	FER1L6	PASSENGER	False	protein_coding	+	2063
chr8	123972433	123978609	FER1L6	FER1L6	PASSENGER	False	protein_coding	+	6176
chr8	123979464	123981811	FER1L6	FER1L6	PASSENGER	False	protein_coding	+	2347
chr8	123985067	123987176	FER1L6	FER1L6	PASSENGER	False	protein_coding	+	2109
chr8	124002166	124004347	FER1L6	FER1L6	PASSENGER	False	protein_coding	+	2181
chr8	124009593	124011714	FER1L6	FER1L6	PASSENGER	False	protein_coding	+	2121
chr8	124012430	124014531	FER1L6	FER1L6	PASSENGER	False	protein_coding	+	2101
chr8	124016627	124018718	FER1L6	FER1L6	PASSENGER	False	protein_coding	+	2091
chr8	124020549	124024596	FER1L6	FER1L6	PASSENGER	False	protein_coding	+	4047
chr8	124034276	124036454	FER1L6	FER1L6	PASSENGER	False	protein_coding	+	2178
chr8	124038881	124041006	FER1L6	FER1L6	PASSENGER	False	protein_coding	+	2125
chr8	124044766	124046901	FER1L6	FER1L6	PASSENGER	False	protein_coding	+	2135
chr8	124048606	124050756	FER1L6	FER1L6	PASSENGER	False	protein_coding	+	2150
chr8	124059179	124063032	FER1L6	FER1L6	PASSENGER	False	protein_coding	+	3853
chr8	124063346	124072631	FER1L6	FER1L6	PASSENGER	False	protein_coding	+	9285
chr8	124075197	124077325	FER1L6	FER1L6	PASSENGER	False	protein_coding	+	2128
chr8	124081287	124083458	FER1L6	FER1L6	PASSENGER	False	protein_coding	+	2171
chr8	124090422	124092583	FER1L6	FER1L6	PASSENGER	False	protein_coding	+	2161
chr8	124093895	124096038	FER1L6	FER1L6	PASSENGER	False	protein_coding	+	2143
chr8	124096270	124098883	FER1L6	FER1L6	PASSENGER	False	protein_coding	+	2613
chr8	124100096	124104309	FER1L6	FER1L6	PASSENGER	False	protein_coding	+	4213
chr8	124117843	124121061	FER1L6	FER1L6	PASSENGER	False	protein_coding	+	3218
chr8	130779300	130781877	ADCY8	ADCY8	PASSENGER	True	protein_coding	-	2577
chr8	130782690	130786475	ADCY8	ADCY8	PASSENGER	True	protein_coding	-	3785
chr8	130799425	130801572	ADCY8	ADCY8	PASSENGER	True	protein_coding	-	2147
chr8	130813068	130815227	ADCY8	ADCY8	PASSENGER	True	protein_coding	-	2159
chr8	130820341	130822420	ADCY8	ADCY8	PASSENGER	True	protein_coding	-	2079
chr8	130835276	130837449	ADCY8	ADCY8	PASSENGER	True	protein_coding	-	2173
chr8	130846423	130848513	ADCY8	ADCY8	PASSENGER	True	protein_coding	-	2090
chr8	130848601	130850803	ADCY8	ADCY8	PASSENGER	True	protein_coding	-	2202
chr8	130866845	130868946	ADCY8	ADCY8	PASSENGER	True	protein_coding	-	2101
chr8	130883563	130885761	ADCY8	ADCY8	PASSENGER	True	protein_coding	-	2198
chr8	130902771	130905042	ADCY8	ADCY8	PASSENGER	True	protein_coding	-	2271
chr8	130908707	130910866	ADCY8	ADCY8	PASSENGER	True	protein_coding	-	2159
chr8	130936072	130938200	ADCY8	ADCY8	PASSENGER	True	protein_coding	-	2128
chr8	130942350	130944462	ADCY8	ADCY8	PASSENGER	True	protein_coding	-	2112
chr8	130950867	130952998	ADCY8	ADCY8	PASSENGER	True	protein_coding	-	2131
chr8	130989392	130991865	ADCY8	ADCY8	PASSENGER	True	protein_coding	-	2473
chr8	131038373	131041909	ADCY8	ADCY8	PASSENGER	True	protein_coding	-	3536
chr8	132865957	132874221	TG	TG	PASSENGER	False	protein_coding	+	8264
chr8	132880862	132884240	TG	TG	PASSENGER	False	protein_coding	+	3378
chr8	132885447	132889568	TG	TG	PASSENGER	False	protein_coding	+	4121
chr8	132892689	132894929	TG	TG	PASSENGER	False	protein_coding	+	2240
chr8	132896648	132902553	TG	TG	PASSENGER	False	protein_coding	+	5905
chr8	132905687	132909340	TG	TG	PASSENGER	False	protein_coding	+	3653
chr8	132910376	132914265	TG	TG	PASSENGER	False	protein_coding	+	3889
chr8	132918375	132920525	TG	TG	PASSENGER	False	protein_coding	+	2150
chr8	132922337	132924508	TG	TG	PASSENGER	False	protein_coding	+	2171
chr8	132928075	132930192	TG	TG	PASSENGER	False	protein_coding	+	2117
chr8	132932560	132934676	TG	TG	PASSENGER	False	protein_coding	+	2116
chr8	132934755	132936864	TG	TG	PASSENGER	False	protein_coding	+	2109
chr8	132940350	132942542	TG	TG	PASSENGER	False	protein_coding	+	2192
chr8	132947775	132949943	TG	TG	PASSENGER	False	protein_coding	+	2168
chr8	132960007	132970569	TG	TG	PASSENGER	False	protein_coding	+	10562
chr8	132970793	132973741	TG	TG	PASSENGER	False	protein_coding	+	2948
chr8	132982349	132984753	TG	TG	PASSENGER	False	protein_coding	+	2404
chr8	132993715	132995804	TG	TG	PASSENGER	False	protein_coding	+	2089
chr8	133000772	133004256	TG	TG	PASSENGER	False	protein_coding	+	3484
chr8	133010900	133014764	TG	TG	PASSENGER	False	protein_coding	+	3864
chr8	133016698	133020695	TG	TG	PASSENGER	False	protein_coding	+	3997
chr8	133020990	133023150	TG	TG	PASSENGER	False	protein_coding	+	2160
chr8	133028820	133031023	TG	TG	PASSENGER	False	protein_coding	+	2203
chr8	133093622	133097373	TG	TG	PASSENGER	False	protein_coding	+	3751
chr8	133112421	133114668	TG	TG	PASSENGER	False	protein_coding	+	2247
chr8	133115608	133117716	TG	TG	PASSENGER	False	protein_coding	+	2108
chr8	133130811	133135903	TG	TG	PASSENGER	False	protein_coding	+	5092
chr8	138129022	138133798	FAM135B	FAM135B	PASSENGER	False	protein_coding	-	4776
chr8	138136146	138140096	FAM135B	FAM135B	PASSENGER	False	protein_coding	-	3950
chr8	138140197	138147050	FAM135B	FAM135B	PASSENGER	False	protein_coding	-	6853
chr8	138147519	138149835	FAM135B	FAM135B	PASSENGER	False	protein_coding	-	2316
chr8	138150193	138154216	FAM135B	FAM135B	PASSENGER	False	protein_coding	-	4023
chr8	138166894	138169049	FAM135B	FAM135B	PASSENGER	False	protein_coding	-	2155
chr8	138176346	138179690	FAM135B	FAM135B	PASSENGER	False	protein_coding	-	3344
chr8	138194257	138196307	FAM135B	FAM135B	PASSENGER	False	protein_coding	-	2050
chr8	138196515	138198669	FAM135B	FAM135B	PASSENGER	False	protein_coding	-	2154
chr8	138241941	138244068	FAM135B	FAM135B	PASSENGER	False	protein_coding	-	2127
chr8	138249840	138252014	FAM135B	FAM135B	PASSENGER	False	protein_coding	-	2174
chr8	138255688	138257759	FAM135B	FAM135B	PASSENGER	False	protein_coding	-	2071
chr8	138264702	138266842	FAM135B	FAM135B	PASSENGER	False	protein_coding	-	2140
chr8	138307983	138311920	FAM135B	FAM135B	PASSENGER	False	protein_coding	-	3937
chr8	138357337	138359560	FAM135B	FAM135B	PASSENGER	False	protein_coding	-	2223
chr8	138366332	138369002	FAM135B	FAM135B	PASSENGER	False	protein_coding	-	2670
chr8	138424435	138426515	FAM135B	FAM135B	PASSENGER	False	protein_coding	-	2080
chr8	138435855	138442784	FAM135B	FAM135B	PASSENGER	False	protein_coding	-	6929
chr8	138449496	138451811	FAM135B	FAM135B	PASSENGER	False	protein_coding	-	2315
chr8	138458106	138460565	FAM135B	FAM135B	PASSENGER	False	protein_coding	-	2459
chr8	138476316	138478456	FAM135B	FAM135B	PASSENGER	False	protein_coding	-	2140
chr8	138495670	138498261	FAM135B	FAM135B	PASSENGER	False	protein_coding	-	2591
chr8	142871355	142880846	CYP11B1	CYP11B1	DRIVER	False	protein_coding	-	9491
chr8	142909558	142918843	CYP11B2	CYP11B2	PASSENGER	False	protein_coding	-	9285
chr9	70528059	70538405	TRPM3	TRPM3	PASSENGER	False	protein_coding	-	10346
chr9	70548541	70550674	TRPM3	TRPM3	PASSENGER	False	protein_coding	-	2133
chr9	70551843	70554310	TRPM3	TRPM3	PASSENGER	False	protein_coding	-	2467
chr9	70589935	70592205	TRPM3	TRPM3	PASSENGER	False	protein_coding	-	2270
chr9	70597418	70599670	TRPM3	TRPM3	PASSENGER	False	protein_coding	-	2252
chr9	70602341	70604470	TRPM3	TRPM3	PASSENGER	False	protein_coding	-	2129
chr9	70609608	70611749	TRPM3	TRPM3	PASSENGER	False	protein_coding	-	2141
chr9	70614907	70617075	TRPM3	TRPM3	PASSENGER	False	protein_coding	-	2168
chr9	70617866	70622273	TRPM3	TRPM3	PASSENGER	False	protein_coding	-	4407
chr9	70624190	70626517	TRPM3	TRPM3	PASSENGER	False	protein_coding	-	2327
chr9	70634210	70636261	TRPM3	TRPM3	PASSENGER	False	protein_coding	-	2051
chr9	70638059	70641660	TRPM3	TRPM3	PASSENGER	False	protein_coding	-	3601
chr9	70680505	70682578	TRPM3	TRPM3	PASSENGER	False	protein_coding	-	2073
chr9	70723749	70726536	TRPM3	TRPM3	PASSENGER	False	protein_coding	-	2787
chr9	70759687	70762724	TRPM3	TRPM3	PASSENGER	False	protein_coding	-	3037
chr9	70773087	70777487	TRPM3	TRPM3	PASSENGER	False	protein_coding	-	4400
chr9	70782856	70785380	TRPM3	TRPM3	PASSENGER	False	protein_coding	-	2524
chr9	70792440	70794697	TRPM3	TRPM3	PASSENGER	False	protein_coding	-	2257
chr9	70796004	70798128	TRPM3	TRPM3	PASSENGER	False	protein_coding	-	2124
chr9	70810169	70812244	TRPM3	TRPM3	PASSENGER	False	protein_coding	-	2075
chr9	70823435	70829018	TRPM3	TRPM3	PASSENGER	False	protein_coding	-	5583
chr9	70841918	70844127	TRPM3	TRPM3	PASSENGER	False	protein_coding	-	2209
chr9	70845377	70847591	TRPM3	TRPM3	PASSENGER	False	protein_coding	-	2214
chr9	70856209	70858295	TRPM3	TRPM3	PASSENGER	False	protein_coding	-	2086
chr9	70861907	70866469	TRPM3	TRPM3	PASSENGER	False	protein_coding	-	4562
chr9	70867985	70870135	TRPM3	TRPM3	PASSENGER	False	protein_coding	-	2150
chr9	70921747	70923901	TRPM3	TRPM3	PASSENGER	False	protein_coding	-	2154
chr9	71067054	71069136	TRPM3	TRPM3	PASSENGER	False	protein_coding	-	2082
chr9	71095892	71097985	TRPM3	TRPM3	PASSENGER	False	protein_coding	-	2093
chr9	71111858	71113869	TRPM3	TRPM3	PASSENGER	False	protein_coding	-	2011
chr9	71120177	71122621	TRPM3	TRPM3	PASSENGER	False	protein_coding	-	2444
chr9	71445652	71447977	TRPM3	TRPM3	PASSENGER	False	protein_coding	-	2325
chr9	76610375	76616162	PRUNE2	PRUNE2	DRIVER	True	protein_coding	-	5787
chr9	76618339	76620387	PRUNE2	PRUNE2	DRIVER	True	protein_coding	-	2048
chr9	76623451	76626058	PRUNE2	PRUNE2	DRIVER	True	protein_coding	-	2607
chr9	76628191	76630290	PRUNE2	PRUNE2	DRIVER	True	protein_coding	-	2099
chr9	76635470	76639288	PRUNE2	PRUNE2	DRIVER	True	protein_coding	-	3818
chr9	76640946	76642980	PRUNE2	PRUNE2	DRIVER	True	protein_coding	-	2034
chr9	76643496	76646138	PRUNE2	PRUNE2	DRIVER	True	protein_coding	-	2642
chr9	76650967	76653683	PRUNE2	PRUNE2	DRIVER	True	protein_coding	-	2716
chr9	76654422	76656502	PRUNE2	PRUNE2	DRIVER	True	protein_coding	-	2080
chr9	76691073	76693200	PRUNE2	PRUNE2	DRIVER	True	protein_coding	-	2127
chr9	76702336	76712358	PRUNE2	PRUNE2	DRIVER	True	protein_coding	-	10022
chr9	76712562	76714721	PRUNE2	PRUNE2	DRIVER	True	protein_coding	-	2159
chr9	76787343	76789534	PRUNE2	PRUNE2	DRIVER	True	protein_coding	-	2191
chr9	76822247	76824726	PRUNE2	PRUNE2	DRIVER	True	protein_coding	-	2479
chr9	76825579	76827732	PRUNE2	PRUNE2	DRIVER	True	protein_coding	-	2153
chr9	76845514	76847678	PRUNE2	PRUNE2	DRIVER	True	protein_coding	-	2164
chr9	76849462	76851665	PRUNE2	PRUNE2	DRIVER	True	protein_coding	-	2203
chr9	76853103	76855208	PRUNE2	PRUNE2	DRIVER	True	protein_coding	-	2105
chr9	76867935	76870182	PRUNE2	PRUNE2	DRIVER	True	protein_coding	-	2247
chr9	76904927	76907114	PRUNE2	PRUNE2	DRIVER	True	protein_coding	-	2187
chr9	110364247	110367560	SVEP1	SVEP1	DRIVER	False	protein_coding	-	3313
chr9	110368922	110371016	SVEP1	SVEP1	DRIVER	False	protein_coding	-	2094
chr9	110374367	110380517	SVEP1	SVEP1	DRIVER	False	protein_coding	-	6150
chr9	110384897	110388458	SVEP1	SVEP1	DRIVER	False	protein_coding	-	3561
chr9	110388523	110390587	SVEP1	SVEP1	DRIVER	False	protein_coding	-	2064
chr9	110399853	110402009	SVEP1	SVEP1	DRIVER	False	protein_coding	-	2156
chr9	110403326	110409951	SVEP1	SVEP1	DRIVER	False	protein_coding	-	6625
chr9	110410062	110412735	SVEP1	SVEP1	DRIVER	False	protein_coding	-	2673
chr9	110426590	110437504	SVEP1	SVEP1	DRIVER	False	protein_coding	-	10914
chr9	110441478	110444720	SVEP1	SVEP1	DRIVER	False	protein_coding	-	3242
chr9	110444836	110448057	SVEP1	SVEP1	DRIVER	False	protein_coding	-	3221
chr9	110449058	110452402	SVEP1	SVEP1	DRIVER	False	protein_coding	-	3344
chr9	110454589	110460113	SVEP1	SVEP1	DRIVER	False	protein_coding	-	5524
chr9	110464864	110467026	SVEP1	SVEP1	DRIVER	False	protein_coding	-	2162
chr9	110467939	110470101	SVEP1	SVEP1	DRIVER	False	protein_coding	-	2162
chr9	110470363	110473323	SVEP1	SVEP1	DRIVER	False	protein_coding	-	2960
chr9	110474882	110477315	SVEP1	SVEP1	DRIVER	False	protein_coding	-	2433
chr9	110478634	110484693	SVEP1	SVEP1	DRIVER	False	protein_coding	-	6059
chr9	110488649	110490779	SVEP1	SVEP1	DRIVER	False	protein_coding	-	2130
chr9	110495814	110497933	SVEP1	SVEP1	DRIVER	False	protein_coding	-	2119
chr9	110498040	110500238	SVEP1	SVEP1	DRIVER	False	protein_coding	-	2198
chr9	110502037	110504217	SVEP1	SVEP1	DRIVER	False	protein_coding	-	2180
chr9	110511925	110515106	SVEP1	SVEP1	DRIVER	False	protein_coding	-	3181
chr9	110545114	110547291	SVEP1	SVEP1	DRIVER	False	protein_coding	-	2177
chr9	110548848	110551104	SVEP1	SVEP1	DRIVER	False	protein_coding	-	2256
chr9	110578012	110580880	SVEP1	SVEP1	DRIVER	False	protein_coding	-	2868
chr9	132260355	132267249	SETX	SETX	DRIVER	False	protein_coding	-	6894
chr9	132268402	132270702	SETX	SETX	DRIVER	False	protein_coding	-	2300
chr9	132270709	132272808	SETX	SETX	DRIVER	False	protein_coding	-	2099
chr9	132273922	132279257	SETX	SETX	DRIVER	False	protein_coding	-	5335
chr9	132280466	132284413	SETX	SETX	DRIVER	False	protein_coding	-	3947
chr9	132285422	132289651	SETX	SETX	DRIVER	False	protein_coding	-	4229
chr9	132294871	132299312	SETX	SETX	DRIVER	False	protein_coding	-	4441
chr9	132299629	132301803	SETX	SETX	DRIVER	False	protein_coding	-	2174
chr9	132310756	132312856	SETX	SETX	DRIVER	False	protein_coding	-	2100
chr9	132325323	132332448	SETX	SETX	DRIVER	False	protein_coding	-	7125
chr9	132333607	132337515	SETX	SETX	DRIVER	False	protein_coding	-	3908
chr9	132341689	132343799	SETX	SETX	DRIVER	False	protein_coding	-	2110
chr9	132345260	132347471	SETX	SETX	DRIVER	False	protein_coding	-	2211
chr9	132348251	132350435	SETX	SETX	DRIVER	False	protein_coding	-	2184
chr9	132352648	132355986	SETX	SETX	DRIVER	False	protein_coding	-	3338
chr10	8044377	8046515	GATA3	GATA3	DRIVER	False	protein_coding	+	2138
chr10	8052603	8056896	GATA3	GATA3	DRIVER	False	protein_coding	+	4293
chr10	8057304	8059841	GATA3	GATA3	DRIVER	False	protein_coding	+	2537
chr10	8062992	8065138	GATA3	GATA3	DRIVER	False	protein_coding	+	2146
chr10	8068472	8070598	GATA3	GATA3	DRIVER	False	protein_coding	+	2126
chr10	8072738	8076198	GATA3	GATA3	DRIVER	False	protein_coding	+	3460
chr10	16822965	16826082	CUBN	CUBN	DRIVER	True	protein_coding	-	3117
chr10	16827804	16830040	CUBN	CUBN	DRIVER	True	protein_coding	-	2236
chr10	16830251	16832417	CUBN	CUBN	DRIVER	True	protein_coding	-	2166
chr10	16834013	16837382	CUBN	CUBN	DRIVER	True	protein_coding	-	3369
chr10	16839329	16842047	CUBN	CUBN	DRIVER	True	protein_coding	-	2718
chr10	16850234	16852443	CUBN	CUBN	DRIVER	True	protein_coding	-	2209
chr10	16865806	16867855	CUBN	CUBN	DRIVER	True	protein_coding	-	2049
chr10	16868635	16870853	CUBN	CUBN	DRIVER	True	protein_coding	-	2218
chr10	16873373	16875503	CUBN	CUBN	DRIVER	True	protein_coding	-	2130
chr10	16875896	16878097	CUBN	CUBN	DRIVER	True	protein_coding	-	2201
chr10	16887416	16891527	CUBN	CUBN	DRIVER	True	protein_coding	-	4111
chr10	16897995	16902459	CUBN	CUBN	DRIVER	True	protein_coding	-	4464
chr10	16902965	16905115	CUBN	CUBN	DRIVER	True	protein_coding	-	2150
chr10	16905202	16908748	CUBN	CUBN	DRIVER	True	protein_coding	-	3546
chr10	16912810	16917030	CUBN	CUBN	DRIVER	True	protein_coding	-	4220
chr10	16917621	16921137	CUBN	CUBN	DRIVER	True	protein_coding	-	3516
chr10	16924240	16926774	CUBN	CUBN	DRIVER	True	protein_coding	-	2534
chr10	16927156	16929303	CUBN	CUBN	DRIVER	True	protein_coding	-	2147
chr10	16932086	16934284	CUBN	CUBN	DRIVER	True	protein_coding	-	2198
chr10	16936591	16941237	CUBN	CUBN	DRIVER	True	protein_coding	-	4646
chr10	16946234	16951111	CUBN	CUBN	DRIVER	True	protein_coding	-	4877
chr10	16951275	16955548	CUBN	CUBN	DRIVER	True	protein_coding	-	4273
chr10	16964639	16966977	CUBN	CUBN	DRIVER	True	protein_coding	-	2338
chr10	16981483	16985279	CUBN	CUBN	DRIVER	True	protein_coding	-	3796
chr10	16989333	16991515	CUBN	CUBN	DRIVER	True	protein_coding	-	2182
chr10	17018832	17020983	CUBN	CUBN	DRIVER	True	protein_coding	-	2151
chr10	17040032	17042220	CUBN	CUBN	DRIVER	True	protein_coding	-	2188
chr10	17042826	17048603	CUBN	CUBN	DRIVER	True	protein_coding	-	5777
chr10	17064507	17066638	CUBN	CUBN	DRIVER	True	protein_coding	-	2131
chr10	17067063	17069770	CUBN	CUBN	DRIVER	True	protein_coding	-	2707
chr10	17070425	17072971	CUBN	CUBN	DRIVER	True	protein_coding	-	2546
chr10	17083270	17086759	CUBN	CUBN	DRIVER	True	protein_coding	-	3489
chr10	17087163	17089345	CUBN	CUBN	DRIVER	True	protein_coding	-	2182
chr10	17099004	17101239	CUBN	CUBN	DRIVER	True	protein_coding	-	2235
chr10	17102124	17106575	CUBN	CUBN	DRIVER	True	protein_coding	-	4451
chr10	17108639	17112050	CUBN	CUBN	DRIVER	True	protein_coding	-	3411
chr10	17113026	17116597	CUBN	CUBN	DRIVER	True	protein_coding	-	3571
chr10	17120881	17124689	CUBN	CUBN	DRIVER	True	protein_coding	-	3808
chr10	17125760	17130811	CUBN	CUBN	DRIVER	True	protein_coding	-	5051
chr10	17950838	17954537	SLC39A12	SLC39A12	PASSENGER	False	protein_coding	+	3699
chr10	17960580	17962862	SLC39A12	SLC39A12	PASSENGER	False	protein_coding	+	2282
chr10	17964482	17966690	SLC39A12	SLC39A12	PASSENGER	False	protein_coding	+	2208
chr10	17976901	17979074	SLC39A12	SLC39A12	PASSENGER	False	protein_coding	+	2173
chr10	17980311	17982483	SLC39A12	SLC39A12	PASSENGER	False	protein_coding	+	2172
chr10	17986478	17988651	SLC39A12	SLC39A12	PASSENGER	False	protein_coding	+	2173
chr10	17990150	17994291	SLC39A12	SLC39A12	PASSENGER	False	protein_coding	+	4141
chr10	17994655	17996722	SLC39A12	SLC39A12	PASSENGER	False	protein_coding	+	2067
chr10	17999666	18001825	SLC39A12	SLC39A12	PASSENGER	False	protein_coding	+	2159
chr10	18002170	18004358	SLC39A12	SLC39A12	PASSENGER	False	protein_coding	+	2188
chr10	18041704	18044292	SLC39A12	SLC39A12	PASSENGER	False	protein_coding	+	2588
chr10	25933228	25936830	MYO3A	MYO3A	PASSENGER	False	protein_coding	+	3602
chr10	25951093	25953278	MYO3A	MYO3A	PASSENGER	False	protein_coding	+	2185
chr10	25953873	25956008	MYO3A	MYO3A	PASSENGER	False	protein_coding	+	2135
chr10	25995489	25998258	MYO3A	MYO3A	PASSENGER	False	protein_coding	+	2769
chr10	26015819	26017915	MYO3A	MYO3A	PASSENGER	False	protein_coding	+	2096
chr10	26020502	26025087	MYO3A	MYO3A	PASSENGER	False	protein_coding	+	4585
chr10	26025376	26027532	MYO3A	MYO3A	PASSENGER	False	protein_coding	+	2156
chr10	26065974	26071401	MYO3A	MYO3A	PASSENGER	False	protein_coding	+	5427
chr10	26087202	26089405	MYO3A	MYO3A	PASSENGER	False	protein_coding	+	2203
chr10	26095380	26097682	MYO3A	MYO3A	PASSENGER	False	protein_coding	+	2302
chr10	26119675	26121802	MYO3A	MYO3A	PASSENGER	False	protein_coding	+	2127
chr10	26124397	26126608	MYO3A	MYO3A	PASSENGER	False	protein_coding	+	2211
chr10	26127390	26129538	MYO3A	MYO3A	PASSENGER	False	protein_coding	+	2148
chr10	26142447	26148559	MYO3A	MYO3A	PASSENGER	False	protein_coding	+	6112
chr10	26152849	26155823	MYO3A	MYO3A	PASSENGER	False	protein_coding	+	2974
chr10	26156309	26158515	MYO3A	MYO3A	PASSENGER	False	protein_coding	+	2206
chr10	26164841	26167239	MYO3A	MYO3A	PASSENGER	False	protein_coding	+	2398
chr10	26167711	26171539	MYO3A	MYO3A	PASSENGER	False	protein_coding	+	3828
chr10	26172662	26175557	MYO3A	MYO3A	PASSENGER	False	protein_coding	+	2895
chr10	26175700	26177845	MYO3A	MYO3A	PASSENGER	False	protein_coding	+	2145
chr10	26192204	26194311	MYO3A	MYO3A	PASSENGER	False	protein_coding	+	2107
chr10	26199847	26205502	MYO3A	MYO3A	PASSENGER	False	protein_coding	+	5655
chr10	26210842	26213532	MYO3A	MYO3A	PASSENGER	False	protein_coding	+	2690
chr10	48683872	48686001	WDFY4	WDFY4	DRIVER	False	protein_coding	+	2129
chr10	48708715	48710966	WDFY4	WDFY4	DRIVER	False	protein_coding	+	2251
chr10	48719010	48722367	WDFY4	WDFY4	DRIVER	False	protein_coding	+	3357
chr10	48722432	48724567	WDFY4	WDFY4	DRIVER	False	protein_coding	+	2135
chr10	48724880	48732562	WDFY4	WDFY4	DRIVER	False	protein_coding	+	7682
chr10	48732930	48737242	WDFY4	WDFY4	DRIVER	False	protein_coding	+	4312
chr10	48741967	48744548	WDFY4	WDFY4	DRIVER	False	protein_coding	+	2581
chr10	48759346	48761440	WDFY4	WDFY4	DRIVER	False	protein_coding	+	2094
chr10	48773457	48781119	WDFY4	WDFY4	DRIVER	False	protein_coding	+	7662
chr10	48785638	48791917	WDFY4	WDFY4	DRIVER	False	protein_coding	+	6279
chr10	48795297	48797450	WDFY4	WDFY4	DRIVER	False	protein_coding	+	2153
chr10	48801737	48808958	WDFY4	WDFY4	DRIVER	False	protein_coding	+	7221
chr10	48809529	48812708	WDFY4	WDFY4	DRIVER	False	protein_coding	+	3179
chr10	48812956	48815082	WDFY4	WDFY4	DRIVER	False	protein_coding	+	2126
chr10	48816244	48818409	WDFY4	WDFY4	DRIVER	False	protein_coding	+	2165
chr10	48819233	48825169	WDFY4	WDFY4	DRIVER	False	protein_coding	+	5936
chr10	48825670	48833709	WDFY4	WDFY4	DRIVER	False	protein_coding	+	8039
chr10	48866264	48868342	WDFY4	WDFY4	DRIVER	False	protein_coding	+	2078
chr10	48872490	48878199	WDFY4	WDFY4	DRIVER	False	protein_coding	+	5709
chr10	48889578	48891727	WDFY4	WDFY4	DRIVER	False	protein_coding	+	2149
chr10	48896453	48898574	WDFY4	WDFY4	DRIVER	False	protein_coding	+	2121
chr10	48899220	48902863	WDFY4	WDFY4	DRIVER	False	protein_coding	+	3643
chr10	48940805	48944449	WDFY4	WDFY4	DRIVER	False	protein_coding	+	3644
chr10	48945039	48947969	WDFY4	WDFY4	DRIVER	False	protein_coding	+	2930
chr10	48956128	48958282	WDFY4	WDFY4	DRIVER	False	protein_coding	+	2154
chr10	48958721	48960813	WDFY4	WDFY4	DRIVER	False	protein_coding	+	2092
chr10	48962841	48965054	WDFY4	WDFY4	DRIVER	False	protein_coding	+	2213
chr10	48965525	48971289	WDFY4	WDFY4	DRIVER	False	protein_coding	+	5764
chr10	48973861	48979393	WDFY4	WDFY4	DRIVER	False	protein_coding	+	5532
chr10	48980366	48983956	WDFY4	WDFY4	DRIVER	False	protein_coding	+	3590
chr10	53801770	53812619	PCDH15	PCDH15	PASSENGER	True	protein_coding	-	10849
chr10	53815238	53826141	PCDH15	PCDH15	PASSENGER	True	protein_coding	-	10903
chr10	53826392	53829573	PCDH15	PCDH15	PASSENGER	True	protein_coding	-	3181
chr10	53830314	53832533	PCDH15	PCDH15	PASSENGER	True	protein_coding	-	2219
chr10	53839319	53841496	PCDH15	PCDH15	PASSENGER	True	protein_coding	-	2177
chr10	53856174	53858263	PCDH15	PCDH15	PASSENGER	True	protein_coding	-	2089
chr10	53865641	53867857	PCDH15	PCDH15	PASSENGER	True	protein_coding	-	2216
chr10	53902242	53908217	PCDH15	PCDH15	PASSENGER	True	protein_coding	-	5975
chr10	53937814	53941975	PCDH15	PCDH15	PASSENGER	True	protein_coding	-	4161
chr10	53958731	53962892	PCDH15	PCDH15	PASSENGER	True	protein_coding	-	4161
chr10	53993578	53996765	PCDH15	PCDH15	PASSENGER	True	protein_coding	-	3187
chr10	54019191	54021416	PCDH15	PCDH15	PASSENGER	True	protein_coding	-	2225
chr10	54021891	54024197	PCDH15	PCDH15	PASSENGER	True	protein_coding	-	2306
chr10	54065756	54067885	PCDH15	PCDH15	PASSENGER	True	protein_coding	-	2129
chr10	54078330	54080424	PCDH15	PCDH15	PASSENGER	True	protein_coding	-	2094
chr10	54088983	54091063	PCDH15	PCDH15	PASSENGER	True	protein_coding	-	2080
chr10	54131874	54134007	PCDH15	PCDH15	PASSENGER	True	protein_coding	-	2133
chr10	54152099	54154293	PCDH15	PCDH15	PASSENGER	True	protein_coding	-	2194
chr10	54182443	54186268	PCDH15	PCDH15	PASSENGER	True	protein_coding	-	3825
chr10	54188363	54190384	PCDH15	PCDH15	PASSENGER	True	protein_coding	-	2021
chr10	54194682	54196889	PCDH15	PCDH15	PASSENGER	True	protein_coding	-	2207
chr10	54212935	54215048	PCDH15	PCDH15	PASSENGER	True	protein_coding	-	2113
chr10	54235822	54237931	PCDH15	PCDH15	PASSENGER	True	protein_coding	-	2109
chr10	54316270	54318441	PCDH15	PCDH15	PASSENGER	True	protein_coding	-	2171
chr10	54328595	54330706	PCDH15	PCDH15	PASSENGER	True	protein_coding	-	2111
chr10	54345364	54347484	PCDH15	PCDH15	PASSENGER	True	protein_coding	-	2120
chr10	54368119	54370275	PCDH15	PCDH15	PASSENGER	True	protein_coding	-	2156
chr10	54377781	54379942	PCDH15	PCDH15	PASSENGER	True	protein_coding	-	2161
chr10	54526811	54529402	PCDH15	PCDH15	PASSENGER	True	protein_coding	-	2591
chr10	54663171	54665290	PCDH15	PCDH15	PASSENGER	True	protein_coding	-	2119
chr10	54799924	54802291	PCDH15	PCDH15	PASSENGER	True	protein_coding	-	2367
chr10	54896449	54898500	PCDH15	PCDH15	PASSENGER	True	protein_coding	-	2051
chr10	55165575	55167651	PCDH15	PCDH15	PASSENGER	True	protein_coding	-	2076
chr10	55318598	55320614	PCDH15	PCDH15	PASSENGER	True	protein_coding	-	2016
chr10	55626624	55628942	PCDH15	PCDH15	PASSENGER	True	protein_coding	-	2318
chr10	60025297	60030826	ANK3	ANK3	DRIVER	False	protein_coding	-	5529
chr10	60041671	60045803	ANK3	ANK3	DRIVER	False	protein_coding	-	4132
chr10	60050474	60052604	ANK3	ANK3	DRIVER	False	protein_coding	-	2130
chr10	60052676	60057038	ANK3	ANK3	DRIVER	False	protein_coding	-	4362
chr10	60058339	60065288	ANK3	ANK3	DRIVER	False	protein_coding	-	6949
chr10	60066934	60077454	ANK3	ANK3	DRIVER	False	protein_coding	-	10520
chr10	60079536	60089358	ANK3	ANK3	DRIVER	False	protein_coding	-	9822
chr10	60104904	60107059	ANK3	ANK3	DRIVER	False	protein_coding	-	2155
chr10	60107187	60110054	ANK3	ANK3	DRIVER	False	protein_coding	-	2867
chr10	60110733	60112766	ANK3	ANK3	DRIVER	False	protein_coding	-	2033
chr10	60113224	60115331	ANK3	ANK3	DRIVER	False	protein_coding	-	2107
chr10	60133270	60135373	ANK3	ANK3	DRIVER	False	protein_coding	-	2103
chr10	60136341	60142016	ANK3	ANK3	DRIVER	False	protein_coding	-	5675
chr10	60144967	60147021	ANK3	ANK3	DRIVER	False	protein_coding	-	2054
chr10	60165590	60167896	ANK3	ANK3	DRIVER	False	protein_coding	-	2306
chr10	60171307	60174186	ANK3	ANK3	DRIVER	False	protein_coding	-	2879
chr10	60180328	60182427	ANK3	ANK3	DRIVER	False	protein_coding	-	2099
chr10	60185714	60187912	ANK3	ANK3	DRIVER	False	protein_coding	-	2198
chr10	60195144	60201263	ANK3	ANK3	DRIVER	False	protein_coding	-	6119
chr10	60202001	60204100	ANK3	ANK3	DRIVER	False	protein_coding	-	2099
chr10	60204791	60206890	ANK3	ANK3	DRIVER	False	protein_coding	-	2099
chr10	60207035	60209233	ANK3	ANK3	DRIVER	False	protein_coding	-	2198
chr10	60212411	60214510	ANK3	ANK3	DRIVER	False	protein_coding	-	2099
chr10	60233687	60235786	ANK3	ANK3	DRIVER	False	protein_coding	-	2099
chr10	60260858	60265020	ANK3	ANK3	DRIVER	False	protein_coding	-	4162
chr10	60269130	60271229	ANK3	ANK3	DRIVER	False	protein_coding	-	2099
chr10	60277773	60280639	ANK3	ANK3	DRIVER	False	protein_coding	-	2866
chr10	60299318	60301482	ANK3	ANK3	DRIVER	False	protein_coding	-	2164
chr10	60388424	60390875	ANK3	ANK3	DRIVER	False	protein_coding	-	2451
chr10	60506500	60509625	ANK3	ANK3	DRIVER	False	protein_coding	-	3125
chr10	60571464	60573956	ANK3	ANK3	DRIVER	False	protein_coding	-	2492
chr10	60614185	60616224	ANK3	ANK3	DRIVER	False	protein_coding	-	2039
chr10	60732262	60734490	ANK3	ANK3	DRIVER	False	protein_coding	-	2228
chr10	63166220	63169566	JMJD1C	JMJD1C	DRIVER	False	protein_coding	-	3346
chr10	63175296	63178856	JMJD1C	JMJD1C	DRIVER	False	protein_coding	-	3560
chr10	63182446	63187383	JMJD1C	JMJD1C	DRIVER	False	protein_coding	-	4937
chr10	63188167	63195694	JMJD1C	JMJD1C	DRIVER	False	protein_coding	-	7527
chr10	63196410	63201677	JMJD1C	JMJD1C	DRIVER	False	protein_coding	-	5267
chr10	63205594	63210235	JMJD1C	JMJD1C	DRIVER	False	protein_coding	-	4641
chr10	63212472	63218331	JMJD1C	JMJD1C	DRIVER	False	protein_coding	-	5859
chr10	63218876	63220983	JMJD1C	JMJD1C	DRIVER	False	protein_coding	-	2107
chr10	63263650	63265764	JMJD1C	JMJD1C	DRIVER	False	protein_coding	-	2114
chr10	63267662	63270253	JMJD1C	JMJD1C	DRIVER	False	protein_coding	-	2591
chr10	63379317	63381482	JMJD1C	JMJD1C	DRIVER	False	protein_coding	-	2165
chr10	63464494	63466977	JMJD1C	JMJD1C	DRIVER	False	protein_coding	-	2483
chr10	63520737	63522850	JMJD1C	JMJD1C	DRIVER	False	protein_coding	-	2113
chr10	65911456	65921617	CTNNA3	CTNNA3	PASSENGER	False	protein_coding	-	10161
chr10	65965395	65967746	CTNNA3	CTNNA3	PASSENGER	False	protein_coding	-	2351
chr10	65987691	65989797	CTNNA3	CTNNA3	PASSENGER	False	protein_coding	-	2106
chr10	66068307	66070489	CTNNA3	CTNNA3	PASSENGER	False	protein_coding	-	2182
chr10	66077950	66080103	CTNNA3	CTNNA3	PASSENGER	False	protein_coding	-	2153
chr10	66102156	66104249	CTNNA3	CTNNA3	PASSENGER	False	protein_coding	-	2093
chr10	66279469	66281621	CTNNA3	CTNNA3	PASSENGER	False	protein_coding	-	2152
chr10	66371653	66374560	CTNNA3	CTNNA3	PASSENGER	False	protein_coding	-	2907
chr10	66378151	66380352	CTNNA3	CTNNA3	PASSENGER	False	protein_coding	-	2201
chr10	66519285	66521773	CTNNA3	CTNNA3	PASSENGER	False	protein_coding	-	2488
chr10	66620691	66622784	CTNNA3	CTNNA3	PASSENGER	False	protein_coding	-	2093
chr10	66765154	66767416	CTNNA3	CTNNA3	PASSENGER	False	protein_coding	-	2262
chr10	66774443	66776524	CTNNA3	CTNNA3	PASSENGER	False	protein_coding	-	2081
chr10	66877122	66879270	CTNNA3	CTNNA3	PASSENGER	False	protein_coding	-	2148
chr10	66923565	66927212	CTNNA3	CTNNA3	PASSENGER	False	protein_coding	-	3647
chr10	67175203	67177984	CTNNA3	CTNNA3	PASSENGER	False	protein_coding	-	2781
chr10	67179316	67181520	CTNNA3	CTNNA3	PASSENGER	False	protein_coding	-	2204
chr10	67218606	67220870	CTNNA3	CTNNA3	PASSENGER	False	protein_coding	-	2264
chr10	67386390	67388494	CTNNA3	CTNNA3	PASSENGER	False	protein_coding	-	2104
chr10	67520841	67522961	CTNNA3	CTNNA3	PASSENGER	False	protein_coding	-	2120
chr10	67538502	67540669	CTNNA3	CTNNA3	PASSENGER	False	protein_coding	-	2167
chr10	67604963	67608049	CTNNA3	CTNNA3	PASSENGER	False	protein_coding	-	3086
chr10	67646414	67649816	CTNNA3	CTNNA3	PASSENGER	False	protein_coding	-	3402
chr10	67664540	67666660	CTNNA3	CTNNA3	PASSENGER	False	protein_coding	-	2120
chr10	67694999	67697195	CTNNA3	CTNNA3	PASSENGER	False	protein_coding	-	2196
chr10	67762433	67764637	CTNNA3	CTNNA3	PASSENGER	False	protein_coding	-	2204
chr10	71395919	71398318	CDH23	CDH23	DRIVER	False	protein_coding	+	2399
chr10	71438826	71440898	CDH23	CDH23	DRIVER	False	protein_coding	+	2072
chr10	71445317	71447395	CDH23	CDH23	DRIVER	False	protein_coding	+	2078
chr10	71509081	71513317	CDH23	CDH23	DRIVER	False	protein_coding	+	4236
chr10	71565741	71567936	CDH23	CDH23	DRIVER	False	protein_coding	+	2195
chr10	71569789	71571918	CDH23	CDH23	DRIVER	False	protein_coding	+	2129
chr10	71576913	71578992	CDH23	CDH23	DRIVER	False	protein_coding	+	2079
chr10	71614503	71618393	CDH23	CDH23	DRIVER	False	protein_coding	+	3890
chr10	71634237	71636297	CDH23	CDH23	DRIVER	False	protein_coding	+	2060
chr10	71642860	71648908	CDH23	CDH23	DRIVER	False	protein_coding	+	6048
chr10	71674111	71676176	CDH23	CDH23	DRIVER	False	protein_coding	+	2065
chr10	71676455	71680492	CDH23	CDH23	DRIVER	False	protein_coding	+	4037
chr10	71681444	71683572	CDH23	CDH23	DRIVER	False	protein_coding	+	2128
chr10	71686646	71688719	CDH23	CDH23	DRIVER	False	protein_coding	+	2073
chr10	71689467	71691584	CDH23	CDH23	DRIVER	False	protein_coding	+	2117
chr10	71693146	71696525	CDH23	CDH23	DRIVER	False	protein_coding	+	3379
chr10	71701021	71703694	CDH23	CDH23	DRIVER	False	protein_coding	+	2673
chr10	71703910	71710211	CDH23	CDH23	DRIVER	False	protein_coding	+	6301
chr10	71711603	71718907	CDH23	CDH23	DRIVER	False	protein_coding	+	7304
chr10	71723044	71726520	CDH23	CDH23	DRIVER	False	protein_coding	+	3476
chr10	71729468	71735658	CDH23	CDH23	DRIVER	False	protein_coding	+	6190
chr10	71737497	71743036	CDH23	CDH23	DRIVER	False	protein_coding	+	5539
chr10	71776679	71780447	CDH23	CDH23	DRIVER	False	protein_coding	+	3768
chr10	71783286	71786738	CDH23	CDH23	DRIVER	False	protein_coding	+	3452
chr10	71787939	71801755	CDH23	CDH23	DRIVER	False	protein_coding	+	13816
chr10	71801897	71804420	CDH23	CDH23	DRIVER	False	protein_coding	+	2523
chr10	71804805	71816947	CDH23	CDH23	DRIVER	False	protein_coding	+	12142
chr10	87861637	87865548	PTEN	PTEN	DRIVER	False	protein_coding	+	3911
chr10	87865672	87868049	PTEN	PTEN	DRIVER	False	protein_coding	+	2377
chr10	87872849	87876486	PTEN	PTEN	DRIVER	False	protein_coding	+	3637
chr10	87877258	87881438	PTEN	PTEN	DRIVER	False	protein_coding	+	4180
chr10	87893024	87895326	PTEN	PTEN	DRIVER	False	protein_coding	+	2302
chr10	87908487	87910580	PTEN	PTEN	DRIVER	False	protein_coding	+	2093
chr10	87921462	87923627	PTEN	PTEN	DRIVER	False	protein_coding	+	2165
chr10	87924512	87928599	PTEN	PTEN	DRIVER	False	protein_coding	+	4087
chr10	87930045	87934487	PTEN	PTEN	DRIVER	False	protein_coding	+	4442
chr10	87940119	87943769	PTEN	PTEN	DRIVER	False	protein_coding	+	3650
chr10	87949233	87953259	PTEN	PTEN	DRIVER	False	protein_coding	+	4026
chr10	87956581	87959595	PTEN	PTEN	DRIVER	False	protein_coding	+	3014
chr10	87959893	87972930	PTEN	PTEN	DRIVER	False	protein_coding	+	13037
chr10	104030285	104065596	COL17A1	COL17A1	PASSENGER	False	protein_coding	-	35311
chr10	104069425	104075231	COL17A1	COL17A1	PASSENGER	False	protein_coding	-	5806
chr10	104075300	104079586	COL17A1	COL17A1	PASSENGER	False	protein_coding	-	4286
chr10	104079621	104081684	COL17A1	COL17A1	PASSENGER	False	protein_coding	-	2063
chr10	104084722	104086880	COL17A1	COL17A1	PASSENGER	False	protein_coding	-	2158
chr10	113587713	113593301	NRAP	NRAP	PASSENGER	False	protein_coding	-	5588
chr10	113594622	113599073	NRAP	NRAP	PASSENGER	False	protein_coding	-	4451
chr10	113603608	113607282	NRAP	NRAP	PASSENGER	False	protein_coding	-	3674
chr10	113607413	113618553	NRAP	NRAP	PASSENGER	False	protein_coding	-	11140
chr10	113619603	113627145	NRAP	NRAP	PASSENGER	False	protein_coding	-	7542
chr10	113627916	113635210	NRAP	NRAP	PASSENGER	False	protein_coding	-	7294
chr10	113639226	113644038	NRAP	NRAP	PASSENGER	False	protein_coding	-	4812
chr10	113644824	113648027	NRAP	NRAP	PASSENGER	False	protein_coding	-	3203
chr10	113649036	113655125	NRAP	NRAP	PASSENGER	False	protein_coding	-	6089
chr10	113656469	113658574	NRAP	NRAP	PASSENGER	False	protein_coding	-	2105
chr10	113661678	113665070	NRAP	NRAP	PASSENGER	False	protein_coding	-	3392
chr10	117196488	117198711	KCNK18	KCNK18	PASSENGER	False	protein_coding	+	2223
chr10	117200158	117202287	KCNK18	KCNK18	PASSENGER	False	protein_coding	+	2129
chr10	117208496	117211299	KCNK18	KCNK18	PASSENGER	False	protein_coding	+	2803
chr10	121988162	121990488	TACC2	TACC2	DRIVER	False	protein_coding	+	2326
chr10	121993631	121995710	TACC2	TACC2	DRIVER	False	protein_coding	+	2079
chr10	122018747	122020881	TACC2	TACC2	DRIVER	False	protein_coding	+	2134
chr10	122020935	122024790	TACC2	TACC2	DRIVER	False	protein_coding	+	3855
chr10	122032093	122034153	TACC2	TACC2	DRIVER	False	protein_coding	+	2060
chr10	122049437	122053697	TACC2	TACC2	DRIVER	False	protein_coding	+	4260
chr10	122077976	122080145	TACC2	TACC2	DRIVER	False	protein_coding	+	2169
chr10	122081646	122089738	TACC2	TACC2	DRIVER	False	protein_coding	+	8092
chr10	122112029	122114233	TACC2	TACC2	DRIVER	False	protein_coding	+	2204
chr10	122125713	122128142	TACC2	TACC2	DRIVER	False	protein_coding	+	2429
chr10	122131608	122133734	TACC2	TACC2	DRIVER	False	protein_coding	+	2126
chr10	122142571	122144706	TACC2	TACC2	DRIVER	False	protein_coding	+	2135
chr10	122162425	122164992	TACC2	TACC2	DRIVER	False	protein_coding	+	2567
chr10	122191447	122193797	TACC2	TACC2	DRIVER	False	protein_coding	+	2350
chr10	122194039	122196176	TACC2	TACC2	DRIVER	False	protein_coding	+	2137
chr10	122208873	122214377	TACC2	TACC2	DRIVER	False	protein_coding	+	5504
chr10	122214390	122217921	TACC2	TACC2	DRIVER	False	protein_coding	+	3531
chr10	122223725	122231440	TACC2	TACC2	DRIVER	False	protein_coding	+	7715
chr10	122236394	122239037	TACC2	TACC2	DRIVER	False	protein_coding	+	2643
chr10	122240633	122243001	TACC2	TACC2	DRIVER	False	protein_coding	+	2368
chr10	122244064	122250664	TACC2	TACC2	DRIVER	False	protein_coding	+	6600
chr10	122252990	122255545	TACC2	TACC2	DRIVER	False	protein_coding	+	2555
chr11	30008729	30014460	KCNA4	KCNA4	PASSENGER	False	protein_coding	-	5731
chr11	30015336	30018030	KCNA4	KCNA4	PASSENGER	False	protein_coding	-	2694
chr11	59472314	59474793	OR4D10	OR4D10	PASSENGER	False	protein_coding	+	2479
chr11	59476261	59480361	OR4D10	OR4D10	PASSENGER	False	protein_coding	+	4100
chr11	62432541	62434891	AHNAK	AHNAK	DRIVER	True	protein_coding	-	2350
chr11	62490731	62492831	AHNAK	AHNAK	DRIVER	True	protein_coding	-	2100
chr11	62514901	62537567	AHNAK	AHNAK	DRIVER	True	protein_coding	-	22666
chr11	62544565	62547833	AHNAK	AHNAK	DRIVER	True	protein_coding	-	3268
chr11	62555187	62557235	AHNAK	AHNAK	DRIVER	True	protein_coding	-	2048
chr11	66420034	66427707	NPAS4	NPAS4	PASSENGER	False	protein_coding	+	7673
chr11	66545394	66548084	ACTN3	ACTN3	PASSENGER	False	protein_coding	+	2690
chr11	66550052	66552647	ACTN3	ACTN3	PASSENGER	False	protein_coding	+	2595
chr11	66553044	66564334	ACTN3	ACTN3	PASSENGER	False	protein_coding	+	11290
chr11	66681495	66702721	SPTBN2	SPTBN2	DRIVER	False	protein_coding	-	21226
chr11	66703597	66712029	SPTBN2	SPTBN2	DRIVER	False	protein_coding	-	8432
chr11	66712630	66716981	SPTBN2	SPTBN2	DRIVER	False	protein_coding	-	4351
chr11	66717442	66719872	SPTBN2	SPTBN2	DRIVER	False	protein_coding	-	2430
chr11	66720083	66722532	SPTBN2	SPTBN2	DRIVER	False	protein_coding	-	2449
chr11	66727160	66730226	SPTBN2	SPTBN2	DRIVER	False	protein_coding	-	3066
chr11	66743541	66745670	SPTBN2	SPTBN2	DRIVER	False	protein_coding	-	2129
chr11	92223817	92226174	FAT3	FAT3	PASSENGER	False	protein_coding	+	2357
chr11	92351095	92356404	FAT3	FAT3	PASSENGER	False	protein_coding	+	5309
chr11	92523633	92525949	FAT3	FAT3	PASSENGER	False	protein_coding	+	2316
chr11	92696383	92698445	FAT3	FAT3	PASSENGER	False	protein_coding	+	2062
chr11	92760855	92763170	FAT3	FAT3	PASSENGER	False	protein_coding	+	2315
chr11	92763878	92766089	FAT3	FAT3	PASSENGER	False	protein_coding	+	2211
chr11	92773040	92775180	FAT3	FAT3	PASSENGER	False	protein_coding	+	2140
chr11	92788942	92791218	FAT3	FAT3	PASSENGER	False	protein_coding	+	2276
chr11	92791766	92793977	FAT3	FAT3	PASSENGER	False	protein_coding	+	2211
chr11	92796835	92802909	FAT3	FAT3	PASSENGER	False	protein_coding	+	6074
chr11	92804152	92807515	FAT3	FAT3	PASSENGER	False	protein_coding	+	3363
chr11	92808842	92811076	FAT3	FAT3	PASSENGER	False	protein_coding	+	2234
chr11	92830621	92833011	FAT3	FAT3	PASSENGER	False	protein_coding	+	2390
chr11	92833869	92838806	FAT3	FAT3	PASSENGER	False	protein_coding	+	4937
chr11	92839561	92841759	FAT3	FAT3	PASSENGER	False	protein_coding	+	2198
chr11	92842933	92845732	FAT3	FAT3	PASSENGER	False	protein_coding	+	2799
chr11	92856213	92860322	FAT3	FAT3	PASSENGER	False	protein_coding	+	4109
chr11	92865740	92868209	FAT3	FAT3	PASSENGER	False	protein_coding	+	2469
chr11	92879730	92884393	FAT3	FAT3	PASSENGER	False	protein_coding	+	4663
chr11	92885864	92888113	FAT3	FAT3	PASSENGER	False	protein_coding	+	2249
chr11	92888188	92897473	FAT3	FAT3	PASSENGER	False	protein_coding	+	9285
chr11	94020353	94022538	HEPHL1	HEPHL1	PASSENGER	False	protein_coding	+	2185
chr11	94044672	94046917	HEPHL1	HEPHL1	PASSENGER	False	protein_coding	+	2245
chr11	94062507	94065510	HEPHL1	HEPHL1	PASSENGER	False	protein_coding	+	3003
chr11	94066495	94068750	HEPHL1	HEPHL1	PASSENGER	False	protein_coding	+	2255
chr11	94069373	94071542	HEPHL1	HEPHL1	PASSENGER	False	protein_coding	+	2169
chr11	94072024	94076385	HEPHL1	HEPHL1	PASSENGER	False	protein_coding	+	4361
chr11	94081417	94083568	HEPHL1	HEPHL1	PASSENGER	False	protein_coding	+	2151
chr11	94084976	94087189	HEPHL1	HEPHL1	PASSENGER	False	protein_coding	+	2213
chr11	94087754	94089968	HEPHL1	HEPHL1	PASSENGER	False	protein_coding	+	2214
chr11	94092500	94094640	HEPHL1	HEPHL1	PASSENGER	False	protein_coding	+	2140
chr11	94100194	94107130	HEPHL1	HEPHL1	PASSENGER	False	protein_coding	+	6936
chr11	94109902	94115208	HEPHL1	HEPHL1	PASSENGER	False	protein_coding	+	5306
chr11	103108409	103110769	DYNC2H1	DYNC2H1	DRIVER	False	protein_coding	+	2360
chr11	103112536	103118863	DYNC2H1	DYNC2H1	DRIVER	False	protein_coding	+	6327
chr11	103119446	103124000	DYNC2H1	DYNC2H1	DRIVER	False	protein_coding	+	4554
chr11	103124099	103126295	DYNC2H1	DYNC2H1	DRIVER	False	protein_coding	+	2196
chr11	103127909	103130005	DYNC2H1	DYNC2H1	DRIVER	False	protein_coding	+	2096
chr11	103132554	103136948	DYNC2H1	DYNC2H1	DRIVER	False	protein_coding	+	4394
chr11	103142267	103144395	DYNC2H1	DYNC2H1	DRIVER	False	protein_coding	+	2128
chr11	103146771	103149617	DYNC2H1	DYNC2H1	DRIVER	False	protein_coding	+	2846
chr11	103151135	103164147	DYNC2H1	DYNC2H1	DRIVER	False	protein_coding	+	13012
chr11	103164897	103167048	DYNC2H1	DYNC2H1	DRIVER	False	protein_coding	+	2151
chr11	103167754	103172068	DYNC2H1	DYNC2H1	DRIVER	False	protein_coding	+	4314
chr11	103172081	103175170	DYNC2H1	DYNC2H1	DRIVER	False	protein_coding	+	3089
chr11	103175234	103180233	DYNC2H1	DYNC2H1	DRIVER	False	protein_coding	+	4999
chr11	103180756	103182886	DYNC2H1	DYNC2H1	DRIVER	False	protein_coding	+	2130
chr11	103183895	103193264	DYNC2H1	DYNC2H1	DRIVER	False	protein_coding	+	9369
chr11	103196932	103201154	DYNC2H1	DYNC2H1	DRIVER	False	protein_coding	+	4222
chr11	103202662	103205964	DYNC2H1	DYNC2H1	DRIVER	False	protein_coding	+	3302
chr11	103208875	103212943	DYNC2H1	DYNC2H1	DRIVER	False	protein_coding	+	4068
chr11	103214720	103216891	DYNC2H1	DYNC2H1	DRIVER	False	protein_coding	+	2171
chr11	103218914	103224086	DYNC2H1	DYNC2H1	DRIVER	False	protein_coding	+	5172
chr11	103230259	103232346	DYNC2H1	DYNC2H1	DRIVER	False	protein_coding	+	2087
chr11	103233033	103237539	DYNC2H1	DYNC2H1	DRIVER	False	protein_coding	+	4506
chr11	103240526	103242547	DYNC2H1	DYNC2H1	DRIVER	False	protein_coding	+	2021
chr11	103242692	103246374	DYNC2H1	DYNC2H1	DRIVER	False	protein_coding	+	3682
chr11	103252284	103258751	DYNC2H1	DYNC2H1	DRIVER	False	protein_coding	+	6467
chr11	103258887	103260977	DYNC2H1	DYNC2H1	DRIVER	False	protein_coding	+	2090
chr11	103279347	103284085	DYNC2H1	DYNC2H1	DRIVER	False	protein_coding	+	4738
chr11	103285254	103288744	DYNC2H1	DYNC2H1	DRIVER	False	protein_coding	+	3490
chr11	103302092	103305720	DYNC2H1	DYNC2H1	DRIVER	False	protein_coding	+	3628
chr11	103306720	103308831	DYNC2H1	DYNC2H1	DRIVER	False	protein_coding	+	2111
chr11	103310877	103313033	DYNC2H1	DYNC2H1	DRIVER	False	protein_coding	+	2156
chr11	103315544	103317620	DYNC2H1	DYNC2H1	DRIVER	False	protein_coding	+	2076
chr11	103320028	103322241	DYNC2H1	DYNC2H1	DRIVER	False	protein_coding	+	2213
chr11	103322885	103324990	DYNC2H1	DYNC2H1	DRIVER	False	protein_coding	+	2105
chr11	103357242	103359359	DYNC2H1	DYNC2H1	DRIVER	False	protein_coding	+	2117
chr11	103398662	103400872	DYNC2H1	DYNC2H1	DRIVER	False	protein_coding	+	2210
chr11	103434942	103437032	DYNC2H1	DYNC2H1	DRIVER	False	protein_coding	+	2090
chr11	103453998	103457356	DYNC2H1	DYNC2H1	DRIVER	False	protein_coding	+	3358
chr11	103467388	103469705	DYNC2H1	DYNC2H1	DRIVER	False	protein_coding	+	2317
chr11	103478094	103480863	DYNC2H1	DYNC2H1	DRIVER	False	protein_coding	+	2769
chr11	108221803	108232720	ATM	ATM	DRIVER	False	protein_coding	+	10917
chr11	108234669	108237578	ATM	ATM	DRIVER	False	protein_coding	+	2909
chr11	108240778	108255039	ATM	ATM	DRIVER	False	protein_coding	+	14261
chr11	108255214	108260075	ATM	ATM	DRIVER	False	protein_coding	+	4861
chr11	108266170	108269609	ATM	ATM	DRIVER	False	protein_coding	+	3439
chr11	108270063	108273852	ATM	ATM	DRIVER	False	protein_coding	+	3789
chr11	108278490	108298382	ATM	ATM	DRIVER	False	protein_coding	+	19892
chr11	108298713	108305852	ATM	ATM	DRIVER	False	protein_coding	+	7139
chr11	108306051	108309070	ATM	ATM	DRIVER	False	protein_coding	+	3019
chr11	108309159	108311315	ATM	ATM	DRIVER	False	protein_coding	+	2156
chr11	108311410	108313498	ATM	ATM	DRIVER	False	protein_coding	+	2088
chr11	108314822	108318521	ATM	ATM	DRIVER	False	protein_coding	+	3699
chr11	108318953	108322420	ATM	ATM	DRIVER	False	protein_coding	+	3467
chr11	108324309	108337882	ATM	ATM	DRIVER	False	protein_coding	+	13573
chr11	108342221	108344371	ATM	ATM	DRIVER	False	protein_coding	+	2150
chr11	108344742	108350164	ATM	ATM	DRIVER	False	protein_coding	+	5422
chr11	108352755	108356098	ATM	ATM	DRIVER	False	protein_coding	+	3343
chr11	108361884	108370102	ATM	ATM	DRIVER	False	protein_coding	+	8218
chr12	5947876	5954890	VWF	VWF	DRIVER	False	protein_coding	-	7014
chr12	5966485	5970391	VWF	VWF	DRIVER	False	protein_coding	-	3906
chr12	5970598	5972709	VWF	VWF	DRIVER	False	protein_coding	-	2111
chr12	5975110	5977260	VWF	VWF	DRIVER	False	protein_coding	-	2150
chr12	5980785	5986665	VWF	VWF	DRIVER	False	protein_coding	-	5880
chr12	5990818	5997222	VWF	VWF	DRIVER	False	protein_coding	-	6404
chr12	6010616	6014645	VWF	VWF	DRIVER	False	protein_coding	-	4029
chr12	6015088	6027046	VWF	VWF	DRIVER	False	protein_coding	-	11958
chr12	6028341	6032578	VWF	VWF	DRIVER	False	protein_coding	-	4237
chr12	6033687	6037491	VWF	VWF	DRIVER	False	protein_coding	-	3804
chr12	6043290	6045451	VWF	VWF	DRIVER	False	protein_coding	-	2161
chr12	6045722	6047817	VWF	VWF	DRIVER	False	protein_coding	-	2095
chr12	6051542	6053783	VWF	VWF	DRIVER	False	protein_coding	-	2241
chr12	6055856	6059044	VWF	VWF	DRIVER	False	protein_coding	-	3188
chr12	6061953	6066273	VWF	VWF	DRIVER	False	protein_coding	-	4320
chr12	6070296	6076551	VWF	VWF	DRIVER	False	protein_coding	-	6255
chr12	6094282	6096584	VWF	VWF	DRIVER	False	protein_coding	-	2302
chr12	6109373	6111968	VWF	VWF	DRIVER	False	protein_coding	-	2595
chr12	6120173	6125770	VWF	VWF	DRIVER	False	protein_coding	-	5597
chr12	6569081	6574402	CHD4	CHD4	DRIVER	False	protein_coding	-	5321
chr12	6576719	6585127	CHD4	CHD4	DRIVER	False	protein_coding	-	8408
chr12	6585829	6604142	CHD4	CHD4	DRIVER	False	protein_coding	-	18313
chr12	6605273	6609430	CHD4	CHD4	DRIVER	False	protein_coding	-	4157
chr12	6613083	6615524	CHD4	CHD4	DRIVER	False	protein_coding	-	2441
chr12	9147839	9155839	PZP	PZP	PASSENGER	False	protein_coding	-	8000
chr12	9156174	9171118	PZP	PZP	PASSENGER	False	protein_coding	-	14944
chr12	9179982	9183117	PZP	PZP	PASSENGER	False	protein_coding	-	3135
chr12	9191192	9195238	PZP	PZP	PASSENGER	False	protein_coding	-	4046
chr12	9195329	9198123	PZP	PZP	PASSENGER	False	protein_coding	-	2794
chr12	9199363	9204951	PZP	PZP	PASSENGER	False	protein_coding	-	5588
chr12	9207258	9209395	PZP	PZP	PASSENGER	False	protein_coding	-	2137
chr12	18682168	18686658	PLCZ1	PLCZ1	PASSENGER	False	protein_coding	-	4490
chr12	18687087	18689218	PLCZ1	PLCZ1	PASSENGER	False	protein_coding	-	2131
chr12	18693909	18697266	PLCZ1	PLCZ1	PASSENGER	False	protein_coding	-	3357
chr12	18698793	18702776	PLCZ1	PLCZ1	PASSENGER	False	protein_coding	-	3983
chr12	18704165	18706315	PLCZ1	PLCZ1	PASSENGER	False	protein_coding	-	2150
chr12	18711841	18715771	PLCZ1	PLCZ1	PASSENGER	False	protein_coding	-	3930
chr12	18718430	18720632	PLCZ1	PLCZ1	PASSENGER	False	protein_coding	-	2202
chr12	18722310	18724545	PLCZ1	PLCZ1	PASSENGER	False	protein_coding	-	2235
chr12	18729993	18732118	PLCZ1	PLCZ1	PASSENGER	False	protein_coding	-	2125
chr12	18734763	18739100	PLCZ1	PLCZ1	PASSENGER	False	protein_coding	-	4337
chr12	39292227	39295517	KIF21A	KIF21A	DRIVER	False	protein_coding	-	3290
chr12	39300479	39305938	KIF21A	KIF21A	DRIVER	False	protein_coding	-	5459
chr12	39306564	39313826	KIF21A	KIF21A	DRIVER	False	protein_coding	-	7262
chr12	39314228	39316970	KIF21A	KIF21A	DRIVER	False	protein_coding	-	2742
chr12	39317072	39323882	KIF21A	KIF21A	DRIVER	False	protein_coding	-	6810
chr12	39324838	39327324	KIF21A	KIF21A	DRIVER	False	protein_coding	-	2486
chr12	39329051	39334280	KIF21A	KIF21A	DRIVER	False	protein_coding	-	5229
chr12	39336095	39338541	KIF21A	KIF21A	DRIVER	False	protein_coding	-	2446
chr12	39339164	39343124	KIF21A	KIF21A	DRIVER	False	protein_coding	-	3960
chr12	39345465	39347504	KIF21A	KIF21A	DRIVER	False	protein_coding	-	2039
chr12	39350776	39352980	KIF21A	KIF21A	DRIVER	False	protein_coding	-	2204
chr12	39355599	39359373	KIF21A	KIF21A	DRIVER	False	protein_coding	-	3774
chr12	39362097	39364213	KIF21A	KIF21A	DRIVER	False	protein_coding	-	2116
chr12	39365349	39371261	KIF21A	KIF21A	DRIVER	False	protein_coding	-	5912
chr12	39441926	39444390	KIF21A	KIF21A	DRIVER	False	protein_coding	-	2464
chr12	40195743	40197773	LRRK2	LRRK2	DRIVER	False	protein_coding	+	2030
chr12	40223976	40226640	LRRK2	LRRK2	DRIVER	False	protein_coding	+	2664
chr12	40226890	40228916	LRRK2	LRRK2	DRIVER	False	protein_coding	+	2026
chr12	40231273	40233783	LRRK2	LRRK2	DRIVER	False	protein_coding	+	2510
chr12	40234625	40236714	LRRK2	LRRK2	DRIVER	False	protein_coding	+	2089
chr12	40236968	40239103	LRRK2	LRRK2	DRIVER	False	protein_coding	+	2135
chr12	40239482	40244681	LRRK2	LRRK2	DRIVER	False	protein_coding	+	5199
chr12	40248825	40254016	LRRK2	LRRK2	DRIVER	False	protein_coding	+	5191
chr12	40256247	40258377	LRRK2	LRRK2	DRIVER	False	protein_coding	+	2130
chr12	40258479	40260604	LRRK2	LRRK2	DRIVER	False	protein_coding	+	2125
chr12	40262788	40264901	LRRK2	LRRK2	DRIVER	False	protein_coding	+	2113
chr12	40273582	40275993	LRRK2	LRRK2	DRIVER	False	protein_coding	+	2411
chr12	40276887	40279261	LRRK2	LRRK2	DRIVER	False	protein_coding	+	2374
chr12	40282874	40285133	LRRK2	LRRK2	DRIVER	False	protein_coding	+	2259
chr12	40286350	40288539	LRRK2	LRRK2	DRIVER	False	protein_coding	+	2189
chr12	40292544	40296644	LRRK2	LRRK2	DRIVER	False	protein_coding	+	4100
chr12	40297242	40306966	LRRK2	LRRK2	DRIVER	False	protein_coding	+	9724
chr12	40307466	40317403	LRRK2	LRRK2	DRIVER	False	protein_coding	+	9937
chr12	40318987	40324306	LRRK2	LRRK2	DRIVER	False	protein_coding	+	5319
chr12	40327359	40329460	LRRK2	LRRK2	DRIVER	False	protein_coding	+	2101
chr12	40333966	40336157	LRRK2	LRRK2	DRIVER	False	protein_coding	+	2191
chr12	40339293	40341454	LRRK2	LRRK2	DRIVER	False	protein_coding	+	2161
chr12	40345752	40349509	LRRK2	LRRK2	DRIVER	False	protein_coding	+	3757
chr12	40350538	40352733	LRRK2	LRRK2	DRIVER	False	protein_coding	+	2195
chr12	40353298	40360444	LRRK2	LRRK2	DRIVER	False	protein_coding	+	7146
chr12	40362401	40370285	LRRK2	LRRK2	DRIVER	False	protein_coding	+	7884
chr12	43352865	43355298	ADAMTS20	ADAMTS20	PASSENGER	False	protein_coding	-	2433
chr12	43355483	43357588	ADAMTS20	ADAMTS20	PASSENGER	False	protein_coding	-	2105
chr12	43368289	43370381	ADAMTS20	ADAMTS20	PASSENGER	False	protein_coding	-	2092
chr12	43374378	43378562	ADAMTS20	ADAMTS20	PASSENGER	False	protein_coding	-	4184
chr12	43382557	43384977	ADAMTS20	ADAMTS20	PASSENGER	False	protein_coding	-	2420
chr12	43398065	43400233	ADAMTS20	ADAMTS20	PASSENGER	False	protein_coding	-	2168
chr12	43421818	43435371	ADAMTS20	ADAMTS20	PASSENGER	False	protein_coding	-	13553
chr12	43438621	43441069	ADAMTS20	ADAMTS20	PASSENGER	False	protein_coding	-	2448
chr12	43442790	43444883	ADAMTS20	ADAMTS20	PASSENGER	False	protein_coding	-	2093
chr12	43445594	43447712	ADAMTS20	ADAMTS20	PASSENGER	False	protein_coding	-	2118
chr12	43451273	43455052	ADAMTS20	ADAMTS20	PASSENGER	False	protein_coding	-	3779
chr12	43461894	43469705	ADAMTS20	ADAMTS20	PASSENGER	False	protein_coding	-	7811
chr12	43489394	43491435	ADAMTS20	ADAMTS20	PASSENGER	False	protein_coding	-	2041
chr12	43491504	43494253	ADAMTS20	ADAMTS20	PASSENGER	False	protein_coding	-	2749
chr12	43501151	43503405	ADAMTS20	ADAMTS20	PASSENGER	False	protein_coding	-	2254
chr12	43531035	43533195	ADAMTS20	ADAMTS20	PASSENGER	False	protein_coding	-	2160
chr12	43549908	43553203	ADAMTS20	ADAMTS20	PASSENGER	False	protein_coding	-	3295
chr12	57127482	57130031	LRP1	LRP1	DRIVER	True	protein_coding	+	2549
chr12	57137458	57139581	LRP1	LRP1	DRIVER	True	protein_coding	+	2123
chr12	57140373	57142511	LRP1	LRP1	DRIVER	True	protein_coding	+	2138
chr12	57142678	57146490	LRP1	LRP1	DRIVER	True	protein_coding	+	3812
chr12	57147980	57151059	LRP1	LRP1	DRIVER	True	protein_coding	+	3079
chr12	57153207	57170307	LRP1	LRP1	DRIVER	True	protein_coding	+	17100
chr12	57172167	57182291	LRP1	LRP1	DRIVER	True	protein_coding	+	10124
chr12	57182378	57188456	LRP1	LRP1	DRIVER	True	protein_coding	+	6078
chr12	57189804	57214361	LRP1	LRP1	DRIVER	True	protein_coding	+	24557
chr12	62465816	62468318	MON2	MON2	DRIVER	False	protein_coding	+	2502
chr12	62469700	62471778	MON2	MON2	DRIVER	False	protein_coding	+	2078
chr12	62483169	62485233	MON2	MON2	DRIVER	False	protein_coding	+	2064
chr12	62489035	62491116	MON2	MON2	DRIVER	False	protein_coding	+	2081
chr12	62492914	62496147	MON2	MON2	DRIVER	False	protein_coding	+	3233
chr12	62497918	62502698	MON2	MON2	DRIVER	False	protein_coding	+	4780
chr12	62507285	62510145	MON2	MON2	DRIVER	False	protein_coding	+	2860
chr12	62523514	62527102	MON2	MON2	DRIVER	False	protein_coding	+	3588
chr12	62531437	62533670	MON2	MON2	DRIVER	False	protein_coding	+	2233
chr12	62533844	62539505	MON2	MON2	DRIVER	False	protein_coding	+	5661
chr12	62542096	62548072	MON2	MON2	DRIVER	False	protein_coding	+	5976
chr12	62548667	62550830	MON2	MON2	DRIVER	False	protein_coding	+	2163
chr12	62551880	62554365	MON2	MON2	DRIVER	False	protein_coding	+	2485
chr12	62554993	62557192	MON2	MON2	DRIVER	False	protein_coding	+	2199
chr12	62558909	62562113	MON2	MON2	DRIVER	False	protein_coding	+	3204
chr12	62563972	62567450	MON2	MON2	DRIVER	False	protein_coding	+	3478
chr12	62570391	62572582	MON2	MON2	DRIVER	False	protein_coding	+	2191
chr12	62577444	62581420	MON2	MON2	DRIVER	False	protein_coding	+	3976
chr12	62584293	62586745	MON2	MON2	DRIVER	False	protein_coding	+	2452
chr12	62586851	62589916	MON2	MON2	DRIVER	False	protein_coding	+	3065
chr12	62591585	62601476	MON2	MON2	DRIVER	False	protein_coding	+	9891
chr12	85954665	85981430	MGAT4C	MGAT4C	PASSENGER	False	protein_coding	-	26765
chr12	85982522	85984670	MGAT4C	MGAT4C	PASSENGER	False	protein_coding	-	2148
chr12	85988399	85990552	MGAT4C	MGAT4C	PASSENGER	False	protein_coding	-	2153
chr12	86000493	86003478	MGAT4C	MGAT4C	PASSENGER	False	protein_coding	-	2985
chr12	86010799	86014758	MGAT4C	MGAT4C	PASSENGER	False	protein_coding	-	3959
chr12	86021448	86023544	MGAT4C	MGAT4C	PASSENGER	False	protein_coding	-	2096
chr12	86027087	86029207	MGAT4C	MGAT4C	PASSENGER	False	protein_coding	-	2120
chr12	86048673	86050723	MGAT4C	MGAT4C	PASSENGER	False	protein_coding	-	2050
chr12	86067090	86069507	MGAT4C	MGAT4C	PASSENGER	False	protein_coding	-	2417
chr12	86255238	86257414	MGAT4C	MGAT4C	PASSENGER	False	protein_coding	-	2176
chr12	86333064	86335127	MGAT4C	MGAT4C	PASSENGER	False	protein_coding	-	2063
chr12	86434156	86436265	MGAT4C	MGAT4C	PASSENGER	False	protein_coding	-	2109
chr12	86494250	86496315	MGAT4C	MGAT4C	PASSENGER	False	protein_coding	-	2065
chr12	86598577	86602304	MGAT4C	MGAT4C	PASSENGER	False	protein_coding	-	3727
chr12	86726208	86728241	MGAT4C	MGAT4C	PASSENGER	False	protein_coding	-	2033
chr12	86837665	86839904	MGAT4C	MGAT4C	PASSENGER	False	protein_coding	-	2239
chr12	95075748	95082556	FGD6	FGD6	DRIVER	False	protein_coding	-	6808
chr12	95083497	95086908	FGD6	FGD6	DRIVER	False	protein_coding	-	3411
chr12	95088568	95090696	FGD6	FGD6	DRIVER	False	protein_coding	-	2128
chr12	95090706	95095694	FGD6	FGD6	DRIVER	False	protein_coding	-	4988
chr12	95104006	95109561	FGD6	FGD6	DRIVER	False	protein_coding	-	5555
chr12	95112650	95114701	FGD6	FGD6	DRIVER	False	protein_coding	-	2051
chr12	95115837	95117973	FGD6	FGD6	DRIVER	False	protein_coding	-	2136
chr12	95133738	95135826	FGD6	FGD6	DRIVER	False	protein_coding	-	2088
chr12	95136521	95138678	FGD6	FGD6	DRIVER	False	protein_coding	-	2157
chr12	95140387	95142539	FGD6	FGD6	DRIVER	False	protein_coding	-	2152
chr12	95151810	95153993	FGD6	FGD6	DRIVER	False	protein_coding	-	2183
chr12	95171599	95173744	FGD6	FGD6	DRIVER	False	protein_coding	-	2145
chr12	95188191	95190641	FGD6	FGD6	DRIVER	False	protein_coding	-	2450
chr12	95207842	95212267	FGD6	FGD6	DRIVER	False	protein_coding	-	4425
chr12	95216224	95218482	FGD6	FGD6	DRIVER	False	protein_coding	-	2258
chr12	100716525	100718547	ANO4	ANO4	PASSENGER	False	protein_coding	+	2022
chr12	100732773	100734857	ANO4	ANO4	PASSENGER	False	protein_coding	+	2084
chr12	100738853	100741105	ANO4	ANO4	PASSENGER	False	protein_coding	+	2252
chr12	100793595	100796027	ANO4	ANO4	PASSENGER	False	protein_coding	+	2432
chr12	100841185	100843237	ANO4	ANO4	PASSENGER	False	protein_coding	+	2052
chr12	100851367	100853453	ANO4	ANO4	PASSENGER	False	protein_coding	+	2086
chr12	100884448	100886544	ANO4	ANO4	PASSENGER	False	protein_coding	+	2096
chr12	100900645	100902840	ANO4	ANO4	PASSENGER	False	protein_coding	+	2195
chr12	100921225	100923330	ANO4	ANO4	PASSENGER	False	protein_coding	+	2105
chr12	100938314	100940451	ANO4	ANO4	PASSENGER	False	protein_coding	+	2137
chr12	100941376	100943535	ANO4	ANO4	PASSENGER	False	protein_coding	+	2159
chr12	100970305	100972406	ANO4	ANO4	PASSENGER	False	protein_coding	+	2101
chr12	100973782	100975889	ANO4	ANO4	PASSENGER	False	protein_coding	+	2107
chr12	100986118	100988670	ANO4	ANO4	PASSENGER	False	protein_coding	+	2552
chr12	101019033	101021140	ANO4	ANO4	PASSENGER	False	protein_coding	+	2107
chr12	101036094	101038150	ANO4	ANO4	PASSENGER	False	protein_coding	+	2056
chr12	101038954	101041076	ANO4	ANO4	PASSENGER	False	protein_coding	+	2122
chr12	101041333	101044635	ANO4	ANO4	PASSENGER	False	protein_coding	+	3302
chr12	101046987	101049401	ANO4	ANO4	PASSENGER	False	protein_coding	+	2414
chr12	101078192	101080275	ANO4	ANO4	PASSENGER	False	protein_coding	+	2083
chr12	101082677	101084818	ANO4	ANO4	PASSENGER	False	protein_coding	+	2141
chr12	101085659	101087824	ANO4	ANO4	PASSENGER	False	protein_coding	+	2165
chr12	101093255	101095292	ANO4	ANO4	PASSENGER	False	protein_coding	+	2037
chr12	101095535	101100720	ANO4	ANO4	PASSENGER	False	protein_coding	+	5185
chr12	101109403	101112710	ANO4	ANO4	PASSENGER	False	protein_coding	+	3307
chr12	101115678	101117798	ANO4	ANO4	PASSENGER	False	protein_coding	+	2120
chr12	101119519	101121625	ANO4	ANO4	PASSENGER	False	protein_coding	+	2106
chr12	101125878	101129641	ANO4	ANO4	PASSENGER	False	protein_coding	+	3763
chr12	103586272	103588557	STAB2	STAB2	PASSENGER	False	protein_coding	+	2285
chr12	103589896	103592030	STAB2	STAB2	PASSENGER	False	protein_coding	+	2134
chr12	103593394	103595510	STAB2	STAB2	PASSENGER	False	protein_coding	+	2116
chr12	103619467	103623111	STAB2	STAB2	PASSENGER	False	protein_coding	+	3644
chr12	103630597	103632693	STAB2	STAB2	PASSENGER	False	protein_coding	+	2096
chr12	103636110	103641256	STAB2	STAB2	PASSENGER	False	protein_coding	+	5146
chr12	103647689	103656581	STAB2	STAB2	PASSENGER	False	protein_coding	+	8892
chr12	103659330	103661763	STAB2	STAB2	PASSENGER	False	protein_coding	+	2433
chr12	103661845	103663998	STAB2	STAB2	PASSENGER	False	protein_coding	+	2153
chr12	103665290	103667353	STAB2	STAB2	PASSENGER	False	protein_coding	+	2063
chr12	103667642	103671807	STAB2	STAB2	PASSENGER	False	protein_coding	+	4165
chr12	103672906	103678611	STAB2	STAB2	PASSENGER	False	protein_coding	+	5705
chr12	103682204	103686084	STAB2	STAB2	PASSENGER	False	protein_coding	+	3880
chr12	103687167	103691538	STAB2	STAB2	PASSENGER	False	protein_coding	+	4371
chr12	103691811	103693889	STAB2	STAB2	PASSENGER	False	protein_coding	+	2078
chr12	103694549	103696844	STAB2	STAB2	PASSENGER	False	protein_coding	+	2295
chr12	103698095	103700227	STAB2	STAB2	PASSENGER	False	protein_coding	+	2132
chr12	103702147	103709536	STAB2	STAB2	PASSENGER	False	protein_coding	+	7389
chr12	103710292	103714768	STAB2	STAB2	PASSENGER	False	protein_coding	+	4476
chr12	103714814	103718841	STAB2	STAB2	PASSENGER	False	protein_coding	+	4027
chr12	103723974	103734182	STAB2	STAB2	PASSENGER	False	protein_coding	+	10208
chr12	103734490	103736580	STAB2	STAB2	PASSENGER	False	protein_coding	+	2090
chr12	103736633	103743554	STAB2	STAB2	PASSENGER	False	protein_coding	+	6921
chr12	103744172	103747704	STAB2	STAB2	PASSENGER	False	protein_coding	+	3532
chr12	103747962	103751720	STAB2	STAB2	PASSENGER	False	protein_coding	+	3758
chr12	103752219	103756718	STAB2	STAB2	PASSENGER	False	protein_coding	+	4499
chr12	103756924	103760273	STAB2	STAB2	PASSENGER	False	protein_coding	+	3349
chr12	103760299	103764608	STAB2	STAB2	PASSENGER	False	protein_coding	+	4309
chr12	103765028	103767719	STAB2	STAB2	PASSENGER	False	protein_coding	+	2691
chr12	106582003	106586976	RFX4	RFX4	PASSENGER	False	protein_coding	+	4973
chr12	106600136	106602346	RFX4	RFX4	PASSENGER	False	protein_coding	+	2210
chr12	106607796	106609883	RFX4	RFX4	PASSENGER	False	protein_coding	+	2087
chr12	106638331	106640392	RFX4	RFX4	PASSENGER	False	protein_coding	+	2061
chr12	106644881	106646936	RFX4	RFX4	PASSENGER	False	protein_coding	+	2055
chr12	106653227	106655351	RFX4	RFX4	PASSENGER	False	protein_coding	+	2124
chr12	106661180	106663262	RFX4	RFX4	PASSENGER	False	protein_coding	+	2082
chr12	106680992	106688097	RFX4	RFX4	PASSENGER	False	protein_coding	+	7105
chr12	106688286	106690364	RFX4	RFX4	PASSENGER	False	protein_coding	+	2078
chr12	106692065	106694159	RFX4	RFX4	PASSENGER	False	protein_coding	+	2094
chr12	106695282	106697446	RFX4	RFX4	PASSENGER	False	protein_coding	+	2164
chr12	106708329	106710430	RFX4	RFX4	PASSENGER	False	protein_coding	+	2101
chr12	106710452	106712511	RFX4	RFX4	PASSENGER	False	protein_coding	+	2059
chr12	106714399	106716544	RFX4	RFX4	PASSENGER	False	protein_coding	+	2145
chr12	106718959	106721876	RFX4	RFX4	PASSENGER	False	protein_coding	+	2917
chr12	106731129	106734506	RFX4	RFX4	PASSENGER	False	protein_coding	+	3377
chr12	106746436	106748599	RFX4	RFX4	PASSENGER	False	protein_coding	+	2163
chr12	106749654	106751793	RFX4	RFX4	PASSENGER	False	protein_coding	+	2139
chr12	106760196	106763803	RFX4	RFX4	PASSENGER	False	protein_coding	+	3607
chr12	114669254	114685175	TBX3	TBX3	DRIVER	False	protein_coding	-	15921
chr12	117207141	117216324	NOS1	NOS1	PASSENGER	False	protein_coding	-	9183
chr12	117217045	117221269	NOS1	NOS1	PASSENGER	False	protein_coding	-	4224
chr12	117221714	117223863	NOS1	NOS1	PASSENGER	False	protein_coding	-	2149
chr12	117224015	117228641	NOS1	NOS1	PASSENGER	False	protein_coding	-	4626
chr12	117230961	117233131	NOS1	NOS1	PASSENGER	False	protein_coding	-	2170
chr12	117233564	117235758	NOS1	NOS1	PASSENGER	False	protein_coding	-	2194
chr12	117241626	117244435	NOS1	NOS1	PASSENGER	False	protein_coding	-	2809
chr12	117246347	117248522	NOS1	NOS1	PASSENGER	False	protein_coding	-	2175
chr12	117252637	117254754	NOS1	NOS1	PASSENGER	False	protein_coding	-	2117
chr12	117254935	117257037	NOS1	NOS1	PASSENGER	False	protein_coding	-	2102
chr12	117257396	117261609	NOS1	NOS1	PASSENGER	False	protein_coding	-	4213
chr12	117262888	117266510	NOS1	NOS1	PASSENGER	False	protein_coding	-	3622
chr12	117267042	117269144	NOS1	NOS1	PASSENGER	False	protein_coding	-	2102
chr12	117271384	117273559	NOS1	NOS1	PASSENGER	False	protein_coding	-	2175
chr12	117276958	117279098	NOS1	NOS1	PASSENGER	False	protein_coding	-	2140
chr12	117279724	117281866	NOS1	NOS1	PASSENGER	False	protein_coding	-	2142
chr12	117284240	117289219	NOS1	NOS1	PASSENGER	False	protein_coding	-	4979
chr12	117289297	117291426	NOS1	NOS1	PASSENGER	False	protein_coding	-	2129
chr12	117310465	117312592	NOS1	NOS1	PASSENGER	False	protein_coding	-	2127
chr12	117329344	117332489	NOS1	NOS1	PASSENGER	False	protein_coding	-	3145
chr12	117347034	117349392	NOS1	NOS1	PASSENGER	False	protein_coding	-	2358
chr12	117360511	117362802	NOS1	NOS1	PASSENGER	False	protein_coding	-	2291
chr12	117450700	117453170	NOS1	NOS1	PASSENGER	False	protein_coding	-	2470
chr12	124323414	124338180	NCOR2	NCOR2	DRIVER	False	protein_coding	-	14766
chr12	124339005	124351737	NCOR2	NCOR2	DRIVER	False	protein_coding	-	12732
chr12	124353092	124357850	NCOR2	NCOR2	DRIVER	False	protein_coding	-	4758
chr12	124361125	124364799	NCOR2	NCOR2	DRIVER	False	protein_coding	-	3674
chr12	124371021	124375463	NCOR2	NCOR2	DRIVER	False	protein_coding	-	4442
chr12	124377236	124379384	NCOR2	NCOR2	DRIVER	False	protein_coding	-	2148
chr12	124384744	124386887	NCOR2	NCOR2	DRIVER	False	protein_coding	-	2143
chr12	124387684	124389824	NCOR2	NCOR2	DRIVER	False	protein_coding	-	2140
chr12	124397118	124399181	NCOR2	NCOR2	DRIVER	False	protein_coding	-	2063
chr12	124399500	124403561	NCOR2	NCOR2	DRIVER	False	protein_coding	-	4061
chr12	124418956	124421055	NCOR2	NCOR2	DRIVER	False	protein_coding	-	2099
chr12	124421500	124423555	NCOR2	NCOR2	DRIVER	False	protein_coding	-	2055
chr12	124425621	124427800	NCOR2	NCOR2	DRIVER	False	protein_coding	-	2179
chr12	124428394	124431787	NCOR2	NCOR2	DRIVER	False	protein_coding	-	3393
chr12	124436929	124438996	NCOR2	NCOR2	DRIVER	False	protein_coding	-	2067
chr12	124448814	124450867	NCOR2	NCOR2	DRIVER	False	protein_coding	-	2053
chr12	124456105	124458162	NCOR2	NCOR2	DRIVER	False	protein_coding	-	2057
chr12	124465172	124467286	NCOR2	NCOR2	DRIVER	False	protein_coding	-	2114
chr12	124471951	124474131	NCOR2	NCOR2	DRIVER	False	protein_coding	-	2180
chr12	124482595	124484774	NCOR2	NCOR2	DRIVER	False	protein_coding	-	2179
chr12	124485373	124487568	NCOR2	NCOR2	DRIVER	False	protein_coding	-	2195
chr12	124494146	124496368	NCOR2	NCOR2	DRIVER	False	protein_coding	-	2222
chr12	124517139	124519294	NCOR2	NCOR2	DRIVER	False	protein_coding	-	2155
chr12	124534564	124536611	NCOR2	NCOR2	DRIVER	False	protein_coding	-	2047
chr12	124566307	124568612	NCOR2	NCOR2	DRIVER	False	protein_coding	-	2305
chr12	124910603	124918368	UBC	UBC	DRIVER	False	protein_coding	-	7765
chr12	129070724	129076059	TMEM132D	TMEM132D	PASSENGER	False	protein_coding	-	5335
chr12	129077533	129079725	TMEM132D	TMEM132D	PASSENGER	False	protein_coding	-	2192
chr12	129080758	129083032	TMEM132D	TMEM132D	PASSENGER	False	protein_coding	-	2274
chr12	129083496	129087000	TMEM132D	TMEM132D	PASSENGER	False	protein_coding	-	3504
chr12	129208519	129210663	TMEM132D	TMEM132D	PASSENGER	False	protein_coding	-	2144
chr12	129336633	129338817	TMEM132D	TMEM132D	PASSENGER	False	protein_coding	-	2184
chr12	129530058	129532205	TMEM132D	TMEM132D	PASSENGER	False	protein_coding	-	2147
chr12	129698809	129701698	TMEM132D	TMEM132D	PASSENGER	False	protein_coding	-	2889
chr12	129902260	129905025	TMEM132D	TMEM132D	PASSENGER	False	protein_coding	-	2765
chr12	130336886	130340700	PIWIL1	PIWIL1	PASSENGER	False	protein_coding	+	3814
chr12	130341230	130344101	PIWIL1	PIWIL1	PASSENGER	False	protein_coding	+	2871
chr12	130344305	130350967	PIWIL1	PIWIL1	PASSENGER	False	protein_coding	+	6662
chr12	130353536	130358553	PIWIL1	PIWIL1	PASSENGER	False	protein_coding	+	5017
chr12	130360179	130364144	PIWIL1	PIWIL1	PASSENGER	False	protein_coding	+	3965
chr12	130365436	130368258	PIWIL1	PIWIL1	PASSENGER	False	protein_coding	+	2822
chr12	130370175	130373637	PIWIL1	PIWIL1	PASSENGER	False	protein_coding	+	3462
chr13	23287688	23290243	SACS	SACS	DRIVER	False	protein_coding	-	2555
chr13	23309715	23313115	SACS	SACS	DRIVER	False	protein_coding	-	3400
chr13	23320565	23323644	SACS	SACS	DRIVER	False	protein_coding	-	3079
chr13	23327825	23342690	SACS	SACS	DRIVER	False	protein_coding	-	14865
chr13	23345810	23347837	SACS	SACS	DRIVER	False	protein_coding	-	2027
chr13	23352735	23357007	SACS	SACS	DRIVER	False	protein_coding	-	4272
chr13	23357334	23359481	SACS	SACS	DRIVER	False	protein_coding	-	2147
chr13	23361619	23366277	SACS	SACS	DRIVER	False	protein_coding	-	4658
chr13	23367401	23376600	SACS	SACS	DRIVER	False	protein_coding	-	9199
chr13	23408389	23412740	SACS	SACS	DRIVER	False	protein_coding	-	4351
chr13	23432614	23434763	SACS	SACS	DRIVER	False	protein_coding	-	2149
chr13	24763168	24765333	RNF17	RNF17	PASSENGER	False	protein_coding	+	2165
chr13	24766271	24768366	RNF17	RNF17	PASSENGER	False	protein_coding	+	2095
chr13	24773812	24775904	RNF17	RNF17	PASSENGER	False	protein_coding	+	2092
chr13	24777294	24780747	RNF17	RNF17	PASSENGER	False	protein_coding	+	3453
chr13	24780843	24782944	RNF17	RNF17	PASSENGER	False	protein_coding	+	2101
chr13	24786987	24790772	RNF17	RNF17	PASSENGER	False	protein_coding	+	3785
chr13	24792041	24797295	RNF17	RNF17	PASSENGER	False	protein_coding	+	5254
chr13	24798394	24805429	RNF17	RNF17	PASSENGER	False	protein_coding	+	7035
chr13	24823195	24826772	RNF17	RNF17	PASSENGER	False	protein_coding	+	3577
chr13	24829483	24832978	RNF17	RNF17	PASSENGER	False	protein_coding	+	3495
chr13	24841040	24846079	RNF17	RNF17	PASSENGER	False	protein_coding	+	5039
chr13	24849340	24852571	RNF17	RNF17	PASSENGER	False	protein_coding	+	3231
chr13	24852854	24855144	RNF17	RNF17	PASSENGER	False	protein_coding	+	2290
chr13	24858000	24860164	RNF17	RNF17	PASSENGER	False	protein_coding	+	2164
chr13	24860267	24863793	RNF17	RNF17	PASSENGER	False	protein_coding	+	3526
chr13	24863872	24867203	RNF17	RNF17	PASSENGER	False	protein_coding	+	3331
chr13	24867599	24871739	RNF17	RNF17	PASSENGER	False	protein_coding	+	4140
chr13	24873113	24875261	RNF17	RNF17	PASSENGER	False	protein_coding	+	2148
chr13	24875996	24880921	RNF17	RNF17	PASSENGER	False	protein_coding	+	4925
chr13	32314085	32317889	BRCA2	BRCA2	DRIVER	True	protein_coding	+	3804
chr13	32318076	32320325	BRCA2	BRCA2	DRIVER	True	protein_coding	+	2249
chr13	32323657	32327971	BRCA2	BRCA2	DRIVER	True	protein_coding	+	4314
chr13	32328442	32334387	BRCA2	BRCA2	DRIVER	True	protein_coding	+	5945
chr13	32335264	32342196	BRCA2	BRCA2	DRIVER	True	protein_coding	+	6932
chr13	32343557	32345653	BRCA2	BRCA2	DRIVER	True	protein_coding	+	2096
chr13	32345826	32347896	BRCA2	BRCA2	DRIVER	True	protein_coding	+	2070
chr13	32353860	32358929	BRCA2	BRCA2	DRIVER	True	protein_coding	+	5069
chr13	32361514	32364533	BRCA2	BRCA2	DRIVER	True	protein_coding	+	3019
chr13	32369401	32372100	BRCA2	BRCA2	DRIVER	True	protein_coding	+	2699
chr13	32373961	32377791	BRCA2	BRCA2	DRIVER	True	protein_coding	+	3830
chr13	32378316	32381145	BRCA2	BRCA2	DRIVER	True	protein_coding	+	2829
chr13	32382892	32385031	BRCA2	BRCA2	DRIVER	True	protein_coding	+	2139
chr13	32393688	32401268	BRCA2	BRCA2	DRIVER	True	protein_coding	+	7580
chr13	37631062	37640299	TRPC4	TRPC4	PASSENGER	False	protein_coding	-	9237
chr13	37650249	37652459	TRPC4	TRPC4	PASSENGER	False	protein_coding	-	2210
chr13	37654087	37656283	TRPC4	TRPC4	PASSENGER	False	protein_coding	-	2196
chr13	37662415	37664729	TRPC4	TRPC4	PASSENGER	False	protein_coding	-	2314
chr13	37673227	37675370	TRPC4	TRPC4	PASSENGER	False	protein_coding	-	2143
chr13	37690998	37693335	TRPC4	TRPC4	PASSENGER	False	protein_coding	-	2337
chr13	37744936	37747455	TRPC4	TRPC4	PASSENGER	False	protein_coding	-	2519
chr13	37781955	37784360	TRPC4	TRPC4	PASSENGER	False	protein_coding	-	2405
chr13	37868594	37870802	TRPC4	TRPC4	PASSENGER	False	protein_coding	-	2208
chr13	38686076	38693517	FREM2	FREM2	PASSENGER	False	protein_coding	+	7441
chr13	38696697	38698787	FREM2	FREM2	PASSENGER	False	protein_coding	+	2090
chr13	38763303	38765450	FREM2	FREM2	PASSENGER	False	protein_coding	+	2147
chr13	38768577	38770808	FREM2	FREM2	PASSENGER	False	protein_coding	+	2231
chr13	38782069	38785808	FREM2	FREM2	PASSENGER	False	protein_coding	+	3739
chr13	38820695	38822848	FREM2	FREM2	PASSENGER	False	protein_coding	+	2153
chr13	38845572	38852868	FREM2	FREM2	PASSENGER	False	protein_coding	+	7296
chr13	38855125	38862562	FREM2	FREM2	PASSENGER	False	protein_coding	+	7437
chr13	38863274	38865606	FREM2	FREM2	PASSENGER	False	protein_coding	+	2332
chr13	38871741	38888131	FREM2	FREM2	PASSENGER	False	protein_coding	+	16390
chr13	48302743	48305049	RB1	RB1	DRIVER	True	protein_coding	+	2306
chr13	48306279	48308406	RB1	RB1	DRIVER	True	protein_coding	+	2127
chr13	48332016	48334216	RB1	RB1	DRIVER	True	protein_coding	+	2200
chr13	48341598	48343714	RB1	RB1	DRIVER	True	protein_coding	+	2116
chr13	48344079	48346199	RB1	RB1	DRIVER	True	protein_coding	+	2120
chr13	48346824	48350023	RB1	RB1	DRIVER	True	protein_coding	+	3199
chr13	48359016	48361737	RB1	RB1	DRIVER	True	protein_coding	+	2721
chr13	48361814	48365971	RB1	RB1	DRIVER	True	protein_coding	+	4157
chr13	48366493	48369604	RB1	RB1	DRIVER	True	protein_coding	+	3111
chr13	48372404	48374492	RB1	RB1	DRIVER	True	protein_coding	+	2088
chr13	48375917	48378034	RB1	RB1	DRIVER	True	protein_coding	+	2117
chr13	48378593	48382443	RB1	RB1	DRIVER	True	protein_coding	+	3850
chr13	48443827	48446221	RB1	RB1	DRIVER	True	protein_coding	+	2394
chr13	48451992	48454111	RB1	RB1	DRIVER	True	protein_coding	+	2119
chr13	48455203	48457349	RB1	RB1	DRIVER	True	protein_coding	+	2146
chr13	48458687	48460833	RB1	RB1	DRIVER	True	protein_coding	+	2146
chr13	48462730	48466368	RB1	RB1	DRIVER	True	protein_coding	+	3638
chr13	48472359	48474390	RB1	RB1	DRIVER	True	protein_coding	+	2031
chr13	48475399	48478404	RB1	RB1	DRIVER	True	protein_coding	+	3005
chr13	48478978	48482890	RB1	RB1	DRIVER	True	protein_coding	+	3912
chr13	48598301	48600436	RB1	RB1	DRIVER	True	protein_coding	+	2135
chr13	66301833	66307309	PCDH9	PCDH9	PASSENGER	False	protein_coding	-	5476
chr13	66630209	66632411	PCDH9	PCDH9	PASSENGER	False	protein_coding	-	2202
chr13	66781713	66783797	PCDH9	PCDH9	PASSENGER	False	protein_coding	-	2084
chr13	66902503	66904605	PCDH9	PCDH9	PASSENGER	False	protein_coding	-	2102
chr13	67200014	67231445	PCDH9	PCDH9	PASSENGER	False	protein_coding	-	31431
chr13	77041473	77046493	MYCBP2	MYCBP2	DRIVER	True	protein_coding	-	5020
chr13	77049996	77053700	MYCBP2	MYCBP2	DRIVER	True	protein_coding	-	3704
chr13	77054557	77071721	MYCBP2	MYCBP2	DRIVER	True	protein_coding	-	17164
chr13	77075750	77079889	MYCBP2	MYCBP2	DRIVER	True	protein_coding	-	4139
chr13	77080426	77084192	MYCBP2	MYCBP2	DRIVER	True	protein_coding	-	3766
chr13	77086483	77091263	MYCBP2	MYCBP2	DRIVER	True	protein_coding	-	4780
chr13	77092164	77094332	MYCBP2	MYCBP2	DRIVER	True	protein_coding	-	2168
chr13	77094357	77100013	MYCBP2	MYCBP2	DRIVER	True	protein_coding	-	5656
chr13	77102208	77104310	MYCBP2	MYCBP2	DRIVER	True	protein_coding	-	2102
chr13	77117339	77122495	MYCBP2	MYCBP2	DRIVER	True	protein_coding	-	5156
chr13	77124335	77127542	MYCBP2	MYCBP2	DRIVER	True	protein_coding	-	3207
chr13	77128155	77130230	MYCBP2	MYCBP2	DRIVER	True	protein_coding	-	2075
chr13	77138195	77141943	MYCBP2	MYCBP2	DRIVER	True	protein_coding	-	3748
chr13	77141995	77147217	MYCBP2	MYCBP2	DRIVER	True	protein_coding	-	5222
chr13	77149733	77151949	MYCBP2	MYCBP2	DRIVER	True	protein_coding	-	2216
chr13	77155057	77162955	MYCBP2	MYCBP2	DRIVER	True	protein_coding	-	7898
chr13	77163453	77172634	MYCBP2	MYCBP2	DRIVER	True	protein_coding	-	9181
chr13	77172778	77175489	MYCBP2	MYCBP2	DRIVER	True	protein_coding	-	2711
chr13	77175496	77178954	MYCBP2	MYCBP2	DRIVER	True	protein_coding	-	3458
chr13	77179126	77182922	MYCBP2	MYCBP2	DRIVER	True	protein_coding	-	3796
chr13	77184102	77187063	MYCBP2	MYCBP2	DRIVER	True	protein_coding	-	2961
chr13	77187950	77192813	MYCBP2	MYCBP2	DRIVER	True	protein_coding	-	4863
chr13	77193152	77195244	MYCBP2	MYCBP2	DRIVER	True	protein_coding	-	2092
chr13	77204255	77207825	MYCBP2	MYCBP2	DRIVER	True	protein_coding	-	3570
chr13	77210166	77213160	MYCBP2	MYCBP2	DRIVER	True	protein_coding	-	2994
chr13	77216839	77218957	MYCBP2	MYCBP2	DRIVER	True	protein_coding	-	2118
chr13	77223450	77226554	MYCBP2	MYCBP2	DRIVER	True	protein_coding	-	3104
chr13	77232155	77234263	MYCBP2	MYCBP2	DRIVER	True	protein_coding	-	2108
chr13	77236749	77238983	MYCBP2	MYCBP2	DRIVER	True	protein_coding	-	2234
chr13	77241252	77245929	MYCBP2	MYCBP2	DRIVER	True	protein_coding	-	4677
chr13	77250150	77252355	MYCBP2	MYCBP2	DRIVER	True	protein_coding	-	2205
chr13	77256670	77258829	MYCBP2	MYCBP2	DRIVER	True	protein_coding	-	2159
chr13	77259427	77268937	MYCBP2	MYCBP2	DRIVER	True	protein_coding	-	9510
chr13	77268991	77274668	MYCBP2	MYCBP2	DRIVER	True	protein_coding	-	5677
chr13	77277757	77279911	MYCBP2	MYCBP2	DRIVER	True	protein_coding	-	2154
chr13	77287160	77289376	MYCBP2	MYCBP2	DRIVER	True	protein_coding	-	2216
chr13	77295598	77297674	MYCBP2	MYCBP2	DRIVER	True	protein_coding	-	2076
chr13	77325473	77328094	MYCBP2	MYCBP2	DRIVER	True	protein_coding	-	2621
chr13	101052775	101056488	NALCN	NALCN	PASSENGER	False	protein_coding	-	3713
chr13	101056938	101063118	NALCN	NALCN	PASSENGER	False	protein_coding	-	6180
chr13	101064403	101069827	NALCN	NALCN	PASSENGER	False	protein_coding	-	5424
chr13	101072583	101076941	NALCN	NALCN	PASSENGER	False	protein_coding	-	4358
chr13	101080526	101084804	NALCN	NALCN	PASSENGER	False	protein_coding	-	4278
chr13	101088662	101090966	NALCN	NALCN	PASSENGER	False	protein_coding	-	2304
chr13	101094573	101096680	NALCN	NALCN	PASSENGER	False	protein_coding	-	2107
chr13	101099783	101101888	NALCN	NALCN	PASSENGER	False	protein_coding	-	2105
chr13	101102171	101105950	NALCN	NALCN	PASSENGER	False	protein_coding	-	3779
chr13	101106486	101108789	NALCN	NALCN	PASSENGER	False	protein_coding	-	2303
chr13	101109618	101112226	NALCN	NALCN	PASSENGER	False	protein_coding	-	2608
chr13	101112633	101118006	NALCN	NALCN	PASSENGER	False	protein_coding	-	5373
chr13	101123607	101125681	NALCN	NALCN	PASSENGER	False	protein_coding	-	2074
chr13	101141742	101145896	NALCN	NALCN	PASSENGER	False	protein_coding	-	4154
chr13	101162096	101164794	NALCN	NALCN	PASSENGER	False	protein_coding	-	2698
chr13	101173188	101177374	NALCN	NALCN	PASSENGER	False	protein_coding	-	4186
chr13	101178585	101182337	NALCN	NALCN	PASSENGER	False	protein_coding	-	3752
chr13	101184417	101186840	NALCN	NALCN	PASSENGER	False	protein_coding	-	2423
chr13	101190916	101193054	NALCN	NALCN	PASSENGER	False	protein_coding	-	2138
chr13	101228392	101230584	NALCN	NALCN	PASSENGER	False	protein_coding	-	2192
chr13	101236754	101238922	NALCN	NALCN	PASSENGER	False	protein_coding	-	2168
chr13	101257442	101259574	NALCN	NALCN	PASSENGER	False	protein_coding	-	2132
chr13	101276161	101279515	NALCN	NALCN	PASSENGER	False	protein_coding	-	3354
chr13	101282932	101285019	NALCN	NALCN	PASSENGER	False	protein_coding	-	2087
chr13	101290989	101293366	NALCN	NALCN	PASSENGER	False	protein_coding	-	2377
chr13	101302314	101306058	NALCN	NALCN	PASSENGER	False	protein_coding	-	3744
chr13	101330618	101333002	NALCN	NALCN	PASSENGER	False	protein_coding	-	2384
chr13	101344265	101346420	NALCN	NALCN	PASSENGER	False	protein_coding	-	2155
chr13	101346487	101348599	NALCN	NALCN	PASSENGER	False	protein_coding	-	2112
chr13	101367540	101369998	NALCN	NALCN	PASSENGER	False	protein_coding	-	2458
chr13	101373329	101379653	NALCN	NALCN	PASSENGER	False	protein_coding	-	6324
chr13	101394182	101396365	NALCN	NALCN	PASSENGER	False	protein_coding	-	2183
chr13	101398018	101400168	NALCN	NALCN	PASSENGER	False	protein_coding	-	2150
chr13	101415312	101417508	NALCN	NALCN	PASSENGER	False	protein_coding	-	2196
chr13	108595151	108597239	MYO16	MYO16	PASSENGER	False	protein_coding	+	2088
chr13	108628610	108630872	MYO16	MYO16	PASSENGER	False	protein_coding	+	2262
chr13	108664885	108667149	MYO16	MYO16	PASSENGER	False	protein_coding	+	2264
chr13	108711660	108713731	MYO16	MYO16	PASSENGER	False	protein_coding	+	2071
chr13	108726439	108728583	MYO16	MYO16	PASSENGER	False	protein_coding	+	2144
chr13	108778541	108781052	MYO16	MYO16	PASSENGER	False	protein_coding	+	2511
chr13	108784634	108786743	MYO16	MYO16	PASSENGER	False	protein_coding	+	2109
chr13	108792515	108794640	MYO16	MYO16	PASSENGER	False	protein_coding	+	2125
chr13	108805678	108807804	MYO16	MYO16	PASSENGER	False	protein_coding	+	2126
chr13	108819336	108821412	MYO16	MYO16	PASSENGER	False	protein_coding	+	2076
chr13	108822124	108824278	MYO16	MYO16	PASSENGER	False	protein_coding	+	2154
chr13	108843342	108845493	MYO16	MYO16	PASSENGER	False	protein_coding	+	2151
chr13	108854295	108856553	MYO16	MYO16	PASSENGER	False	protein_coding	+	2258
chr13	108865176	108867242	MYO16	MYO16	PASSENGER	False	protein_coding	+	2066
chr13	108882058	108884186	MYO16	MYO16	PASSENGER	False	protein_coding	+	2128
chr13	108887371	108889477	MYO16	MYO16	PASSENGER	False	protein_coding	+	2106
chr13	108897015	108899133	MYO16	MYO16	PASSENGER	False	protein_coding	+	2118
chr13	108909002	108911150	MYO16	MYO16	PASSENGER	False	protein_coding	+	2148
chr13	108956687	108958799	MYO16	MYO16	PASSENGER	False	protein_coding	+	2112
chr13	108960538	108963495	MYO16	MYO16	PASSENGER	False	protein_coding	+	2957
chr13	108963760	108965902	MYO16	MYO16	PASSENGER	False	protein_coding	+	2142
chr13	108991375	108993448	MYO16	MYO16	PASSENGER	False	protein_coding	+	2073
chr13	109007896	109010049	MYO16	MYO16	PASSENGER	False	protein_coding	+	2153
chr13	109018710	109020911	MYO16	MYO16	PASSENGER	False	protein_coding	+	2201
chr13	109045915	109049982	MYO16	MYO16	PASSENGER	False	protein_coding	+	4067
chr13	109051299	109053475	MYO16	MYO16	PASSENGER	False	protein_coding	+	2176
chr13	109054045	109057057	MYO16	MYO16	PASSENGER	False	protein_coding	+	3012
chr13	109099784	109101887	MYO16	MYO16	PASSENGER	False	protein_coding	+	2103
chr13	109119369	109121466	MYO16	MYO16	PASSENGER	False	protein_coding	+	2097
chr13	109124111	109128550	MYO16	MYO16	PASSENGER	False	protein_coding	+	4439
chr13	109139263	109142376	MYO16	MYO16	PASSENGER	False	protein_coding	+	3113
chr13	109163900	109166059	MYO16	MYO16	PASSENGER	False	protein_coding	+	2159
chr13	109178541	109180633	MYO16	MYO16	PASSENGER	False	protein_coding	+	2092
chr13	109205608	109209005	MYO16	MYO16	PASSENGER	False	protein_coding	+	3397
chr13	113666218	113672656	GRK1	GRK1	PASSENGER	False	protein_coding	+	6438
chr13	113722073	113724157	GRK1	GRK1	PASSENGER	False	protein_coding	+	2084
chr13	113725485	113727537	GRK1	GRK1	PASSENGER	False	protein_coding	+	2052
chr13	113730218	113738736	GRK1	GRK1	PASSENGER	False	protein_coding	+	8518
chr14	21279082	21281159	RPGRIP1	RPGRIP1	PASSENGER	False	protein_coding	+	2077
chr14	21286938	21289061	RPGRIP1	RPGRIP1	PASSENGER	False	protein_coding	+	2123
chr14	21293676	21295809	RPGRIP1	RPGRIP1	PASSENGER	False	protein_coding	+	2133
chr14	21299965	21304543	RPGRIP1	RPGRIP1	PASSENGER	False	protein_coding	+	4578
chr14	21306730	21308836	RPGRIP1	RPGRIP1	PASSENGER	False	protein_coding	+	2106
chr14	21309583	21313506	RPGRIP1	RPGRIP1	PASSENGER	False	protein_coding	+	3923
chr14	21316538	21331387	RPGRIP1	RPGRIP1	PASSENGER	False	protein_coding	+	14849
chr14	21333601	21335705	RPGRIP1	RPGRIP1	PASSENGER	False	protein_coding	+	2104
chr14	21342035	21346197	RPGRIP1	RPGRIP1	PASSENGER	False	protein_coding	+	4162
chr14	21347171	21349302	RPGRIP1	RPGRIP1	PASSENGER	False	protein_coding	+	2131
chr14	21350103	21352301	RPGRIP1	RPGRIP1	PASSENGER	False	protein_coding	+	2198
chr14	23411739	23436660	MYH7	MYH7	PASSENGER	False	protein_coding	-	24921
chr14	37588551	37597059	FOXA1	FOXA1	DRIVER	False	protein_coding	-	8508
chr14	63760898	63762986	SYNE2	SYNE2	DRIVER	True	protein_coding	+	2088
chr14	63851500	63854143	SYNE2	SYNE2	DRIVER	True	protein_coding	+	2643
chr14	63863387	63865469	SYNE2	SYNE2	DRIVER	True	protein_coding	+	2082
chr14	63872416	63875006	SYNE2	SYNE2	DRIVER	True	protein_coding	+	2590
chr14	63907822	63910227	SYNE2	SYNE2	DRIVER	True	protein_coding	+	2405
chr14	63939613	63943143	SYNE2	SYNE2	DRIVER	True	protein_coding	+	3530
chr14	63948824	63951006	SYNE2	SYNE2	DRIVER	True	protein_coding	+	2182
chr14	63953718	63955915	SYNE2	SYNE2	DRIVER	True	protein_coding	+	2197
chr14	63959735	63962625	SYNE2	SYNE2	DRIVER	True	protein_coding	+	2890
chr14	63962898	63965000	SYNE2	SYNE2	DRIVER	True	protein_coding	+	2102
chr14	63966708	63968846	SYNE2	SYNE2	DRIVER	True	protein_coding	+	2138
chr14	63975562	63984886	SYNE2	SYNE2	DRIVER	True	protein_coding	+	9324
chr14	63985455	63987617	SYNE2	SYNE2	DRIVER	True	protein_coding	+	2162
chr14	63989410	63992115	SYNE2	SYNE2	DRIVER	True	protein_coding	+	2705
chr14	63992834	64004330	SYNE2	SYNE2	DRIVER	True	protein_coding	+	11496
chr14	64006042	64008222	SYNE2	SYNE2	DRIVER	True	protein_coding	+	2180
chr14	64008965	64011116	SYNE2	SYNE2	DRIVER	True	protein_coding	+	2151
chr14	64015472	64018756	SYNE2	SYNE2	DRIVER	True	protein_coding	+	3284
chr14	64018991	64028793	SYNE2	SYNE2	DRIVER	True	protein_coding	+	9802
chr14	64028894	64032357	SYNE2	SYNE2	DRIVER	True	protein_coding	+	3463
chr14	64033493	64035592	SYNE2	SYNE2	DRIVER	True	protein_coding	+	2099
chr14	64046999	64054657	SYNE2	SYNE2	DRIVER	True	protein_coding	+	7658
chr14	64054943	64057266	SYNE2	SYNE2	DRIVER	True	protein_coding	+	2323
chr14	64061750	64063895	SYNE2	SYNE2	DRIVER	True	protein_coding	+	2145
chr14	64064431	64066650	SYNE2	SYNE2	DRIVER	True	protein_coding	+	2219
chr14	64069644	64071910	SYNE2	SYNE2	DRIVER	True	protein_coding	+	2266
chr14	64072967	64077100	SYNE2	SYNE2	DRIVER	True	protein_coding	+	4133
chr14	64077465	64082580	SYNE2	SYNE2	DRIVER	True	protein_coding	+	5115
chr14	64086418	64092048	SYNE2	SYNE2	DRIVER	True	protein_coding	+	5630
chr14	64092348	64094480	SYNE2	SYNE2	DRIVER	True	protein_coding	+	2132
chr14	64096948	64103043	SYNE2	SYNE2	DRIVER	True	protein_coding	+	6095
chr14	64106490	64108607	SYNE2	SYNE2	DRIVER	True	protein_coding	+	2117
chr14	64112066	64114572	SYNE2	SYNE2	DRIVER	True	protein_coding	+	2506
chr14	64118426	64123522	SYNE2	SYNE2	DRIVER	True	protein_coding	+	5096
chr14	64124078	64131248	SYNE2	SYNE2	DRIVER	True	protein_coding	+	7170
chr14	64131264	64135200	SYNE2	SYNE2	DRIVER	True	protein_coding	+	3936
chr14	64136786	64144948	SYNE2	SYNE2	DRIVER	True	protein_coding	+	8162
chr14	64145067	64147223	SYNE2	SYNE2	DRIVER	True	protein_coding	+	2156
chr14	64151563	64153716	SYNE2	SYNE2	DRIVER	True	protein_coding	+	2153
chr14	64157624	64160442	SYNE2	SYNE2	DRIVER	True	protein_coding	+	2818
chr14	64161071	64171462	SYNE2	SYNE2	DRIVER	True	protein_coding	+	10391
chr14	64172898	64176138	SYNE2	SYNE2	DRIVER	True	protein_coding	+	3240
chr14	64176357	64178483	SYNE2	SYNE2	DRIVER	True	protein_coding	+	2126
chr14	64185423	64192120	SYNE2	SYNE2	DRIVER	True	protein_coding	+	6697
chr14	64195753	64198104	SYNE2	SYNE2	DRIVER	True	protein_coding	+	2351
chr14	64201186	64205389	SYNE2	SYNE2	DRIVER	True	protein_coding	+	4203
chr14	64206957	64227433	SYNE2	SYNE2	DRIVER	True	protein_coding	+	20476
chr14	100878752	100885874	RTL1	RTL1	PASSENGER	False	protein_coding	-	7122
chr14	100892443	100894505	RTL1	RTL1	PASSENGER	False	protein_coding	-	2062
chr14	100902290	100904722	RTL1	RTL1	PASSENGER	False	protein_coding	-	2432
chr14	101559138	101564452	DIO3	DIO3	PASSENGER	False	protein_coding	+	5314
chr14	101963572	101965947	DYNC1H1	DYNC1H1	DRIVER	True	protein_coding	+	2375
chr14	101974711	101976799	DYNC1H1	DYNC1H1	DRIVER	True	protein_coding	+	2088
chr14	101978318	101981550	DYNC1H1	DYNC1H1	DRIVER	True	protein_coding	+	3232
chr14	101982018	101984609	DYNC1H1	DYNC1H1	DRIVER	True	protein_coding	+	2591
chr14	101984686	101992673	DYNC1H1	DYNC1H1	DRIVER	True	protein_coding	+	7987
chr14	101993183	101998274	DYNC1H1	DYNC1H1	DRIVER	True	protein_coding	+	5091
chr14	101998988	102021056	DYNC1H1	DYNC1H1	DRIVER	True	protein_coding	+	22068
chr14	102021750	102046302	DYNC1H1	DYNC1H1	DRIVER	True	protein_coding	+	24552
chr14	102046417	102057443	DYNC1H1	DYNC1H1	DRIVER	True	protein_coding	+	11026
chr14	104768348	104781216	AKT1	AKT1	DRIVER	False	protein_coding	-	12868
chr14	104785290	104787367	AKT1	AKT1	DRIVER	False	protein_coding	-	2077
chr14	104791597	104796759	AKT1	AKT1	DRIVER	False	protein_coding	-	5162
chr14	104936243	104958672	AHNAK2	AHNAK2	DRIVER	False	protein_coding	-	22429
chr14	104969455	104971481	AHNAK2	AHNAK2	DRIVER	False	protein_coding	-	2026
chr14	104977182	104979374	AHNAK2	AHNAK2	DRIVER	False	protein_coding	-	2192
chr15	28110039	28119421	HERC2	HERC2	DRIVER	False	protein_coding	-	9382
chr15	28120345	28122429	HERC2	HERC2	DRIVER	False	protein_coding	-	2084
chr15	28123036	28126193	HERC2	HERC2	DRIVER	False	protein_coding	-	3157
chr15	28129162	28133830	HERC2	HERC2	DRIVER	False	protein_coding	-	4668
chr15	28134477	28136692	HERC2	HERC2	DRIVER	False	protein_coding	-	2215
chr15	28140431	28147344	HERC2	HERC2	DRIVER	False	protein_coding	-	6913
chr15	28151676	28153830	HERC2	HERC2	DRIVER	False	protein_coding	-	2154
chr15	28162093	28164285	HERC2	HERC2	DRIVER	False	protein_coding	-	2192
chr15	28166686	28170655	HERC2	HERC2	DRIVER	False	protein_coding	-	3969
chr15	28173394	28180223	HERC2	HERC2	DRIVER	False	protein_coding	-	6829
chr15	28181400	28183512	HERC2	HERC2	DRIVER	False	protein_coding	-	2112
chr15	28185576	28187752	HERC2	HERC2	DRIVER	False	protein_coding	-	2176
chr15	28189200	28193151	HERC2	HERC2	DRIVER	False	protein_coding	-	3951
chr15	28195214	28199769	HERC2	HERC2	DRIVER	False	protein_coding	-	4555
chr15	28200455	28204936	HERC2	HERC2	DRIVER	False	protein_coding	-	4481
chr15	28205239	28207382	HERC2	HERC2	DRIVER	False	protein_coding	-	2143
chr15	28210001	28216802	HERC2	HERC2	DRIVER	False	protein_coding	-	6801
chr15	28217488	28223215	HERC2	HERC2	DRIVER	False	protein_coding	-	5727
chr15	28227217	28231500	HERC2	HERC2	DRIVER	False	protein_coding	-	4283
chr15	28232145	28235284	HERC2	HERC2	DRIVER	False	protein_coding	-	3139
chr15	28235962	28239772	HERC2	HERC2	DRIVER	False	protein_coding	-	3810
chr15	28244880	28249736	HERC2	HERC2	DRIVER	False	protein_coding	-	4856
chr15	28253339	28258261	HERC2	HERC2	DRIVER	False	protein_coding	-	4922
chr15	28259776	28264169	HERC2	HERC2	DRIVER	False	protein_coding	-	4393
chr15	28264617	28266974	HERC2	HERC2	DRIVER	False	protein_coding	-	2357
chr15	28267464	28276005	HERC2	HERC2	DRIVER	False	protein_coding	-	8541
chr15	28279033	28281287	HERC2	HERC2	DRIVER	False	protein_coding	-	2254
chr15	28291887	28294022	HERC2	HERC2	DRIVER	False	protein_coding	-	2135
chr15	28297516	28300516	HERC2	HERC2	DRIVER	False	protein_coding	-	3000
chr15	28319121	28323179	HERC2	HERC2	DRIVER	False	protein_coding	-	4058
chr15	31000064	31004070	TRPM1	TRPM1	PASSENGER	True	protein_coding	-	4006
chr15	31025138	31034015	TRPM1	TRPM1	PASSENGER	True	protein_coding	-	8877
chr15	31034545	31036674	TRPM1	TRPM1	PASSENGER	True	protein_coding	-	2129
chr15	31036710	31043243	TRPM1	TRPM1	PASSENGER	True	protein_coding	-	6533
chr15	31045203	31051582	TRPM1	TRPM1	PASSENGER	True	protein_coding	-	6379
chr15	31059234	31064292	TRPM1	TRPM1	PASSENGER	True	protein_coding	-	5058
chr15	31065075	31071226	TRPM1	TRPM1	PASSENGER	True	protein_coding	-	6151
chr15	31075904	31077984	TRPM1	TRPM1	PASSENGER	True	protein_coding	-	2080
chr15	31080352	31082438	TRPM1	TRPM1	PASSENGER	True	protein_coding	-	2086
chr15	31100656	31102725	TRPM1	TRPM1	PASSENGER	True	protein_coding	-	2069
chr15	31159905	31162160	TRPM1	TRPM1	PASSENGER	True	protein_coding	-	2255
chr15	41620133	41622589	MGA	MGA	DRIVER	False	protein_coding	+	2456
chr15	41659044	41661525	MGA	MGA	DRIVER	False	protein_coding	+	2481
chr15	41667827	41670958	MGA	MGA	DRIVER	False	protein_coding	+	3131
chr15	41673540	41676067	MGA	MGA	DRIVER	False	protein_coding	+	2527
chr15	41683393	41685690	MGA	MGA	DRIVER	False	protein_coding	+	2297
chr15	41695074	41700526	MGA	MGA	DRIVER	False	protein_coding	+	5452
chr15	41706727	41709208	MGA	MGA	DRIVER	False	protein_coding	+	2481
chr15	41709690	41714496	MGA	MGA	DRIVER	False	protein_coding	+	4806
chr15	41726179	41730349	MGA	MGA	DRIVER	False	protein_coding	+	4170
chr15	41733521	41738434	MGA	MGA	DRIVER	False	protein_coding	+	4913
chr15	41738905	41741203	MGA	MGA	DRIVER	False	protein_coding	+	2298
chr15	41741545	41744172	MGA	MGA	DRIVER	False	protein_coding	+	2627
chr15	41747636	41753318	MGA	MGA	DRIVER	False	protein_coding	+	5682
chr15	41753436	41755567	MGA	MGA	DRIVER	False	protein_coding	+	2131
chr15	41756787	41774081	MGA	MGA	DRIVER	False	protein_coding	+	17294
chr15	43509957	43513291	MAP1A	MAP1A	DRIVER	False	protein_coding	+	3334
chr15	43516607	43518700	MAP1A	MAP1A	DRIVER	False	protein_coding	+	2093
chr15	43519640	43532620	MAP1A	MAP1A	DRIVER	False	protein_coding	+	12980
chr15	43745393	43747706	PDIA3	PDIA3	MACHINERY	False	protein_coding	+	2313
chr15	43749200	43754902	PDIA3	PDIA3	MACHINERY	False	protein_coding	+	5702
chr15	43755627	43764206	PDIA3	PDIA3	MACHINERY	False	protein_coding	+	8579
chr15	43764434	43774279	PDIA3	PDIA3	MACHINERY	False	protein_coding	+	9845
chr15	44710357	44713020	B2M	B2M	MACHINERY	False	protein_coding	+	2663
chr15	44714422	44719851	B2M	B2M	MACHINERY	False	protein_coding	+	5429
chr15	51446710	51460782	DMXL2	DMXL2	DRIVER	False	protein_coding	-	14072
chr15	51462075	51467311	DMXL2	DMXL2	DRIVER	False	protein_coding	-	5236
chr15	51470222	51472401	DMXL2	DMXL2	DRIVER	False	protein_coding	-	2179
chr15	51473343	51482623	DMXL2	DMXL2	DRIVER	False	protein_coding	-	9280
chr15	51485072	51489645	DMXL2	DMXL2	DRIVER	False	protein_coding	-	4573
chr15	51490577	51492747	DMXL2	DMXL2	DRIVER	False	protein_coding	-	2170
chr15	51494023	51496134	DMXL2	DMXL2	DRIVER	False	protein_coding	-	2111
chr15	51497551	51501231	DMXL2	DMXL2	DRIVER	False	protein_coding	-	3680
chr15	51501805	51504033	DMXL2	DMXL2	DRIVER	False	protein_coding	-	2228
chr15	51506133	51508253	DMXL2	DMXL2	DRIVER	False	protein_coding	-	2120
chr15	51513441	51515559	DMXL2	DMXL2	DRIVER	False	protein_coding	-	2118
chr15	51516077	51518167	DMXL2	DMXL2	DRIVER	False	protein_coding	-	2090
chr15	51534662	51539452	DMXL2	DMXL2	DRIVER	False	protein_coding	-	4790
chr15	51541332	51543507	DMXL2	DMXL2	DRIVER	False	protein_coding	-	2175
chr15	51544582	51548408	DMXL2	DMXL2	DRIVER	False	protein_coding	-	3826
chr15	51562380	51569558	DMXL2	DMXL2	DRIVER	False	protein_coding	-	7178
chr15	51575055	51577181	DMXL2	DMXL2	DRIVER	False	protein_coding	-	2126
chr15	51602606	51604701	DMXL2	DMXL2	DRIVER	False	protein_coding	-	2095
chr15	51621458	51623833	DMXL2	DMXL2	DRIVER	False	protein_coding	-	2375
chr15	53977200	53979927	UNC13C	UNC13C	PASSENGER	False	protein_coding	+	2727
chr15	54011647	54016886	UNC13C	UNC13C	PASSENGER	False	protein_coding	+	5239
chr15	54142017	54144684	UNC13C	UNC13C	PASSENGER	False	protein_coding	+	2667
chr15	54234029	54238690	UNC13C	UNC13C	PASSENGER	False	protein_coding	+	4661
chr15	54249224	54251444	UNC13C	UNC13C	PASSENGER	False	protein_coding	+	2220
chr15	54263144	54266496	UNC13C	UNC13C	PASSENGER	False	protein_coding	+	3352
chr15	54292894	54295064	UNC13C	UNC13C	PASSENGER	False	protein_coding	+	2170
chr15	54296810	54298926	UNC13C	UNC13C	PASSENGER	False	protein_coding	+	2116
chr15	54299209	54301373	UNC13C	UNC13C	PASSENGER	False	protein_coding	+	2164
chr15	54320938	54323095	UNC13C	UNC13C	PASSENGER	False	protein_coding	+	2157
chr15	54331042	54334856	UNC13C	UNC13C	PASSENGER	False	protein_coding	+	3814
chr15	54337360	54339489	UNC13C	UNC13C	PASSENGER	False	protein_coding	+	2129
chr15	54392047	54394181	UNC13C	UNC13C	PASSENGER	False	protein_coding	+	2134
chr15	54413981	54418070	UNC13C	UNC13C	PASSENGER	False	protein_coding	+	4089
chr15	54493607	54495734	UNC13C	UNC13C	PASSENGER	False	protein_coding	+	2127
chr15	54499078	54501978	UNC13C	UNC13C	PASSENGER	False	protein_coding	+	2900
chr15	54506116	54508194	UNC13C	UNC13C	PASSENGER	False	protein_coding	+	2078
chr15	54510752	54513377	UNC13C	UNC13C	PASSENGER	False	protein_coding	+	2625
chr15	54524548	54526637	UNC13C	UNC13C	PASSENGER	False	protein_coding	+	2089
chr15	54531916	54534066	UNC13C	UNC13C	PASSENGER	False	protein_coding	+	2150
chr15	54545721	54547845	UNC13C	UNC13C	PASSENGER	False	protein_coding	+	2124
chr15	54548634	54550691	UNC13C	UNC13C	PASSENGER	False	protein_coding	+	2057
chr15	54554431	54556512	UNC13C	UNC13C	PASSENGER	False	protein_coding	+	2081
chr15	54566799	54568947	UNC13C	UNC13C	PASSENGER	False	protein_coding	+	2148
chr15	54608341	54610444	UNC13C	UNC13C	PASSENGER	False	protein_coding	+	2103
chr15	54610474	54612644	UNC13C	UNC13C	PASSENGER	False	protein_coding	+	2170
chr15	54621326	54624954	UNC13C	UNC13C	PASSENGER	False	protein_coding	+	3628
chr15	54625827	54629707	UNC13C	UNC13C	PASSENGER	False	protein_coding	+	3880
chr15	61851388	61857793	VPS13C	VPS13C	DRIVER	True	protein_coding	-	6405
chr15	61862439	61870623	VPS13C	VPS13C	DRIVER	True	protein_coding	-	8184
chr15	61870988	61885269	VPS13C	VPS13C	DRIVER	True	protein_coding	-	14281
chr15	61889164	61891400	VPS13C	VPS13C	DRIVER	True	protein_coding	-	2236
chr15	61905642	61914415	VPS13C	VPS13C	DRIVER	True	protein_coding	-	8773
chr15	61914632	61923762	VPS13C	VPS13C	DRIVER	True	protein_coding	-	9130
chr15	61924455	61928320	VPS13C	VPS13C	DRIVER	True	protein_coding	-	3865
chr15	61928500	61932259	VPS13C	VPS13C	DRIVER	True	protein_coding	-	3759
chr15	61933218	61935331	VPS13C	VPS13C	DRIVER	True	protein_coding	-	2113
chr15	61935596	61937750	VPS13C	VPS13C	DRIVER	True	protein_coding	-	2154
chr15	61939646	61943067	VPS13C	VPS13C	DRIVER	True	protein_coding	-	3421
chr15	61944714	61948309	VPS13C	VPS13C	DRIVER	True	protein_coding	-	3595
chr15	61948442	61952980	VPS13C	VPS13C	DRIVER	True	protein_coding	-	4538
chr15	61953420	61955554	VPS13C	VPS13C	DRIVER	True	protein_coding	-	2134
chr15	61957607	61970452	VPS13C	VPS13C	DRIVER	True	protein_coding	-	12845
chr15	61971624	61975417	VPS13C	VPS13C	DRIVER	True	protein_coding	-	3793
chr15	61976081	61979749	VPS13C	VPS13C	DRIVER	True	protein_coding	-	3668
chr15	61980341	61985999	VPS13C	VPS13C	DRIVER	True	protein_coding	-	5658
chr15	61989999	61992802	VPS13C	VPS13C	DRIVER	True	protein_coding	-	2803
chr15	61999563	62001626	VPS13C	VPS13C	DRIVER	True	protein_coding	-	2063
chr15	62006307	62014992	VPS13C	VPS13C	DRIVER	True	protein_coding	-	8685
chr15	62019478	62021538	VPS13C	VPS13C	DRIVER	True	protein_coding	-	2060
chr15	62022410	62024845	VPS13C	VPS13C	DRIVER	True	protein_coding	-	2435
chr15	62027357	62029420	VPS13C	VPS13C	DRIVER	True	protein_coding	-	2063
chr15	62032440	62036052	VPS13C	VPS13C	DRIVER	True	protein_coding	-	3612
chr15	62040323	62042366	VPS13C	VPS13C	DRIVER	True	protein_coding	-	2043
chr15	62043211	62045255	VPS13C	VPS13C	DRIVER	True	protein_coding	-	2044
chr15	62059274	62061473	VPS13C	VPS13C	DRIVER	True	protein_coding	-	2199
chr15	63607617	63610266	HERC1	HERC1	DRIVER	False	protein_coding	-	2649
chr15	63611250	63613556	HERC1	HERC1	DRIVER	False	protein_coding	-	2306
chr15	63614767	63617732	HERC1	HERC1	DRIVER	False	protein_coding	-	2965
chr15	63621814	63627154	HERC1	HERC1	DRIVER	False	protein_coding	-	5340
chr15	63627676	63646682	HERC1	HERC1	DRIVER	False	protein_coding	-	19006
chr15	63647068	63657358	HERC1	HERC1	DRIVER	False	protein_coding	-	10290
chr15	63657543	63667472	HERC1	HERC1	DRIVER	False	protein_coding	-	9929
chr15	63668537	63670698	HERC1	HERC1	DRIVER	False	protein_coding	-	2161
chr15	63671495	63676117	HERC1	HERC1	DRIVER	False	protein_coding	-	4622
chr15	63676844	63681776	HERC1	HERC1	DRIVER	False	protein_coding	-	4932
chr15	63685358	63687535	HERC1	HERC1	DRIVER	False	protein_coding	-	2177
chr15	63688588	63697339	HERC1	HERC1	DRIVER	False	protein_coding	-	8751
chr15	63697727	63699996	HERC1	HERC1	DRIVER	False	protein_coding	-	2269
chr15	63705779	63707831	HERC1	HERC1	DRIVER	False	protein_coding	-	2052
chr15	63711774	63714665	HERC1	HERC1	DRIVER	False	protein_coding	-	2891
chr15	63715301	63719897	HERC1	HERC1	DRIVER	False	protein_coding	-	4596
chr15	63722181	63726513	HERC1	HERC1	DRIVER	False	protein_coding	-	4332
chr15	63726646	63730649	HERC1	HERC1	DRIVER	False	protein_coding	-	4003
chr15	63731923	63735849	HERC1	HERC1	DRIVER	False	protein_coding	-	3926
chr15	63745917	63750791	HERC1	HERC1	DRIVER	False	protein_coding	-	4874
chr15	63751514	63759369	HERC1	HERC1	DRIVER	False	protein_coding	-	7855
chr15	63763095	63765191	HERC1	HERC1	DRIVER	False	protein_coding	-	2096
chr15	63773693	63776649	HERC1	HERC1	DRIVER	False	protein_coding	-	2956
chr15	63778582	63781552	HERC1	HERC1	DRIVER	False	protein_coding	-	2970
chr15	63832821	63834948	HERC1	HERC1	DRIVER	False	protein_coding	-	2127
chr15	81330087	81347443	TMC3	TMC3	PASSENGER	False	protein_coding	-	17356
chr15	81348457	81350570	TMC3	TMC3	PASSENGER	False	protein_coding	-	2113
chr15	81350693	81352841	TMC3	TMC3	PASSENGER	False	protein_coding	-	2148
chr15	81354724	81360471	TMC3	TMC3	PASSENGER	False	protein_coding	-	5747
chr15	81361219	81363301	TMC3	TMC3	PASSENGER	False	protein_coding	-	2082
chr15	81367252	81369328	TMC3	TMC3	PASSENGER	False	protein_coding	-	2076
chr15	81371590	81375213	TMC3	TMC3	PASSENGER	False	protein_coding	-	3623
chr15	83653087	83656830	ADAMTSL3	ADAMTSL3	DRIVER	False	protein_coding	+	3743
chr15	83693293	83695373	ADAMTSL3	ADAMTSL3	DRIVER	False	protein_coding	+	2080
chr15	83703388	83705508	ADAMTSL3	ADAMTSL3	DRIVER	False	protein_coding	+	2120
chr15	83772522	83774650	ADAMTSL3	ADAMTSL3	DRIVER	False	protein_coding	+	2128
chr15	83803649	83805695	ADAMTSL3	ADAMTSL3	DRIVER	False	protein_coding	+	2046
chr15	83818810	83821047	ADAMTSL3	ADAMTSL3	DRIVER	False	protein_coding	+	2237
chr15	83837088	83839215	ADAMTSL3	ADAMTSL3	DRIVER	False	protein_coding	+	2127
chr15	83857765	83859840	ADAMTSL3	ADAMTSL3	DRIVER	False	protein_coding	+	2075
chr15	83860484	83863935	ADAMTSL3	ADAMTSL3	DRIVER	False	protein_coding	+	3451
chr15	83869801	83871959	ADAMTSL3	ADAMTSL3	DRIVER	False	protein_coding	+	2158
chr15	83884100	83886212	ADAMTSL3	ADAMTSL3	DRIVER	False	protein_coding	+	2112
chr15	83889108	83893888	ADAMTSL3	ADAMTSL3	DRIVER	False	protein_coding	+	4780
chr15	83896857	83900731	ADAMTSL3	ADAMTSL3	DRIVER	False	protein_coding	+	3874
chr15	83912091	83914378	ADAMTSL3	ADAMTSL3	DRIVER	False	protein_coding	+	2287
chr15	83922903	83925033	ADAMTSL3	ADAMTSL3	DRIVER	False	protein_coding	+	2130
chr15	83941595	83944082	ADAMTSL3	ADAMTSL3	DRIVER	False	protein_coding	+	2487
chr15	83944734	83946914	ADAMTSL3	ADAMTSL3	DRIVER	False	protein_coding	+	2180
chr15	83960572	83962801	ADAMTSL3	ADAMTSL3	DRIVER	False	protein_coding	+	2229
chr15	83969483	83971637	ADAMTSL3	ADAMTSL3	DRIVER	False	protein_coding	+	2154
chr15	83981272	83984344	ADAMTSL3	ADAMTSL3	DRIVER	False	protein_coding	+	3072
chr15	83987690	83989818	ADAMTSL3	ADAMTSL3	DRIVER	False	protein_coding	+	2128
chr15	83990085	83992214	ADAMTSL3	ADAMTSL3	DRIVER	False	protein_coding	+	2129
chr15	84013541	84017499	ADAMTSL3	ADAMTSL3	DRIVER	False	protein_coding	+	3958
chr15	84020409	84022593	ADAMTSL3	ADAMTSL3	DRIVER	False	protein_coding	+	2184
chr15	84024237	84026551	ADAMTSL3	ADAMTSL3	DRIVER	False	protein_coding	+	2314
chr15	84030334	84032432	ADAMTSL3	ADAMTSL3	DRIVER	False	protein_coding	+	2098
chr15	84035772	84040842	ADAMTSL3	ADAMTSL3	DRIVER	False	protein_coding	+	5070
chr15	86078870	86081023	AGBL1	AGBL1	PASSENGER	False	protein_coding	+	2153
chr15	86141003	86144845	AGBL1	AGBL1	PASSENGER	False	protein_coding	+	3842
chr15	86153429	86155561	AGBL1	AGBL1	PASSENGER	False	protein_coding	+	2132
chr15	86157932	86160026	AGBL1	AGBL1	PASSENGER	False	protein_coding	+	2094
chr15	86223913	86225951	AGBL1	AGBL1	PASSENGER	False	protein_coding	+	2038
chr15	86246670	86248879	AGBL1	AGBL1	PASSENGER	False	protein_coding	+	2209
chr15	86255852	86259031	AGBL1	AGBL1	PASSENGER	False	protein_coding	+	3179
chr15	86261624	86268076	AGBL1	AGBL1	PASSENGER	False	protein_coding	+	6452
chr15	86268918	86272706	AGBL1	AGBL1	PASSENGER	False	protein_coding	+	3788
chr15	86278638	86280783	AGBL1	AGBL1	PASSENGER	False	protein_coding	+	2145
chr15	86294254	86297215	AGBL1	AGBL1	PASSENGER	False	protein_coding	+	2961
chr15	86396365	86398546	AGBL1	AGBL1	PASSENGER	False	protein_coding	+	2181
chr15	86521809	86523939	AGBL1	AGBL1	PASSENGER	False	protein_coding	+	2130
chr15	86545001	86547133	AGBL1	AGBL1	PASSENGER	False	protein_coding	+	2132
chr15	86553360	86557285	AGBL1	AGBL1	PASSENGER	False	protein_coding	+	3925
chr15	86577683	86579836	AGBL1	AGBL1	PASSENGER	False	protein_coding	+	2153
chr15	86673272	86675436	AGBL1	AGBL1	PASSENGER	False	protein_coding	+	2164
chr15	86906086	86917156	AGBL1	AGBL1	PASSENGER	False	protein_coding	+	11070
chr15	86986986	86989088	AGBL1	AGBL1	PASSENGER	False	protein_coding	+	2102
chr15	87027824	87030052	AGBL1	AGBL1	PASSENGER	False	protein_coding	+	2228
chr15	87037716	87039817	AGBL1	AGBL1	PASSENGER	False	protein_coding	+	2101
chr15	87041004	87043197	AGBL1	AGBL1	PASSENGER	False	protein_coding	+	2193
chr15	87045796	87050169	AGBL1	AGBL1	PASSENGER	False	protein_coding	+	4373
chr16	3724053	3732937	CREBBP	CREBBP	DRIVER	True	protein_coding	-	8884
chr16	3735035	3746654	CREBBP	CREBBP	DRIVER	True	protein_coding	-	11619
chr16	3748626	3750683	CREBBP	CREBBP	DRIVER	True	protein_coding	-	2057
chr16	3750725	3752836	CREBBP	CREBBP	DRIVER	True	protein_coding	-	2111
chr16	3756287	3759972	CREBBP	CREBBP	DRIVER	True	protein_coding	-	3685
chr16	3766301	3771986	CREBBP	CREBBP	DRIVER	True	protein_coding	-	5685
chr16	3772635	3775746	CREBBP	CREBBP	DRIVER	True	protein_coding	-	3111
chr16	3776612	3785515	CREBBP	CREBBP	DRIVER	True	protein_coding	-	8903
chr16	3790192	3794626	CREBBP	CREBBP	DRIVER	True	protein_coding	-	4434
chr16	3809602	3811779	CREBBP	CREBBP	DRIVER	True	protein_coding	-	2177
chr16	3811937	3814072	CREBBP	CREBBP	DRIVER	True	protein_coding	-	2135
chr16	3849296	3852009	CREBBP	CREBBP	DRIVER	True	protein_coding	-	2713
chr16	3878831	3881713	CREBBP	CREBBP	DRIVER	True	protein_coding	-	2882
chr16	15702134	15705123	MYH11	MYH11	DRIVER	False	protein_coding	-	2989
chr16	15707802	15709841	MYH11	MYH11	DRIVER	False	protein_coding	-	2039
chr16	15710112	15722634	MYH11	MYH11	DRIVER	False	protein_coding	-	12522
chr16	15723160	15728054	MYH11	MYH11	DRIVER	False	protein_coding	-	4894
chr16	15731563	15733708	MYH11	MYH11	DRIVER	False	protein_coding	-	2145
chr16	15734365	15743191	MYH11	MYH11	DRIVER	False	protein_coding	-	8826
chr16	15744128	15751509	MYH11	MYH11	DRIVER	False	protein_coding	-	7381
chr16	15752393	15754508	MYH11	MYH11	DRIVER	False	protein_coding	-	2115
chr16	15755340	15761658	MYH11	MYH11	DRIVER	False	protein_coding	-	6318
chr16	15762795	15764891	MYH11	MYH11	DRIVER	False	protein_coding	-	2096
chr16	15770568	15772712	MYH11	MYH11	DRIVER	False	protein_coding	-	2144
chr16	15774841	15777176	MYH11	MYH11	DRIVER	False	protein_coding	-	2335
chr16	15777779	15779953	MYH11	MYH11	DRIVER	False	protein_coding	-	2174
chr16	15781384	15787732	MYH11	MYH11	DRIVER	False	protein_coding	-	6348
chr16	15797659	15799687	MYH11	MYH11	DRIVER	False	protein_coding	-	2028
chr16	15822254	15824411	MYH11	MYH11	DRIVER	False	protein_coding	-	2157
chr16	15836907	15839269	MYH11	MYH11	DRIVER	False	protein_coding	-	2362
chr16	15855940	15859438	MYH11	MYH11	DRIVER	False	protein_coding	-	3498
chr16	18803859	18810646	SMG1	SMG1	DRIVER	False	protein_coding	-	6787
chr16	18810760	18813127	SMG1	SMG1	DRIVER	False	protein_coding	-	2367
chr16	18814174	18818470	SMG1	SMG1	DRIVER	False	protein_coding	-	4296
chr16	18818501	18820654	SMG1	SMG1	DRIVER	False	protein_coding	-	2153
chr16	18827030	18831369	SMG1	SMG1	DRIVER	False	protein_coding	-	4339
chr16	18831939	18843454	SMG1	SMG1	DRIVER	False	protein_coding	-	11515
chr16	18844428	18862487	SMG1	SMG1	DRIVER	False	protein_coding	-	18059
chr16	18862649	18865144	SMG1	SMG1	DRIVER	False	protein_coding	-	2495
chr16	18865146	18873624	SMG1	SMG1	DRIVER	False	protein_coding	-	8478
chr16	18874101	18880719	SMG1	SMG1	DRIVER	False	protein_coding	-	6618
chr16	18881164	18886666	SMG1	SMG1	DRIVER	False	protein_coding	-	5502
chr16	18888371	18893354	SMG1	SMG1	DRIVER	False	protein_coding	-	4983
chr16	18895051	18897956	SMG1	SMG1	DRIVER	False	protein_coding	-	2905
chr16	18898986	18901044	SMG1	SMG1	DRIVER	False	protein_coding	-	2058
chr16	18910362	18912713	SMG1	SMG1	DRIVER	False	protein_coding	-	2351
chr16	18923915	18927408	SMG1	SMG1	DRIVER	False	protein_coding	-	3493
chr16	20932110	20937853	DNAH3	DNAH3	DRIVER	False	protein_coding	-	5743
chr16	20940400	20942543	DNAH3	DNAH3	DRIVER	False	protein_coding	-	2143
chr16	20943495	20945663	DNAH3	DNAH3	DRIVER	False	protein_coding	-	2168
chr16	20947482	20949637	DNAH3	DNAH3	DRIVER	False	protein_coding	-	2155
chr16	20951432	20953549	DNAH3	DNAH3	DRIVER	False	protein_coding	-	2117
chr16	20953812	20956057	DNAH3	DNAH3	DRIVER	False	protein_coding	-	2245
chr16	20958178	20960404	DNAH3	DNAH3	DRIVER	False	protein_coding	-	2226
chr16	20962283	20966425	DNAH3	DNAH3	DRIVER	False	protein_coding	-	4142
chr16	20968791	20970990	DNAH3	DNAH3	DRIVER	False	protein_coding	-	2199
chr16	20974232	20976415	DNAH3	DNAH3	DRIVER	False	protein_coding	-	2183
chr16	20978329	20980546	DNAH3	DNAH3	DRIVER	False	protein_coding	-	2217
chr16	20981720	20983914	DNAH3	DNAH3	DRIVER	False	protein_coding	-	2194
chr16	20984048	20989065	DNAH3	DNAH3	DRIVER	False	protein_coding	-	5017
chr16	20995858	20998462	DNAH3	DNAH3	DRIVER	False	protein_coding	-	2604
chr16	20999223	21001518	DNAH3	DNAH3	DRIVER	False	protein_coding	-	2295
chr16	21002103	21004207	DNAH3	DNAH3	DRIVER	False	protein_coding	-	2104
chr16	21018146	21020869	DNAH3	DNAH3	DRIVER	False	protein_coding	-	2723
chr16	21020970	21023100	DNAH3	DNAH3	DRIVER	False	protein_coding	-	2130
chr16	21023595	21025701	DNAH3	DNAH3	DRIVER	False	protein_coding	-	2106
chr16	21026026	21028127	DNAH3	DNAH3	DRIVER	False	protein_coding	-	2101
chr16	21030044	21032286	DNAH3	DNAH3	DRIVER	False	protein_coding	-	2242
chr16	21032973	21035085	DNAH3	DNAH3	DRIVER	False	protein_coding	-	2112
chr16	21035713	21040943	DNAH3	DNAH3	DRIVER	False	protein_coding	-	5230
chr16	21041026	21043203	DNAH3	DNAH3	DRIVER	False	protein_coding	-	2177
chr16	21048568	21052868	DNAH3	DNAH3	DRIVER	False	protein_coding	-	4300
chr16	21053419	21055534	DNAH3	DNAH3	DRIVER	False	protein_coding	-	2115
chr16	21057085	21059196	DNAH3	DNAH3	DRIVER	False	protein_coding	-	2111
chr16	21059263	21061356	DNAH3	DNAH3	DRIVER	False	protein_coding	-	2093
chr16	21061481	21064000	DNAH3	DNAH3	DRIVER	False	protein_coding	-	2519
chr16	21066282	21071826	DNAH3	DNAH3	DRIVER	False	protein_coding	-	5544
chr16	21074446	21076561	DNAH3	DNAH3	DRIVER	False	protein_coding	-	2115
chr16	21080635	21082727	DNAH3	DNAH3	DRIVER	False	protein_coding	-	2092
chr16	21085848	21088060	DNAH3	DNAH3	DRIVER	False	protein_coding	-	2212
chr16	21096354	21099769	DNAH3	DNAH3	DRIVER	False	protein_coding	-	3415
chr16	21102901	21107674	DNAH3	DNAH3	DRIVER	False	protein_coding	-	4773
chr16	21110625	21113098	DNAH3	DNAH3	DRIVER	False	protein_coding	-	2473
chr16	21116202	21118339	DNAH3	DNAH3	DRIVER	False	protein_coding	-	2137
chr16	21119739	21123124	DNAH3	DNAH3	DRIVER	False	protein_coding	-	3385
chr16	21124174	21126370	DNAH3	DNAH3	DRIVER	False	protein_coding	-	2196
chr16	21126686	21128812	DNAH3	DNAH3	DRIVER	False	protein_coding	-	2126
chr16	21133148	21137572	DNAH3	DNAH3	DRIVER	False	protein_coding	-	4424
chr16	21139207	21142372	DNAH3	DNAH3	DRIVER	False	protein_coding	-	3165
chr16	21144180	21147088	DNAH3	DNAH3	DRIVER	False	protein_coding	-	2908
chr16	21149289	21151846	DNAH3	DNAH3	DRIVER	False	protein_coding	-	2557
chr16	21158324	21160441	DNAH3	DNAH3	DRIVER	False	protein_coding	-	2117
chr16	30697208	30701878	SRCAP	SRCAP	DRIVER	False	protein_coding	+	4670
chr16	30703063	30705315	SRCAP	SRCAP	DRIVER	False	protein_coding	+	2252
chr16	30706182	30714711	SRCAP	SRCAP	DRIVER	False	protein_coding	+	8529
chr16	30715065	30717479	SRCAP	SRCAP	DRIVER	False	protein_coding	+	2414
chr16	30719161	30727262	SRCAP	SRCAP	DRIVER	False	protein_coding	+	8101
chr16	30727965	30730572	SRCAP	SRCAP	DRIVER	False	protein_coding	+	2607
chr16	30732279	30742409	SRCAP	SRCAP	DRIVER	False	protein_coding	+	10130
chr16	56988484	56993444	NLRC5	NLRC5	MACHINERY	False	protein_coding	+	4960
chr16	57002852	57005583	NLRC5	NLRC5	MACHINERY	False	protein_coding	+	2731
chr16	57016073	57018188	NLRC5	NLRC5	MACHINERY	False	protein_coding	+	2115
chr16	57019700	57032463	NLRC5	NLRC5	MACHINERY	False	protein_coding	+	12763
chr16	57032603	57038284	NLRC5	NLRC5	MACHINERY	False	protein_coding	+	5681
chr16	57038780	57049354	NLRC5	NLRC5	MACHINERY	False	protein_coding	+	10574
chr16	57050537	57052621	NLRC5	NLRC5	MACHINERY	False	protein_coding	+	2084
chr16	57053750	57056519	NLRC5	NLRC5	MACHINERY	False	protein_coding	+	2769
chr16	57057064	57063744	NLRC5	NLRC5	MACHINERY	False	protein_coding	+	6680
chr16	57064211	57071618	NLRC5	NLRC5	MACHINERY	False	protein_coding	+	7407
chr16	57073170	57084531	NLRC5	NLRC5	MACHINERY	False	protein_coding	+	11361
chr16	68736291	68739411	CDH1	CDH1	DRIVER	False	protein_coding	+	3120
chr16	68762293	68766564	CDH1	CDH1	DRIVER	False	protein_coding	+	4271
chr16	68769947	68772105	CDH1	CDH1	DRIVER	False	protein_coding	+	2158
chr16	68800669	68802893	CDH1	CDH1	DRIVER	False	protein_coding	+	2224
chr16	68807423	68816759	CDH1	CDH1	DRIVER	False	protein_coding	+	9336
chr16	68818279	68820425	CDH1	CDH1	DRIVER	False	protein_coding	+	2146
chr16	68821000	68824626	CDH1	CDH1	DRIVER	False	protein_coding	+	3626
chr16	68827173	68830797	CDH1	CDH1	DRIVER	False	protein_coding	+	3624
chr16	68832289	68836537	CDH1	CDH1	DRIVER	False	protein_coding	+	4248
chr16	70801083	70812435	HYDIN	HYDIN	DRIVER	False	protein_coding	-	11352
chr16	70816110	70819572	HYDIN	HYDIN	DRIVER	False	protein_coding	-	3462
chr16	70826260	70830830	HYDIN	HYDIN	DRIVER	False	protein_coding	-	4570
chr16	70831847	70838888	HYDIN	HYDIN	DRIVER	False	protein_coding	-	7041
chr16	70839063	70841233	HYDIN	HYDIN	DRIVER	False	protein_coding	-	2170
chr16	70848725	70851655	HYDIN	HYDIN	DRIVER	False	protein_coding	-	2930
chr16	70854127	70856275	HYDIN	HYDIN	DRIVER	False	protein_coding	-	2148
chr16	70856704	70858870	HYDIN	HYDIN	DRIVER	False	protein_coding	-	2166
chr16	70859067	70867329	HYDIN	HYDIN	DRIVER	False	protein_coding	-	8262
chr16	70867569	70869788	HYDIN	HYDIN	DRIVER	False	protein_coding	-	2219
chr16	70871036	70873179	HYDIN	HYDIN	DRIVER	False	protein_coding	-	2143
chr16	70873304	70875919	HYDIN	HYDIN	DRIVER	False	protein_coding	-	2615
chr16	70878296	70880756	HYDIN	HYDIN	DRIVER	False	protein_coding	-	2460
chr16	70881659	70885124	HYDIN	HYDIN	DRIVER	False	protein_coding	-	3465
chr16	70888586	70897080	HYDIN	HYDIN	DRIVER	False	protein_coding	-	8494
chr16	70900003	70902202	HYDIN	HYDIN	DRIVER	False	protein_coding	-	2199
chr16	70902624	70905064	HYDIN	HYDIN	DRIVER	False	protein_coding	-	2440
chr16	70906371	70909861	HYDIN	HYDIN	DRIVER	False	protein_coding	-	3490
chr16	70917210	70919429	HYDIN	HYDIN	DRIVER	False	protein_coding	-	2219
chr16	70919590	70922217	HYDIN	HYDIN	DRIVER	False	protein_coding	-	2627
chr16	70932574	70934726	HYDIN	HYDIN	DRIVER	False	protein_coding	-	2152
chr16	70934951	70937114	HYDIN	HYDIN	DRIVER	False	protein_coding	-	2163
chr16	70937613	70939755	HYDIN	HYDIN	DRIVER	False	protein_coding	-	2142
chr16	70940386	70944949	HYDIN	HYDIN	DRIVER	False	protein_coding	-	4563
chr16	70951420	70953635	HYDIN	HYDIN	DRIVER	False	protein_coding	-	2215
chr16	70954374	70956548	HYDIN	HYDIN	DRIVER	False	protein_coding	-	2174
chr16	70958323	70960820	HYDIN	HYDIN	DRIVER	False	protein_coding	-	2497
chr16	70960958	70963138	HYDIN	HYDIN	DRIVER	False	protein_coding	-	2180
chr16	70963727	70965896	HYDIN	HYDIN	DRIVER	False	protein_coding	-	2169
chr16	70969519	70971759	HYDIN	HYDIN	DRIVER	False	protein_coding	-	2240
chr16	70972342	70976269	HYDIN	HYDIN	DRIVER	False	protein_coding	-	3927
chr16	70977913	70980041	HYDIN	HYDIN	DRIVER	False	protein_coding	-	2128
chr16	70980390	70982568	HYDIN	HYDIN	DRIVER	False	protein_coding	-	2178
chr16	70984056	70986322	HYDIN	HYDIN	DRIVER	False	protein_coding	-	2266
chr16	70986923	70989512	HYDIN	HYDIN	DRIVER	False	protein_coding	-	2589
chr16	70990317	70993210	HYDIN	HYDIN	DRIVER	False	protein_coding	-	2893
chr16	71017128	71021317	HYDIN	HYDIN	DRIVER	False	protein_coding	-	4189
chr16	71024382	71028875	HYDIN	HYDIN	DRIVER	False	protein_coding	-	4493
chr16	71030410	71032917	HYDIN	HYDIN	DRIVER	False	protein_coding	-	2507
chr16	71059503	71070502	HYDIN	HYDIN	DRIVER	False	protein_coding	-	10999
chr16	71074943	71076988	HYDIN	HYDIN	DRIVER	False	protein_coding	-	2045
chr16	71078884	71081386	HYDIN	HYDIN	DRIVER	False	protein_coding	-	2502
chr16	71087300	71089524	HYDIN	HYDIN	DRIVER	False	protein_coding	-	2224
chr16	71092816	71094935	HYDIN	HYDIN	DRIVER	False	protein_coding	-	2119
chr16	71114695	71116795	HYDIN	HYDIN	DRIVER	False	protein_coding	-	2100
chr16	71128639	71134283	HYDIN	HYDIN	DRIVER	False	protein_coding	-	5644
chr16	71136150	71138352	HYDIN	HYDIN	DRIVER	False	protein_coding	-	2202
chr16	71151658	71153891	HYDIN	HYDIN	DRIVER	False	protein_coding	-	2233
chr16	71161530	71163730	HYDIN	HYDIN	DRIVER	False	protein_coding	-	2200
chr16	71174606	71176866	HYDIN	HYDIN	DRIVER	False	protein_coding	-	2260
chr16	71177927	71180047	HYDIN	HYDIN	DRIVER	False	protein_coding	-	2120
chr16	71183864	71187918	HYDIN	HYDIN	DRIVER	False	protein_coding	-	4054
chr16	71202724	71205057	HYDIN	HYDIN	DRIVER	False	protein_coding	-	2333
chr16	71229561	71231722	HYDIN	HYDIN	DRIVER	False	protein_coding	-	2161
chr17	7660778	7663014	TP53	TP53	DRIVER	True	protein_coding	-	2236
chr17	7664415	7671715	TP53	TP53	DRIVER	True	protein_coding	-	7300
chr17	7672206	7678578	TP53	TP53	DRIVER	True	protein_coding	-	6372
chr17	7684248	7688546	TP53	TP53	DRIVER	True	protein_coding	-	4298
chr17	10299864	10304498	MYH13	MYH13	PASSENGER	True	protein_coding	-	4634
chr17	10305458	10308064	MYH13	MYH13	PASSENGER	True	protein_coding	-	2606
chr17	10308233	10314354	MYH13	MYH13	PASSENGER	True	protein_coding	-	6121
chr17	10314692	10317025	MYH13	MYH13	PASSENGER	True	protein_coding	-	2333
chr17	10317789	10322708	MYH13	MYH13	PASSENGER	True	protein_coding	-	4919
chr17	10323021	10325264	MYH13	MYH13	PASSENGER	True	protein_coding	-	2243
chr17	10326865	10329121	MYH13	MYH13	PASSENGER	True	protein_coding	-	2256
chr17	10329386	10334191	MYH13	MYH13	PASSENGER	True	protein_coding	-	4805
chr17	10339149	10341401	MYH13	MYH13	PASSENGER	True	protein_coding	-	2252
chr17	10342799	10347798	MYH13	MYH13	PASSENGER	True	protein_coding	-	4999
chr17	10349555	10351694	MYH13	MYH13	PASSENGER	True	protein_coding	-	2139
chr17	10353679	10356147	MYH13	MYH13	PASSENGER	True	protein_coding	-	2468
chr17	10356734	10358827	MYH13	MYH13	PASSENGER	True	protein_coding	-	2093
chr17	10358959	10365544	MYH13	MYH13	PASSENGER	True	protein_coding	-	6585
chr17	10370208	10374130	MYH13	MYH13	PASSENGER	True	protein_coding	-	3922
chr17	10389321	10402785	MYH8	MYH8	PASSENGER	True	protein_coding	-	13464
chr17	10403329	10407979	MYH8	MYH8	PASSENGER	True	protein_coding	-	4650
chr17	10408096	10416708	MYH8	MYH8	PASSENGER	True	protein_coding	-	8612
chr17	10417644	10422950	MYH8	MYH8	PASSENGER	True	protein_coding	-	5306
chr17	10442289	10467784	MYH4	MYH4	PASSENGER	True	protein_coding	-	25495
chr17	10468287	10470559	MYH4	MYH4	PASSENGER	True	protein_coding	-	2272
chr17	10491306	10510655	MYH1	MYH1	PASSENGER	False	protein_coding	-	19349
chr17	10510838	10519542	MYH1	MYH1	PASSENGER	False	protein_coding	-	8704
chr17	10520147	10541697	MYH2	MYH2	PASSENGER	False	protein_coding	-	21550
chr17	10541874	10550700	MYH2	MYH2	PASSENGER	False	protein_coding	-	8826
chr17	11597469	11599915	DNAH9	DNAH9	PASSENGER	False	protein_coding	+	2446
chr17	11607128	11609325	DNAH9	DNAH9	PASSENGER	False	protein_coding	+	2197
chr17	11609395	11613836	DNAH9	DNAH9	PASSENGER	False	protein_coding	+	4441
chr17	11616399	11620934	DNAH9	DNAH9	PASSENGER	False	protein_coding	+	4535
chr17	11628416	11631514	DNAH9	DNAH9	PASSENGER	False	protein_coding	+	3098
chr17	11631586	11633703	DNAH9	DNAH9	PASSENGER	False	protein_coding	+	2117
chr17	11635633	11637784	DNAH9	DNAH9	PASSENGER	False	protein_coding	+	2151
chr17	11639269	11641384	DNAH9	DNAH9	PASSENGER	False	protein_coding	+	2115
chr17	11643630	11645699	DNAH9	DNAH9	PASSENGER	False	protein_coding	+	2069
chr17	11646071	11648198	DNAH9	DNAH9	PASSENGER	False	protein_coding	+	2127
chr17	11650068	11654002	DNAH9	DNAH9	PASSENGER	False	protein_coding	+	3934
chr17	11663832	11665968	DNAH9	DNAH9	PASSENGER	False	protein_coding	+	2136
chr17	11668063	11670794	DNAH9	DNAH9	PASSENGER	False	protein_coding	+	2731
chr17	11678756	11681889	DNAH9	DNAH9	PASSENGER	False	protein_coding	+	3133
chr17	11688565	11691436	DNAH9	DNAH9	PASSENGER	False	protein_coding	+	2871
chr17	11692867	11695447	DNAH9	DNAH9	PASSENGER	False	protein_coding	+	2580
chr17	11698730	11702247	DNAH9	DNAH9	PASSENGER	False	protein_coding	+	3517
chr17	11703199	11706493	DNAH9	DNAH9	PASSENGER	False	protein_coding	+	3294
chr17	11718333	11720490	DNAH9	DNAH9	PASSENGER	False	protein_coding	+	2157
chr17	11722108	11724473	DNAH9	DNAH9	PASSENGER	False	protein_coding	+	2365
chr17	11726817	11728993	DNAH9	DNAH9	PASSENGER	False	protein_coding	+	2176
chr17	11737879	11740037	DNAH9	DNAH9	PASSENGER	False	protein_coding	+	2158
chr17	11741174	11743313	DNAH9	DNAH9	PASSENGER	False	protein_coding	+	2139
chr17	11743796	11746084	DNAH9	DNAH9	PASSENGER	False	protein_coding	+	2288
chr17	11746555	11748766	DNAH9	DNAH9	PASSENGER	False	protein_coding	+	2211
chr17	11751832	11753960	DNAH9	DNAH9	PASSENGER	False	protein_coding	+	2128
chr17	11755567	11758692	DNAH9	DNAH9	PASSENGER	False	protein_coding	+	3125
chr17	11762439	11764614	DNAH9	DNAH9	PASSENGER	False	protein_coding	+	2175
chr17	11767452	11770329	DNAH9	DNAH9	PASSENGER	False	protein_coding	+	2877
chr17	11780008	11782174	DNAH9	DNAH9	PASSENGER	False	protein_coding	+	2166
chr17	11782645	11785539	DNAH9	DNAH9	PASSENGER	False	protein_coding	+	2894
chr17	11792502	11794664	DNAH9	DNAH9	PASSENGER	False	protein_coding	+	2162
chr17	11796596	11798793	DNAH9	DNAH9	PASSENGER	False	protein_coding	+	2197
chr17	11806731	11808894	DNAH9	DNAH9	PASSENGER	False	protein_coding	+	2163
chr17	11809245	11811369	DNAH9	DNAH9	PASSENGER	False	protein_coding	+	2124
chr17	11820919	11824034	DNAH9	DNAH9	PASSENGER	False	protein_coding	+	3115
chr17	11833637	11835898	DNAH9	DNAH9	PASSENGER	False	protein_coding	+	2261
chr17	11852191	11855428	DNAH9	DNAH9	PASSENGER	False	protein_coding	+	3237
chr17	11868133	11870253	DNAH9	DNAH9	PASSENGER	False	protein_coding	+	2120
chr17	11870597	11876184	DNAH9	DNAH9	PASSENGER	False	protein_coding	+	5587
chr17	11879077	11885585	DNAH9	DNAH9	PASSENGER	False	protein_coding	+	6508
chr17	11885824	11887965	DNAH9	DNAH9	PASSENGER	False	protein_coding	+	2141
chr17	11890776	11892947	DNAH9	DNAH9	PASSENGER	False	protein_coding	+	2171
chr17	11893373	11895496	DNAH9	DNAH9	PASSENGER	False	protein_coding	+	2123
chr17	11901718	11903912	DNAH9	DNAH9	PASSENGER	False	protein_coding	+	2194
chr17	11904660	11906809	DNAH9	DNAH9	PASSENGER	False	protein_coding	+	2149
chr17	11922813	11926461	DNAH9	DNAH9	PASSENGER	False	protein_coding	+	3648
chr17	11928865	11935071	DNAH9	DNAH9	PASSENGER	False	protein_coding	+	6206
chr17	11936351	11938522	DNAH9	DNAH9	PASSENGER	False	protein_coding	+	2171
chr17	11941302	11943485	DNAH9	DNAH9	PASSENGER	False	protein_coding	+	2183
chr17	11960866	11963256	DNAH9	DNAH9	PASSENGER	False	protein_coding	+	2390
chr17	11968299	11970748	DNAH9	DNAH9	PASSENGER	False	protein_coding	+	2449
chr17	12019828	12022001	MAP2K4	MAP2K4	DRIVER	False	protein_coding	+	2173
chr17	12025886	12027970	MAP2K4	MAP2K4	DRIVER	False	protein_coding	+	2084
chr17	12031265	12033298	MAP2K4	MAP2K4	DRIVER	False	protein_coding	+	2033
chr17	12053888	12055991	MAP2K4	MAP2K4	DRIVER	False	protein_coding	+	2103
chr17	12068656	12070849	MAP2K4	MAP2K4	DRIVER	False	protein_coding	+	2193
chr17	12080355	12082530	MAP2K4	MAP2K4	DRIVER	False	protein_coding	+	2175
chr17	12094574	12096694	MAP2K4	MAP2K4	DRIVER	False	protein_coding	+	2120
chr17	12106789	12108909	MAP2K4	MAP2K4	DRIVER	False	protein_coding	+	2120
chr17	12109374	12111809	MAP2K4	MAP2K4	DRIVER	False	protein_coding	+	2435
chr17	12112039	12114360	MAP2K4	MAP2K4	DRIVER	False	protein_coding	+	2321
chr17	12123298	12126371	MAP2K4	MAP2K4	DRIVER	False	protein_coding	+	3073
chr17	12128138	12130287	MAP2K4	MAP2K4	DRIVER	False	protein_coding	+	2149
chr17	12138838	12144830	MAP2K4	MAP2K4	DRIVER	False	protein_coding	+	5992
chr17	16028064	16033483	NCOR1	NCOR1	DRIVER	True	protein_coding	-	5419
chr17	16033764	16035944	NCOR1	NCOR1	DRIVER	True	protein_coding	-	2180
chr17	16038219	16041659	NCOR1	NCOR1	DRIVER	True	protein_coding	-	3440
chr17	16045891	16050397	NCOR1	NCOR1	DRIVER	True	protein_coding	-	4506
chr17	16055973	16059599	NCOR1	NCOR1	DRIVER	True	protein_coding	-	3626
chr17	16060400	16066885	NCOR1	NCOR1	DRIVER	True	protein_coding	-	6485
chr17	16066893	16076702	NCOR1	NCOR1	DRIVER	True	protein_coding	-	9809
chr17	16078963	16081727	NCOR1	NCOR1	DRIVER	True	protein_coding	-	2764
chr17	16085281	16088345	NCOR1	NCOR1	DRIVER	True	protein_coding	-	3064
chr17	16090563	16093058	NCOR1	NCOR1	DRIVER	True	protein_coding	-	2495
chr17	16097366	16099496	NCOR1	NCOR1	DRIVER	True	protein_coding	-	2130
chr17	16100249	16102805	NCOR1	NCOR1	DRIVER	True	protein_coding	-	2556
chr17	16107785	16109912	NCOR1	NCOR1	DRIVER	True	protein_coding	-	2127
chr17	16116887	16123635	NCOR1	NCOR1	DRIVER	True	protein_coding	-	6748
chr17	16125081	16127209	NCOR1	NCOR1	DRIVER	True	protein_coding	-	2128
chr17	16136310	16140186	NCOR1	NCOR1	DRIVER	True	protein_coding	-	3876
chr17	16142605	16144696	NCOR1	NCOR1	DRIVER	True	protein_coding	-	2091
chr17	16145375	16147548	NCOR1	NCOR1	DRIVER	True	protein_coding	-	2173
chr17	16148450	16150517	NCOR1	NCOR1	DRIVER	True	protein_coding	-	2067
chr17	16150589	16154395	NCOR1	NCOR1	DRIVER	True	protein_coding	-	3806
chr17	16157759	16159873	NCOR1	NCOR1	DRIVER	True	protein_coding	-	2114
chr17	16163870	16166161	NCOR1	NCOR1	DRIVER	True	protein_coding	-	2291
chr17	16170802	16173020	NCOR1	NCOR1	DRIVER	True	protein_coding	-	2218
chr17	16185553	16187687	NCOR1	NCOR1	DRIVER	True	protein_coding	-	2134
chr17	16193461	16195639	NCOR1	NCOR1	DRIVER	True	protein_coding	-	2178
chr17	16197170	16199719	NCOR1	NCOR1	DRIVER	True	protein_coding	-	2549
chr17	16214361	16219185	NCOR1	NCOR1	DRIVER	True	protein_coding	-	4824
chr17	31093926	31096369	NF1	NF1	DRIVER	True	protein_coding	+	2443
chr17	31127457	31129507	NF1	NF1	DRIVER	True	protein_coding	+	2050
chr17	31154982	31157126	NF1	NF1	DRIVER	True	protein_coding	+	2144
chr17	31158009	31160093	NF1	NF1	DRIVER	True	protein_coding	+	2084
chr17	31162185	31164376	NF1	NF1	DRIVER	True	protein_coding	+	2191
chr17	31168890	31170997	NF1	NF1	DRIVER	True	protein_coding	+	2107
chr17	31180420	31184472	NF1	NF1	DRIVER	True	protein_coding	+	4052
chr17	31198691	31208195	NF1	NF1	DRIVER	True	protein_coding	+	9504
chr17	31213450	31215585	NF1	NF1	DRIVER	True	protein_coding	+	2135
chr17	31218004	31220359	NF1	NF1	DRIVER	True	protein_coding	+	2355
chr17	31220849	31237602	NF1	NF1	DRIVER	True	protein_coding	+	16753
chr17	31245343	31247423	NF1	NF1	DRIVER	True	protein_coding	+	2080
chr17	31247983	31255292	NF1	NF1	DRIVER	True	protein_coding	+	7309
chr17	31256686	31262857	NF1	NF1	DRIVER	True	protein_coding	+	6171
chr17	31264228	31266339	NF1	NF1	DRIVER	True	protein_coding	+	2111
chr17	31289522	31292043	NF1	NF1	DRIVER	True	protein_coding	+	2521
chr17	31298509	31300606	NF1	NF1	DRIVER	True	protein_coding	+	2097
chr17	31313304	31315393	NF1	NF1	DRIVER	True	protein_coding	+	2089
chr17	31317364	31319724	NF1	NF1	DRIVER	True	protein_coding	+	2360
chr17	31323112	31328839	NF1	NF1	DRIVER	True	protein_coding	+	5727
chr17	31329295	31332904	NF1	NF1	DRIVER	True	protein_coding	+	3609
chr17	31333663	31341696	NF1	NF1	DRIVER	True	protein_coding	+	8033
chr17	31342007	31344135	NF1	NF1	DRIVER	True	protein_coding	+	2128
chr17	31346519	31353414	NF1	NF1	DRIVER	True	protein_coding	+	6895
chr17	31354803	31363364	NF1	NF1	DRIVER	True	protein_coding	+	8561
chr17	31366224	31368278	NF1	NF1	DRIVER	True	protein_coding	+	2054
chr17	31373012	31383116	NF1	NF1	DRIVER	True	protein_coding	+	10104
chr17	35542984	35550073	SLFN14	SLFN14	PASSENGER	False	protein_coding	-	7089
chr17	35551729	35555704	SLFN14	SLFN14	PASSENGER	False	protein_coding	-	3975
chr17	35556002	35561819	SLFN14	SLFN14	PASSENGER	False	protein_coding	-	5817
chr17	39460485	39464117	CDK12	CDK12	DRIVER	False	protein_coding	+	3632
chr17	39469878	39472763	CDK12	CDK12	DRIVER	False	protein_coding	+	2885
chr17	39489556	39491733	CDK12	CDK12	DRIVER	False	protein_coding	+	2177
chr17	39491750	39495694	CDK12	CDK12	DRIVER	False	protein_coding	+	3944
chr17	39500249	39502439	CDK12	CDK12	DRIVER	False	protein_coding	+	2190
chr17	39508704	39512630	CDK12	CDK12	DRIVER	False	protein_coding	+	3926
chr17	39514730	39518556	CDK12	CDK12	DRIVER	False	protein_coding	+	3826
chr17	39518955	39521087	CDK12	CDK12	DRIVER	False	protein_coding	+	2132
chr17	39523673	39527316	CDK12	CDK12	DRIVER	False	protein_coding	+	3643
chr17	39528881	39535544	CDK12	CDK12	DRIVER	False	protein_coding	+	6663
chr17	39542990	39545360	CDK12	CDK12	DRIVER	False	protein_coding	+	2370
chr17	39545616	39552142	CDK12	CDK12	DRIVER	False	protein_coding	+	6526
chr17	39555285	39558058	CDK12	CDK12	DRIVER	False	protein_coding	+	2773
chr17	39563759	39568559	CDK12	CDK12	DRIVER	False	protein_coding	+	4800
chr17	39686913	39689800	ERBB2	ERBB2	DRIVER	False	protein_coding	+	2887
chr17	39692260	39696181	ERBB2	ERBB2	DRIVER	False	protein_coding	+	3921
chr17	39698536	39701311	ERBB2	ERBB2	DRIVER	False	protein_coding	+	2775
chr17	39702193	39704428	ERBB2	ERBB2	DRIVER	False	protein_coding	+	2235
chr17	39705748	39714269	ERBB2	ERBB2	DRIVER	False	protein_coding	+	8521
chr17	39714285	39718657	ERBB2	ERBB2	DRIVER	False	protein_coding	+	4372
chr17	39718786	39721297	ERBB2	ERBB2	DRIVER	False	protein_coding	+	2511
chr17	39722318	39731426	ERBB2	ERBB2	DRIVER	False	protein_coding	+	9108
chr17	40387524	40393737	TOP2A	TOP2A	DRIVER	False	protein_coding	-	6213
chr17	40394448	40397465	TOP2A	TOP2A	DRIVER	False	protein_coding	-	3017
chr17	40397557	40409630	TOP2A	TOP2A	DRIVER	False	protein_coding	-	12073
chr17	40410108	40414625	TOP2A	TOP2A	DRIVER	False	protein_coding	-	4517
chr17	40415004	40418896	TOP2A	TOP2A	DRIVER	False	protein_coding	-	3892
chr17	42843579	42847214	AOC2	AOC2	PASSENGER	False	protein_coding	+	3635
chr17	42848085	42851707	AOC2	AOC2	PASSENGER	False	protein_coding	+	3622
chr17	43043294	43052117	BRCA1	BRCA1	DRIVER	True	protein_coding	-	8823
chr17	43056051	43058135	BRCA1	BRCA1	DRIVER	True	protein_coding	-	2084
chr17	43062332	43064951	BRCA1	BRCA1	DRIVER	True	protein_coding	-	2619
chr17	43066273	43068695	BRCA1	BRCA1	DRIVER	True	protein_coding	-	2422
chr17	43069343	43072238	BRCA1	BRCA1	DRIVER	True	protein_coding	-	2895
chr17	43073330	43077614	BRCA1	BRCA1	DRIVER	True	protein_coding	-	4284
chr17	43078333	43080399	BRCA1	BRCA1	DRIVER	True	protein_coding	-	2066
chr17	43081403	43083760	BRCA1	BRCA1	DRIVER	True	protein_coding	-	2357
chr17	43089943	43098586	BRCA1	BRCA1	DRIVER	True	protein_coding	-	8643
chr17	43098642	43100880	BRCA1	BRCA1	DRIVER	True	protein_coding	-	2238
chr17	43103121	43107533	BRCA1	BRCA1	DRIVER	True	protein_coding	-	4412
chr17	43109464	43116779	BRCA1	BRCA1	DRIVER	True	protein_coding	-	7315
chr17	43118120	43120265	BRCA1	BRCA1	DRIVER	True	protein_coding	-	2145
chr17	43120557	43126483	BRCA1	BRCA1	DRIVER	True	protein_coding	-	5926
chr17	43169125	43171245	BRCA1	BRCA1	DRIVER	True	protein_coding	-	2120
chr17	63522333	63525369	KCNH6	KCNH6	PASSENGER	False	protein_coding	+	3036
chr17	63529090	63531542	KCNH6	KCNH6	PASSENGER	False	protein_coding	+	2452
chr17	63532885	63539662	KCNH6	KCNH6	PASSENGER	False	protein_coding	+	6777
chr17	63541240	63547727	KCNH6	KCNH6	PASSENGER	False	protein_coding	+	6487
chr17	63547801	63549977	KCNH6	KCNH6	PASSENGER	False	protein_coding	+	2176
chr17	78422696	78430300	DNAH17	DNAH17	DRIVER	True	protein_coding	-	7604
chr17	78433028	78435220	DNAH17	DNAH17	DRIVER	True	protein_coding	-	2192
chr17	78436640	78442199	DNAH17	DNAH17	DRIVER	True	protein_coding	-	5559
chr17	78443603	78446680	DNAH17	DNAH17	DRIVER	True	protein_coding	-	3077
chr17	78448413	78456836	DNAH17	DNAH17	DRIVER	True	protein_coding	-	8423
chr17	78457468	78464077	DNAH17	DNAH17	DRIVER	True	protein_coding	-	6609
chr17	78465654	78469883	DNAH17	DNAH17	DRIVER	True	protein_coding	-	4229
chr17	78471661	78473774	DNAH17	DNAH17	DRIVER	True	protein_coding	-	2113
chr17	78474277	78477733	DNAH17	DNAH17	DRIVER	True	protein_coding	-	3456
chr17	78477876	78481786	DNAH17	DNAH17	DRIVER	True	protein_coding	-	3910
chr17	78483773	78487506	DNAH17	DNAH17	DRIVER	True	protein_coding	-	3733
chr17	78489698	78497032	DNAH17	DNAH17	DRIVER	True	protein_coding	-	7334
chr17	78498007	78504011	DNAH17	DNAH17	DRIVER	True	protein_coding	-	6004
chr17	78504292	78508805	DNAH17	DNAH17	DRIVER	True	protein_coding	-	4513
chr17	78509383	78511671	DNAH17	DNAH17	DRIVER	True	protein_coding	-	2288
chr17	78513773	78516022	DNAH17	DNAH17	DRIVER	True	protein_coding	-	2249
chr17	78524008	78527996	DNAH17	DNAH17	DRIVER	True	protein_coding	-	3988
chr17	78528471	78533736	DNAH17	DNAH17	DRIVER	True	protein_coding	-	5265
chr17	78536298	78538481	DNAH17	DNAH17	DRIVER	True	protein_coding	-	2183
chr17	78538736	78540880	DNAH17	DNAH17	DRIVER	True	protein_coding	-	2144
chr17	78542754	78544997	DNAH17	DNAH17	DRIVER	True	protein_coding	-	2243
chr17	78550534	78553805	DNAH17	DNAH17	DRIVER	True	protein_coding	-	3271
chr17	78557107	78559254	DNAH17	DNAH17	DRIVER	True	protein_coding	-	2147
chr17	78559739	78562980	DNAH17	DNAH17	DRIVER	True	protein_coding	-	3241
chr17	78565613	78576082	DNAH17	DNAH17	DRIVER	True	protein_coding	-	10469
chr17	78576294	78578396	DNAH17	DNAH17	DRIVER	True	protein_coding	-	2102
chr18	5391380	5402043	EPB41L3	EPB41L3	DRIVER	False	protein_coding	-	10663
chr18	5405764	5408736	EPB41L3	EPB41L3	DRIVER	False	protein_coding	-	2972
chr18	5409565	5411619	EPB41L3	EPB41L3	DRIVER	False	protein_coding	-	2054
chr18	5414817	5417378	EPB41L3	EPB41L3	DRIVER	False	protein_coding	-	2561
chr18	5418710	5421206	EPB41L3	EPB41L3	DRIVER	False	protein_coding	-	2496
chr18	5422377	5425359	EPB41L3	EPB41L3	DRIVER	False	protein_coding	-	2982
chr18	5427312	5432385	EPB41L3	EPB41L3	DRIVER	False	protein_coding	-	5073
chr18	5432468	5435121	EPB41L3	EPB41L3	DRIVER	False	protein_coding	-	2653
chr18	5437034	5439110	EPB41L3	EPB41L3	DRIVER	False	protein_coding	-	2076
chr18	5442837	5446244	EPB41L3	EPB41L3	DRIVER	False	protein_coding	-	3407
chr18	5465299	5467363	EPB41L3	EPB41L3	DRIVER	False	protein_coding	-	2064
chr18	5477240	5481123	EPB41L3	EPB41L3	DRIVER	False	protein_coding	-	3883
chr18	5487812	5490370	EPB41L3	EPB41L3	DRIVER	False	protein_coding	-	2558
chr18	5507164	5509278	EPB41L3	EPB41L3	DRIVER	False	protein_coding	-	2114
chr18	5517524	5519607	EPB41L3	EPB41L3	DRIVER	False	protein_coding	-	2083
chr18	5520257	5522423	EPB41L3	EPB41L3	DRIVER	False	protein_coding	-	2166
chr18	5527950	5529999	EPB41L3	EPB41L3	DRIVER	False	protein_coding	-	2049
chr18	5538620	5541556	EPB41L3	EPB41L3	DRIVER	False	protein_coding	-	2936
chr18	5542312	5545310	EPB41L3	EPB41L3	DRIVER	False	protein_coding	-	2998
chr18	5576329	5578648	EPB41L3	EPB41L3	DRIVER	False	protein_coding	-	2319
chr18	5611339	5615423	EPB41L3	EPB41L3	DRIVER	False	protein_coding	-	4084
chr18	5627921	5631700	EPB41L3	EPB41L3	DRIVER	False	protein_coding	-	3779
chr18	31375776	31377959	DSG4	DSG4	PASSENGER	False	protein_coding	+	2183
chr18	31384135	31393340	DSG4	DSG4	PASSENGER	False	protein_coding	+	9205
chr18	31398271	31402020	DSG4	DSG4	PASSENGER	False	protein_coding	+	3749
chr18	31402415	31404634	DSG4	DSG4	PASSENGER	False	protein_coding	+	2219
chr18	31405076	31407373	DSG4	DSG4	PASSENGER	False	protein_coding	+	2297
chr18	31408451	31415912	DSG4	DSG4	PASSENGER	False	protein_coding	+	7461
chr18	52339196	52341878	DCC	DCC	PASSENGER	False	protein_coding	+	2682
chr18	52751053	52755256	DCC	DCC	PASSENGER	False	protein_coding	+	4203
chr18	52755964	52760092	DCC	DCC	PASSENGER	False	protein_coding	+	4128
chr18	52808298	52810422	DCC	DCC	PASSENGER	False	protein_coding	+	2124
chr18	52815633	52819198	DCC	DCC	PASSENGER	False	protein_coding	+	3565
chr18	52891407	52893532	DCC	DCC	PASSENGER	False	protein_coding	+	2125
chr18	52905043	52907328	DCC	DCC	PASSENGER	False	protein_coding	+	2285
chr18	52922706	52926370	DCC	DCC	PASSENGER	False	protein_coding	+	3664
chr18	52930787	52932950	DCC	DCC	PASSENGER	False	protein_coding	+	2163
chr18	52933771	52935890	DCC	DCC	PASSENGER	False	protein_coding	+	2119
chr18	52939928	52942165	DCC	DCC	PASSENGER	False	protein_coding	+	2237
chr18	52964030	52966126	DCC	DCC	PASSENGER	False	protein_coding	+	2096
chr18	53062304	53064613	DCC	DCC	PASSENGER	False	protein_coding	+	2309
chr18	53065045	53067166	DCC	DCC	PASSENGER	False	protein_coding	+	2121
chr18	53156355	53158512	DCC	DCC	PASSENGER	False	protein_coding	+	2157
chr18	53177961	53180116	DCC	DCC	PASSENGER	False	protein_coding	+	2155
chr18	53204215	53206364	DCC	DCC	PASSENGER	False	protein_coding	+	2149
chr18	53206678	53208817	DCC	DCC	PASSENGER	False	protein_coding	+	2139
chr18	53214547	53216597	DCC	DCC	PASSENGER	False	protein_coding	+	2050
chr18	53304577	53306719	DCC	DCC	PASSENGER	False	protein_coding	+	2142
chr18	53321046	53323157	DCC	DCC	PASSENGER	False	protein_coding	+	2111
chr18	53338712	53340907	DCC	DCC	PASSENGER	False	protein_coding	+	2195
chr18	53385042	53387138	DCC	DCC	PASSENGER	False	protein_coding	+	2096
chr18	53390654	53392887	DCC	DCC	PASSENGER	False	protein_coding	+	2233
chr18	53396307	53398446	DCC	DCC	PASSENGER	False	protein_coding	+	2139
chr18	53401785	53403893	DCC	DCC	PASSENGER	False	protein_coding	+	2108
chr18	53409451	53411646	DCC	DCC	PASSENGER	False	protein_coding	+	2195
chr18	53415123	53417557	DCC	DCC	PASSENGER	False	protein_coding	+	2434
chr18	53434143	53436209	DCC	DCC	PASSENGER	False	protein_coding	+	2066
chr18	53449499	53451662	DCC	DCC	PASSENGER	False	protein_coding	+	2163
chr18	53458231	53460458	DCC	DCC	PASSENGER	False	protein_coding	+	2227
chr18	53466893	53469010	DCC	DCC	PASSENGER	False	protein_coding	+	2117
chr18	53485796	53487958	DCC	DCC	PASSENGER	False	protein_coding	+	2162
chr18	53498297	53500510	DCC	DCC	PASSENGER	False	protein_coding	+	2213
chr18	53525616	53527948	DCC	DCC	PASSENGER	False	protein_coding	+	2332
chr18	53529296	53536899	DCC	DCC	PASSENGER	False	protein_coding	+	7603
chr18	65749251	65752150	CDH7	CDH7	PASSENGER	False	protein_coding	+	2899
chr18	65761646	65764052	CDH7	CDH7	PASSENGER	False	protein_coding	+	2406
chr18	65802114	65804810	CDH7	CDH7	PASSENGER	False	protein_coding	+	2696
chr18	65808703	65810998	CDH7	CDH7	PASSENGER	False	protein_coding	+	2295
chr18	65813484	65815604	CDH7	CDH7	PASSENGER	False	protein_coding	+	2120
chr18	65821080	65823248	CDH7	CDH7	PASSENGER	False	protein_coding	+	2168
chr18	65823643	65825831	CDH7	CDH7	PASSENGER	False	protein_coding	+	2188
chr18	65842811	65845065	CDH7	CDH7	PASSENGER	False	protein_coding	+	2254
chr18	65856815	65860825	CDH7	CDH7	PASSENGER	False	protein_coding	+	4010
chr18	65861665	65865125	CDH7	CDH7	PASSENGER	False	protein_coding	+	3460
chr18	65879400	65891337	CDH7	CDH7	PASSENGER	False	protein_coding	+	11937
chr18	76821556	76825406	ZNF236	ZNF236	DRIVER	False	protein_coding	+	3850
chr18	76848198	76850668	ZNF236	ZNF236	DRIVER	False	protein_coding	+	2470
chr18	76850772	76852939	ZNF236	ZNF236	DRIVER	False	protein_coding	+	2167
chr18	76861185	76863289	ZNF236	ZNF236	DRIVER	False	protein_coding	+	2104
chr18	76867684	76869863	ZNF236	ZNF236	DRIVER	False	protein_coding	+	2179
chr18	76870700	76872825	ZNF236	ZNF236	DRIVER	False	protein_coding	+	2125
chr18	76874491	76876664	ZNF236	ZNF236	DRIVER	False	protein_coding	+	2173
chr18	76877008	76882512	ZNF236	ZNF236	DRIVER	False	protein_coding	+	5504
chr18	76894012	76896377	ZNF236	ZNF236	DRIVER	False	protein_coding	+	2365
chr18	76897091	76900222	ZNF236	ZNF236	DRIVER	False	protein_coding	+	3131
chr18	76903379	76906415	ZNF236	ZNF236	DRIVER	False	protein_coding	+	3036
chr18	76907319	76916859	ZNF236	ZNF236	DRIVER	False	protein_coding	+	9540
chr18	76918775	76921058	ZNF236	ZNF236	DRIVER	False	protein_coding	+	2283
chr18	76922070	76924174	ZNF236	ZNF236	DRIVER	False	protein_coding	+	2104
chr18	76924188	76929106	ZNF236	ZNF236	DRIVER	False	protein_coding	+	4918
chr18	76930066	76932228	ZNF236	ZNF236	DRIVER	False	protein_coding	+	2162
chr18	76934979	76938343	ZNF236	ZNF236	DRIVER	False	protein_coding	+	3364
chr18	76946520	76948652	ZNF236	ZNF236	DRIVER	False	protein_coding	+	2132
chr18	76954984	76957182	ZNF236	ZNF236	DRIVER	False	protein_coding	+	2198
chr18	76958686	76961855	ZNF236	ZNF236	DRIVER	False	protein_coding	+	3169
chr18	76967214	76973901	ZNF236	ZNF236	DRIVER	False	protein_coding	+	6687
chr19	8847843	8850030	MUC16	MUC16	DRIVER	False	protein_coding	-	2187
chr19	8850275	8852719	MUC16	MUC16	DRIVER	False	protein_coding	-	2444
chr19	8854973	8857140	MUC16	MUC16	DRIVER	False	protein_coding	-	2167
chr19	8857203	8859751	MUC16	MUC16	DRIVER	False	protein_coding	-	2548
chr19	8859999	8864426	MUC16	MUC16	DRIVER	False	protein_coding	-	4427
chr19	8864583	8869576	MUC16	MUC16	DRIVER	False	protein_coding	-	4993
chr19	8870480	8872653	MUC16	MUC16	DRIVER	False	protein_coding	-	2173
chr19	8875368	8877658	MUC16	MUC16	DRIVER	False	protein_coding	-	2290
chr19	8881330	8911508	MUC16	MUC16	DRIVER	False	protein_coding	-	30178
chr19	8912457	8918720	MUC16	MUC16	DRIVER	False	protein_coding	-	6263
chr19	8921554	8924061	MUC16	MUC16	DRIVER	False	protein_coding	-	2507
chr19	8926400	8928739	MUC16	MUC16	DRIVER	False	protein_coding	-	2339
chr19	8931448	8933785	MUC16	MUC16	DRIVER	False	protein_coding	-	2337
chr19	8933887	8940567	MUC16	MUC16	DRIVER	False	protein_coding	-	6680
chr19	8942558	8968189	MUC16	MUC16	DRIVER	False	protein_coding	-	25631
chr19	8968774	8982342	MUC16	MUC16	DRIVER	False	protein_coding	-	13568
chr19	8984550	8986649	MUC16	MUC16	DRIVER	False	protein_coding	-	2099
chr19	8992994	8995108	MUC16	MUC16	DRIVER	False	protein_coding	-	2114
chr19	9009268	9011390	MUC16	MUC16	DRIVER	False	protein_coding	-	2122
chr19	9958560	9963887	COL5A3	COL5A3	DRIVER	False	protein_coding	-	5327
chr19	9965313	9975408	COL5A3	COL5A3	DRIVER	False	protein_coding	-	10095
chr19	9975557	9983118	COL5A3	COL5A3	DRIVER	False	protein_coding	-	7561
chr19	9984841	9987758	COL5A3	COL5A3	DRIVER	False	protein_coding	-	2917
chr19	9988123	9990522	COL5A3	COL5A3	DRIVER	False	protein_coding	-	2399
chr19	9990609	9999149	COL5A3	COL5A3	DRIVER	False	protein_coding	-	8540
chr19	10000523	10007231	COL5A3	COL5A3	DRIVER	False	protein_coding	-	6708
chr19	10009297	10011504	COL5A3	COL5A3	DRIVER	False	protein_coding	-	2207
chr19	12937577	12941975	CALR	CALR	MACHINERY	False	protein_coding	+	4398
chr19	12942212	12945489	CALR	CALR	MACHINERY	False	protein_coding	+	3277
chr19	13205441	13216234	CACNA1A	CACNA1A	DRIVER	False	protein_coding	-	10793
chr19	13222774	13232860	CACNA1A	CACNA1A	DRIVER	False	protein_coding	-	10086
chr19	13233807	13237618	CACNA1A	CACNA1A	DRIVER	False	protein_coding	-	3811
chr19	13240520	13242526	CACNA1A	CACNA1A	DRIVER	False	protein_coding	-	2006
chr19	13242670	13246645	CACNA1A	CACNA1A	DRIVER	False	protein_coding	-	3975
chr19	13251516	13264510	CACNA1A	CACNA1A	DRIVER	False	protein_coding	-	12994
chr19	13270340	13278933	CACNA1A	CACNA1A	DRIVER	False	protein_coding	-	8593
chr19	13282266	13287966	CACNA1A	CACNA1A	DRIVER	False	protein_coding	-	5700
chr19	13297543	13301656	CACNA1A	CACNA1A	DRIVER	False	protein_coding	-	4113
chr19	13302536	13304884	CACNA1A	CACNA1A	DRIVER	False	protein_coding	-	2348
chr19	13305563	13309831	CACNA1A	CACNA1A	DRIVER	False	protein_coding	-	4268
chr19	13311651	13313781	CACNA1A	CACNA1A	DRIVER	False	protein_coding	-	2130
chr19	13314237	13318321	CACNA1A	CACNA1A	DRIVER	False	protein_coding	-	4084
chr19	13329243	13331339	CACNA1A	CACNA1A	DRIVER	False	protein_coding	-	2096
chr19	13331868	13336909	CACNA1A	CACNA1A	DRIVER	False	protein_coding	-	5041
chr19	13358605	13360799	CACNA1A	CACNA1A	DRIVER	False	protein_coding	-	2194
chr19	13361050	13367298	CACNA1A	CACNA1A	DRIVER	False	protein_coding	-	6248
chr19	13369790	13373730	CACNA1A	CACNA1A	DRIVER	False	protein_coding	-	3940
chr19	13449341	13454015	CACNA1A	CACNA1A	DRIVER	False	protein_coding	-	4674
chr19	13454106	13456212	CACNA1A	CACNA1A	DRIVER	False	protein_coding	-	2106
chr19	13504931	13507495	CACNA1A	CACNA1A	DRIVER	False	protein_coding	-	2564
chr19	13517796	13521309	CACNA1A	CACNA1A	DRIVER	False	protein_coding	-	3513
chr19	13598752	13601056	CACNA1A	CACNA1A	DRIVER	False	protein_coding	-	2304
chr19	13622877	13625489	CACNA1A	CACNA1A	DRIVER	False	protein_coding	-	2612
chr19	14618116	14620471	EMR3	ADGRE3	PASSENGER	False	protein_coding	-	2355
chr19	14624491	14626599	EMR3	ADGRE3	PASSENGER	False	protein_coding	-	2108
chr19	14629038	14631207	EMR3	ADGRE3	PASSENGER	False	protein_coding	-	2169
chr19	14631920	14634302	EMR3	ADGRE3	PASSENGER	False	protein_coding	-	2382
chr19	14637104	14639340	EMR3	ADGRE3	PASSENGER	False	protein_coding	-	2236
chr19	14640418	14642616	EMR3	ADGRE3	PASSENGER	False	protein_coding	-	2198
chr19	14643107	14645275	EMR3	ADGRE3	PASSENGER	False	protein_coding	-	2168
chr19	14646180	14648365	EMR3	ADGRE3	PASSENGER	False	protein_coding	-	2185
chr19	14650084	14652204	EMR3	ADGRE3	PASSENGER	False	protein_coding	-	2120
chr19	14653981	14656165	EMR3	ADGRE3	PASSENGER	False	protein_coding	-	2184
chr19	14657479	14659550	EMR3	ADGRE3	PASSENGER	False	protein_coding	-	2071
chr19	14660962	14664540	EMR3	ADGRE3	PASSENGER	False	protein_coding	-	3578
chr19	14667619	14669852	EMR3	ADGRE3	PASSENGER	False	protein_coding	-	2233
chr19	14673745	14675998	EMR3	ADGRE3	PASSENGER	False	protein_coding	-	2253
chr19	14688908	14691027	EMR3	ADGRE3	PASSENGER	False	protein_coding	-	2119
chr19	15877022	15880897	CYP4F2	CYP4F2	PASSENGER	False	protein_coding	-	3875
chr19	15884923	15887501	CYP4F2	CYP4F2	PASSENGER	False	protein_coding	-	2578
chr19	15888422	15899077	CYP4F2	CYP4F2	PASSENGER	False	protein_coding	-	10655
chr19	19210957	19213064	NCAN	NCAN	PASSENGER	False	protein_coding	+	2107
chr19	19215946	19220316	NCAN	NCAN	PASSENGER	False	protein_coding	+	4370
chr19	19223020	19229639	NCAN	NCAN	PASSENGER	False	protein_coding	+	6619
chr19	19232788	19236096	NCAN	NCAN	PASSENGER	False	protein_coding	+	3308
chr19	19237252	19241685	NCAN	NCAN	PASSENGER	False	protein_coding	+	4433
chr19	19244312	19246457	NCAN	NCAN	PASSENGER	False	protein_coding	+	2145
chr19	19247699	19253233	NCAN	NCAN	PASSENGER	False	protein_coding	+	5534
chr19	30223890	30226670	ZNF536	ZNF536	PASSENGER	True	protein_coding	+	2780
chr19	30226952	30229673	ZNF536	ZNF536	PASSENGER	True	protein_coding	+	2721
chr19	30283071	30285141	ZNF536	ZNF536	PASSENGER	True	protein_coding	+	2070
chr19	30295154	30297243	ZNF536	ZNF536	PASSENGER	True	protein_coding	+	2089
chr19	30299425	30301669	ZNF536	ZNF536	PASSENGER	True	protein_coding	+	2244
chr19	30351367	30353484	ZNF536	ZNF536	PASSENGER	True	protein_coding	+	2117
chr19	30371383	30373556	ZNF536	ZNF536	PASSENGER	True	protein_coding	+	2173
chr19	30442560	30446732	ZNF536	ZNF536	PASSENGER	True	protein_coding	+	4172
chr19	30533846	30535999	ZNF536	ZNF536	PASSENGER	True	protein_coding	+	2153
chr19	30539776	30543083	ZNF536	ZNF536	PASSENGER	True	protein_coding	+	3307
chr19	30546942	30550514	ZNF536	ZNF536	PASSENGER	True	protein_coding	+	3572
chr19	30556156	30559059	ZNF536	ZNF536	PASSENGER	True	protein_coding	+	2903
chr19	30642536	30644576	ZNF536	ZNF536	PASSENGER	True	protein_coding	+	2040
chr19	30709756	30714586	ZNF536	ZNF536	PASSENGER	True	protein_coding	+	4830
chr19	38432690	38434874	RYR1	RYR1	DRIVER	False	protein_coding	+	2184
chr19	38439744	38449813	RYR1	RYR1	DRIVER	False	protein_coding	+	10069
chr19	38450763	38454014	RYR1	RYR1	DRIVER	False	protein_coding	+	3251
chr19	38454234	38461591	RYR1	RYR1	DRIVER	False	protein_coding	+	7357
chr19	38462422	38470513	RYR1	RYR1	DRIVER	False	protein_coding	+	8091
chr19	38472376	38476450	RYR1	RYR1	DRIVER	False	protein_coding	+	4074
chr19	38476709	38479600	RYR1	RYR1	DRIVER	False	protein_coding	+	2891
chr19	38482026	38484516	RYR1	RYR1	DRIVER	False	protein_coding	+	2490
chr19	38484589	38487202	RYR1	RYR1	DRIVER	False	protein_coding	+	2613
chr19	38488176	38497954	RYR1	RYR1	DRIVER	False	protein_coding	+	9778
chr19	38498107	38508827	RYR1	RYR1	DRIVER	False	protein_coding	+	10720
chr19	38509497	38513483	RYR1	RYR1	DRIVER	False	protein_coding	+	3986
chr19	38514025	38520454	RYR1	RYR1	DRIVER	False	protein_coding	+	6429
chr19	38522027	38530057	RYR1	RYR1	DRIVER	False	protein_coding	+	8030
chr19	38531489	38539673	RYR1	RYR1	DRIVER	False	protein_coding	+	8184
chr19	38542346	38544875	RYR1	RYR1	DRIVER	False	protein_coding	+	2529
chr19	38545444	38549420	RYR1	RYR1	DRIVER	False	protein_coding	+	3976
chr19	38560112	38562454	RYR1	RYR1	DRIVER	False	protein_coding	+	2342
chr19	38563958	38568917	RYR1	RYR1	DRIVER	False	protein_coding	+	4959
chr19	38569606	38574307	RYR1	RYR1	DRIVER	False	protein_coding	+	4701
chr19	38574918	38581504	RYR1	RYR1	DRIVER	False	protein_coding	+	6586
chr19	38583903	38588564	RYR1	RYR1	DRIVER	False	protein_coding	+	4661
chr19	38594003	38596273	RYR1	RYR1	DRIVER	False	protein_coding	+	2270
chr19	39862322	39864892	FCGBP	FCGBP	DRIVER	True	protein_coding	-	2570
chr19	39865736	39868120	FCGBP	FCGBP	DRIVER	True	protein_coding	-	2384
chr19	39869215	39880892	FCGBP	FCGBP	DRIVER	True	protein_coding	-	11677
chr19	39882304	39884446	FCGBP	FCGBP	DRIVER	True	protein_coding	-	2142
chr19	39884672	39888292	FCGBP	FCGBP	DRIVER	True	protein_coding	-	3620
chr19	39888478	39897143	FCGBP	FCGBP	DRIVER	True	protein_coding	-	8665
chr19	39898555	39900697	FCGBP	FCGBP	DRIVER	True	protein_coding	-	2142
chr19	39900924	39903837	FCGBP	FCGBP	DRIVER	True	protein_coding	-	2913
chr19	39904730	39907323	FCGBP	FCGBP	DRIVER	True	protein_coding	-	2593
chr19	39912689	39916789	FCGBP	FCGBP	DRIVER	True	protein_coding	-	4100
chr19	39917071	39919642	FCGBP	FCGBP	DRIVER	True	protein_coding	-	2571
chr19	39923382	39925732	FCGBP	FCGBP	DRIVER	True	protein_coding	-	2350
chr19	39926058	39929306	FCGBP	FCGBP	DRIVER	True	protein_coding	-	3248
chr19	39933563	39935626	FCGBP	FCGBP	DRIVER	True	protein_coding	-	2063
chr19	41087450	41097195	CYP2A13	CYP2A13	PASSENGER	False	protein_coding	+	9745
chr19	42324608	42327430	MEGF8	MEGF8	DRIVER	False	protein_coding	+	2822
chr19	42332604	42338206	MEGF8	MEGF8	DRIVER	False	protein_coding	+	5602
chr19	42342476	42345833	MEGF8	MEGF8	DRIVER	False	protein_coding	+	3357
chr19	42347271	42364262	MEGF8	MEGF8	DRIVER	False	protein_coding	+	16991
chr19	42367454	42372482	MEGF8	MEGF8	DRIVER	False	protein_coding	+	5028
chr19	42374506	42379769	MEGF8	MEGF8	DRIVER	False	protein_coding	+	5263
chr19	48871211	48877059	PPP1R15A	PPP1R15A	DRIVER	False	protein_coding	+	5848
chr19	50431891	50433972	MYBPC2	MYBPC2	PASSENGER	False	protein_coding	+	2081
chr19	50434160	50438718	MYBPC2	MYBPC2	PASSENGER	False	protein_coding	+	4558
chr19	50439879	50444816	MYBPC2	MYBPC2	PASSENGER	False	protein_coding	+	4937
chr19	50444879	50447052	MYBPC2	MYBPC2	PASSENGER	False	protein_coding	+	2173
chr19	50447224	50449390	MYBPC2	MYBPC2	PASSENGER	False	protein_coding	+	2166
chr19	50449828	50453003	MYBPC2	MYBPC2	PASSENGER	False	protein_coding	+	3175
chr19	50453019	50456644	MYBPC2	MYBPC2	PASSENGER	False	protein_coding	+	3625
chr19	50457586	50463036	MYBPC2	MYBPC2	PASSENGER	False	protein_coding	+	5450
chr19	50463230	50467321	MYBPC2	MYBPC2	PASSENGER	False	protein_coding	+	4091
chr19	52011764	52019494	ZNF614	ZNF614	DRIVER	False	protein_coding	-	7730
chr19	52024730	52026961	ZNF614	ZNF614	DRIVER	False	protein_coding	-	2231
chr19	52027241	52031240	ZNF614	ZNF614	DRIVER	False	protein_coding	-	3999
chr19	53158212	53167347	ZNF665	ZNF665	DRIVER	False	protein_coding	-	9135
chr19	53174444	53176571	ZNF665	ZNF665	DRIVER	False	protein_coding	-	2127
chr19	53178567	53185080	ZNF665	ZNF665	DRIVER	False	protein_coding	-	6513
chr19	53189185	53194386	ZNF665	ZNF665	DRIVER	False	protein_coding	-	5201
chr19	53792740	53797029	NLRP12	NLRP12	PASSENGER	False	protein_coding	-	4289
chr19	53797239	53799413	NLRP12	NLRP12	PASSENGER	False	protein_coding	-	2174
chr19	53800226	53802397	NLRP12	NLRP12	PASSENGER	False	protein_coding	-	2171
chr19	53802948	53812288	NLRP12	NLRP12	PASSENGER	False	protein_coding	-	9340
chr19	53813907	53815988	NLRP12	NLRP12	PASSENGER	False	protein_coding	-	2081
chr19	53822885	53825403	NLRP12	NLRP12	PASSENGER	False	protein_coding	-	2518
chr19	55784396	55786871	NLRP11	NLRP11	PASSENGER	False	protein_coding	-	2475
chr19	55787806	55790399	NLRP11	NLRP11	PASSENGER	False	protein_coding	-	2593
chr19	55791300	55793471	NLRP11	NLRP11	PASSENGER	False	protein_coding	-	2171
chr19	55795079	55799337	NLRP11	NLRP11	PASSENGER	False	protein_coding	-	4258
chr19	55800053	55802739	NLRP11	NLRP11	PASSENGER	False	protein_coding	-	2686
chr19	55806852	55811338	NLRP11	NLRP11	PASSENGER	False	protein_coding	-	4486
chr19	55816903	55819237	NLRP11	NLRP11	PASSENGER	False	protein_coding	-	2334
chr19	55830962	55833915	NLRP11	NLRP11	PASSENGER	False	protein_coding	-	2953
chr19	55835335	55837800	NLRP11	NLRP11	PASSENGER	False	protein_coding	-	2465
chr19	57133095	57139598	ZIM3	ZIM3	PASSENGER	False	protein_coding	-	6503
chr19	57141628	57143685	ZIM3	ZIM3	PASSENGER	False	protein_coding	-	2057
chr19	57143858	57146202	ZIM3	ZIM3	PASSENGER	False	protein_coding	-	2344
chr20	2535572	2538316	TMC2	TMC2	PASSENGER	True	protein_coding	+	2744
chr20	2557214	2559774	TMC2	TMC2	PASSENGER	True	protein_coding	+	2560
chr20	2560857	2563010	TMC2	TMC2	PASSENGER	True	protein_coding	+	2153
chr20	2571178	2573269	TMC2	TMC2	PASSENGER	True	protein_coding	+	2091
chr20	2578145	2581056	TMC2	TMC2	PASSENGER	True	protein_coding	+	2911
chr20	2591309	2593408	TMC2	TMC2	PASSENGER	True	protein_coding	+	2099
chr20	2593824	2595967	TMC2	TMC2	PASSENGER	True	protein_coding	+	2143
chr20	2596150	2598298	TMC2	TMC2	PASSENGER	True	protein_coding	+	2148
chr20	2601112	2603301	TMC2	TMC2	PASSENGER	True	protein_coding	+	2189
chr20	2609418	2615020	TMC2	TMC2	PASSENGER	True	protein_coding	+	5602
chr20	2615136	2619379	TMC2	TMC2	PASSENGER	True	protein_coding	+	4243
chr20	2623270	2625396	TMC2	TMC2	PASSENGER	True	protein_coding	+	2126
chr20	2634925	2638591	TMC2	TMC2	PASSENGER	True	protein_coding	+	3666
chr20	2640133	2644580	TMC2	TMC2	PASSENGER	True	protein_coding	+	4447
chr20	42071751	42083017	PTPRT	PTPRT	PASSENGER	False	protein_coding	-	11266
chr20	42083681	42086853	PTPRT	PTPRT	PASSENGER	False	protein_coding	-	3172
chr20	42097420	42099552	PTPRT	PTPRT	PASSENGER	False	protein_coding	-	2132
chr20	42101123	42103297	PTPRT	PTPRT	PASSENGER	False	protein_coding	-	2174
chr20	42103568	42105718	PTPRT	PTPRT	PASSENGER	False	protein_coding	-	2150
chr20	42105785	42107921	PTPRT	PTPRT	PASSENGER	False	protein_coding	-	2136
chr20	42109332	42111487	PTPRT	PTPRT	PASSENGER	False	protein_coding	-	2155
chr20	42114198	42117098	PTPRT	PTPRT	PASSENGER	False	protein_coding	-	2900
chr20	42117402	42120971	PTPRT	PTPRT	PASSENGER	False	protein_coding	-	3569
chr20	42127753	42129830	PTPRT	PTPRT	PASSENGER	False	protein_coding	-	2077
chr20	42140914	42143002	PTPRT	PTPRT	PASSENGER	False	protein_coding	-	2088
chr20	42160351	42162542	PTPRT	PTPRT	PASSENGER	False	protein_coding	-	2191
chr20	42198239	42200397	PTPRT	PTPRT	PASSENGER	False	protein_coding	-	2158
chr20	42235228	42237258	PTPRT	PTPRT	PASSENGER	False	protein_coding	-	2030
chr20	42247686	42249822	PTPRT	PTPRT	PASSENGER	False	protein_coding	-	2136
chr20	42269396	42271453	PTPRT	PTPRT	PASSENGER	False	protein_coding	-	2057
chr20	42281488	42283525	PTPRT	PTPRT	PASSENGER	False	protein_coding	-	2037
chr20	42314722	42316996	PTPRT	PTPRT	PASSENGER	False	protein_coding	-	2274
chr20	42349627	42353285	PTPRT	PTPRT	PASSENGER	False	protein_coding	-	3658
chr20	42447219	42449329	PTPRT	PTPRT	PASSENGER	False	protein_coding	-	2110
chr20	42471265	42473562	PTPRT	PTPRT	PASSENGER	False	protein_coding	-	2297
chr20	42676865	42679159	PTPRT	PTPRT	PASSENGER	False	protein_coding	-	2294
chr20	42755461	42757636	PTPRT	PTPRT	PASSENGER	False	protein_coding	-	2175
chr20	42770434	42772550	PTPRT	PTPRT	PASSENGER	False	protein_coding	-	2116
chr20	42779217	42781299	PTPRT	PTPRT	PASSENGER	False	protein_coding	-	2082
chr20	42790194	42792466	PTPRT	PTPRT	PASSENGER	False	protein_coding	-	2272
chr20	42884806	42886932	PTPRT	PTPRT	PASSENGER	False	protein_coding	-	2126
chr20	42965302	42967419	PTPRT	PTPRT	PASSENGER	False	protein_coding	-	2117
chr20	43188643	43190970	PTPRT	PTPRT	PASSENGER	False	protein_coding	-	2327
chr20	52971357	52974333	TSHZ2	TSHZ2	DRIVER	False	protein_coding	+	2976
chr20	53184282	53186676	TSHZ2	TSHZ2	DRIVER	False	protein_coding	+	2394
chr20	53252498	53257571	TSHZ2	TSHZ2	DRIVER	False	protein_coding	+	5073
chr20	53486143	53496330	TSHZ2	TSHZ2	DRIVER	False	protein_coding	+	10187
chr21	18268115	18271124	TMPRSS15	TMPRSS15	PASSENGER	False	protein_coding	-	3009
chr21	18274196	18276336	TMPRSS15	TMPRSS15	PASSENGER	False	protein_coding	-	2140
chr21	18277963	18282221	TMPRSS15	TMPRSS15	PASSENGER	False	protein_coding	-	4258
chr21	18293269	18295652	TMPRSS15	TMPRSS15	PASSENGER	False	protein_coding	-	2383
chr21	18296733	18298829	TMPRSS15	TMPRSS15	PASSENGER	False	protein_coding	-	2096
chr21	18311944	18314077	TMPRSS15	TMPRSS15	PASSENGER	False	protein_coding	-	2133
chr21	18314145	18316256	TMPRSS15	TMPRSS15	PASSENGER	False	protein_coding	-	2111
chr21	18325431	18327572	TMPRSS15	TMPRSS15	PASSENGER	False	protein_coding	-	2141
chr21	18328168	18330294	TMPRSS15	TMPRSS15	PASSENGER	False	protein_coding	-	2126
chr21	18331083	18333173	TMPRSS15	TMPRSS15	PASSENGER	False	protein_coding	-	2090
chr21	18340412	18345060	TMPRSS15	TMPRSS15	PASSENGER	False	protein_coding	-	4648
chr21	18351902	18354863	TMPRSS15	TMPRSS15	PASSENGER	False	protein_coding	-	2961
chr21	18358756	18360863	TMPRSS15	TMPRSS15	PASSENGER	False	protein_coding	-	2107
chr21	18364139	18366248	TMPRSS15	TMPRSS15	PASSENGER	False	protein_coding	-	2109
chr21	18371192	18373324	TMPRSS15	TMPRSS15	PASSENGER	False	protein_coding	-	2132
chr21	18378282	18381584	TMPRSS15	TMPRSS15	PASSENGER	False	protein_coding	-	3302
chr21	18382626	18384778	TMPRSS15	TMPRSS15	PASSENGER	False	protein_coding	-	2152
chr21	18396878	18399329	TMPRSS15	TMPRSS15	PASSENGER	False	protein_coding	-	2451
chr21	18402477	18404785	TMPRSS15	TMPRSS15	PASSENGER	False	protein_coding	-	2308
chr21	18459571	18461731	TMPRSS15	TMPRSS15	PASSENGER	False	protein_coding	-	2160
chr21	18484798	18486879	TMPRSS15	TMPRSS15	PASSENGER	False	protein_coding	-	2081
chr21	20997408	20999618	NCAM2	NCAM2	PASSENGER	False	protein_coding	+	2210
chr21	21238341	21240411	NCAM2	NCAM2	PASSENGER	False	protein_coding	+	2070
chr21	21279575	21281652	NCAM2	NCAM2	PASSENGER	False	protein_coding	+	2077
chr21	21283193	21287412	NCAM2	NCAM2	PASSENGER	False	protein_coding	+	4219
chr21	21289076	21293241	NCAM2	NCAM2	PASSENGER	False	protein_coding	+	4165
chr21	21323382	21325500	NCAM2	NCAM2	PASSENGER	False	protein_coding	+	2118
chr21	21334504	21336665	NCAM2	NCAM2	PASSENGER	False	protein_coding	+	2161
chr21	21337388	21339534	NCAM2	NCAM2	PASSENGER	False	protein_coding	+	2146
chr21	21372862	21375013	NCAM2	NCAM2	PASSENGER	False	protein_coding	+	2151
chr21	21409273	21411461	NCAM2	NCAM2	PASSENGER	False	protein_coding	+	2188
chr21	21417472	21419569	NCAM2	NCAM2	PASSENGER	False	protein_coding	+	2097
chr21	21431107	21433281	NCAM2	NCAM2	PASSENGER	False	protein_coding	+	2174
chr21	21462740	21464838	NCAM2	NCAM2	PASSENGER	False	protein_coding	+	2098
chr21	21465605	21469783	NCAM2	NCAM2	PASSENGER	False	protein_coding	+	4178
chr21	21476290	21478471	NCAM2	NCAM2	PASSENGER	False	protein_coding	+	2181
chr21	21507850	21510055	NCAM2	NCAM2	PASSENGER	False	protein_coding	+	2205
chr21	21533536	21535656	NCAM2	NCAM2	PASSENGER	False	protein_coding	+	2120
chr21	21536845	21544329	NCAM2	NCAM2	PASSENGER	False	protein_coding	+	7484
chr21	34786800	34793610	RUNX1	RUNX1	DRIVER	False	protein_coding	-	6810
chr21	34798300	34800462	RUNX1	RUNX1	DRIVER	False	protein_coding	-	2162
chr21	34820278	34822696	RUNX1	RUNX1	DRIVER	False	protein_coding	-	2418
chr21	34828851	34830970	RUNX1	RUNX1	DRIVER	False	protein_coding	-	2119
chr21	34831960	34835601	RUNX1	RUNX1	DRIVER	False	protein_coding	-	3641
chr21	34855288	34857447	RUNX1	RUNX1	DRIVER	False	protein_coding	-	2159
chr21	34858473	34860578	RUNX1	RUNX1	DRIVER	False	protein_coding	-	2105
chr21	34879556	34881713	RUNX1	RUNX1	DRIVER	False	protein_coding	-	2157
chr21	34885842	34890790	RUNX1	RUNX1	DRIVER	False	protein_coding	-	4948
chr21	34891924	34893963	RUNX1	RUNX1	DRIVER	False	protein_coding	-	2039
chr21	35047841	35050344	RUNX1	RUNX1	DRIVER	False	protein_coding	-	2503
chr21	35063715	35066072	RUNX1	RUNX1	DRIVER	False	protein_coding	-	2357
chr21	35371506	35373793	RUNX1	RUNX1	DRIVER	False	protein_coding	-	2287
chr21	35434660	35440071	RUNX1	RUNX1	DRIVER	False	protein_coding	-	5411
chr21	35460960	35463025	RUNX1	RUNX1	DRIVER	False	protein_coding	-	2065
chr21	35464183	35466329	RUNX1	RUNX1	DRIVER	False	protein_coding	-	2146
chr21	35579659	35581929	RUNX1	RUNX1	DRIVER	False	protein_coding	-	2270
chr21	35653819	35655875	RUNX1	RUNX1	DRIVER	False	protein_coding	-	2056
chr21	35863284	35865467	RUNX1	RUNX1	DRIVER	False	protein_coding	-	2183
chr21	35953659	35955825	RUNX1	RUNX1	DRIVER	False	protein_coding	-	2166
chr21	35969074	35971167	RUNX1	RUNX1	DRIVER	False	protein_coding	-	2093
chr21	35980750	35982916	RUNX1	RUNX1	DRIVER	False	protein_coding	-	2166
chr21	35983571	35985830	RUNX1	RUNX1	DRIVER	False	protein_coding	-	2259
chr21	35987129	35989171	RUNX1	RUNX1	DRIVER	False	protein_coding	-	2042
chr21	36003563	36005667	RUNX1	RUNX1	DRIVER	False	protein_coding	-	2104
chr22	16589750	16593810	CCT8L2	CCT8L2	PASSENGER	False	protein_coding	-	4060
chr22	24718033	24720895	PIWIL3	PIWIL3	PASSENGER	False	protein_coding	-	2862
chr22	24722129	24726515	PIWIL3	PIWIL3	PASSENGER	False	protein_coding	-	4386
chr22	24726949	24729401	PIWIL3	PIWIL3	PASSENGER	False	protein_coding	-	2452
chr22	24733083	24736892	PIWIL3	PIWIL3	PASSENGER	False	protein_coding	-	3809
chr22	24747906	24752498	PIWIL3	PIWIL3	PASSENGER	False	protein_coding	-	4592
chr22	24753013	24763521	PIWIL3	PIWIL3	PASSENGER	False	protein_coding	-	10508
chr22	24768670	24770789	PIWIL3	PIWIL3	PASSENGER	False	protein_coding	-	2119
chr22	24773321	24775720	PIWIL3	PIWIL3	PASSENGER	False	protein_coding	-	2399
chr22	36280279	36290297	MYH9	MYH9	DRIVER	True	protein_coding	-	10018
chr22	36290985	36307607	MYH9	MYH9	DRIVER	True	protein_coding	-	16622
chr22	36307694	36315318	MYH9	MYH9	DRIVER	True	protein_coding	-	7624
chr22	36315512	36329952	MYH9	MYH9	DRIVER	True	protein_coding	-	14440
chr22	36340369	36342526	MYH9	MYH9	DRIVER	True	protein_coding	-	2157
chr22	36347903	36350255	MYH9	MYH9	DRIVER	True	protein_coding	-	2352
chr22	36363778	36366112	MYH9	MYH9	DRIVER	True	protein_coding	-	2334
chr22	36369585	36371610	MYH9	MYH9	DRIVER	True	protein_coding	-	2025
chr22	36386806	36389010	MYH9	MYH9	DRIVER	True	protein_coding	-	2204
chrX	3307564	3312624	MXRA5	MXRA5	DRIVER	False	protein_coding	-	5060
chrX	3316102	3319003	MXRA5	MXRA5	DRIVER	False	protein_coding	-	2901
chrX	3319007	3325975	MXRA5	MXRA5	DRIVER	False	protein_coding	-	6968
chrX	3329017	3331773	MXRA5	MXRA5	DRIVER	False	protein_coding	-	2756
chrX	3342645	3344861	MXRA5	MXRA5	DRIVER	False	protein_coding	-	2216
chrX	3345514	3347652	MXRA5	MXRA5	DRIVER	False	protein_coding	-	2138
chrX	11821422	11823715	FRMPD4	FRMPD4	PASSENGER	False	protein_coding	+	2293
chrX	11864085	11866216	FRMPD4	FRMPD4	PASSENGER	False	protein_coding	+	2131
chrX	11876762	11879018	FRMPD4	FRMPD4	PASSENGER	False	protein_coding	+	2256
chrX	11913320	11915677	FRMPD4	FRMPD4	PASSENGER	False	protein_coding	+	2357
chrX	12136439	12140012	FRMPD4	FRMPD4	PASSENGER	False	protein_coding	+	3573
chrX	12340540	12342637	FRMPD4	FRMPD4	PASSENGER	False	protein_coding	+	2097
chrX	12377353	12379591	FRMPD4	FRMPD4	PASSENGER	False	protein_coding	+	2238
chrX	12493964	12496069	FRMPD4	FRMPD4	PASSENGER	False	protein_coding	+	2105
chrX	12497679	12500063	FRMPD4	FRMPD4	PASSENGER	False	protein_coding	+	2384
chrX	12608720	12610881	FRMPD4	FRMPD4	PASSENGER	False	protein_coding	+	2161
chrX	12613778	12615881	FRMPD4	FRMPD4	PASSENGER	False	protein_coding	+	2103
chrX	12673862	12675908	FRMPD4	FRMPD4	PASSENGER	False	protein_coding	+	2046
chrX	12682482	12684587	FRMPD4	FRMPD4	PASSENGER	False	protein_coding	+	2105
chrX	12685096	12687204	FRMPD4	FRMPD4	PASSENGER	False	protein_coding	+	2108
chrX	12689194	12691326	FRMPD4	FRMPD4	PASSENGER	False	protein_coding	+	2132
chrX	12693334	12695454	FRMPD4	FRMPD4	PASSENGER	False	protein_coding	+	2120
chrX	12700873	12703010	FRMPD4	FRMPD4	PASSENGER	False	protein_coding	+	2137
chrX	12703358	12705485	FRMPD4	FRMPD4	PASSENGER	False	protein_coding	+	2127
chrX	12705825	12708651	FRMPD4	FRMPD4	PASSENGER	False	protein_coding	+	2826
chrX	12709398	12711537	FRMPD4	FRMPD4	PASSENGER	False	protein_coding	+	2139
chrX	12715068	12725523	FRMPD4	FRMPD4	PASSENGER	False	protein_coding	+	10455
chrX	31096676	31099183	DMD	DMD	DRIVER	True	protein_coding	-	2507
chrX	31118218	31122930	DMD	DMD	DRIVER	True	protein_coding	-	4712
chrX	31125641	31128186	DMD	DMD	DRIVER	True	protein_coding	-	2545
chrX	31128926	31135689	DMD	DMD	DRIVER	True	protein_coding	-	6763
chrX	31137522	31139609	DMD	DMD	DRIVER	True	protein_coding	-	2087
chrX	31145290	31149479	DMD	DMD	DRIVER	True	protein_coding	-	4189
chrX	31168442	31183904	DMD	DMD	DRIVER	True	protein_coding	-	15462
chrX	31194094	31196645	DMD	DMD	DRIVER	True	protein_coding	-	2551
chrX	31202960	31205118	DMD	DMD	DRIVER	True	protein_coding	-	2158
chrX	31205581	31207667	DMD	DMD	DRIVER	True	protein_coding	-	2086
chrX	31208497	31210699	DMD	DMD	DRIVER	True	protein_coding	-	2202
chrX	31221420	31224121	DMD	DMD	DRIVER	True	protein_coding	-	2701
chrX	31227953	31230037	DMD	DMD	DRIVER	True	protein_coding	-	2084
chrX	31236711	31241195	DMD	DMD	DRIVER	True	protein_coding	-	4484
chrX	31246693	31248768	DMD	DMD	DRIVER	True	protein_coding	-	2075
chrX	31259954	31262778	DMD	DMD	DRIVER	True	protein_coding	-	2824
chrX	31264442	31267971	DMD	DMD	DRIVER	True	protein_coding	-	3529
chrX	31322597	31324658	DMD	DMD	DRIVER	True	protein_coding	-	2061
chrX	31347555	31349634	DMD	DMD	DRIVER	True	protein_coding	-	2079
chrX	31434551	31436734	DMD	DMD	DRIVER	True	protein_coding	-	2183
chrX	31442878	31445627	DMD	DMD	DRIVER	True	protein_coding	-	2749
chrX	31477105	31480103	DMD	DMD	DRIVER	True	protein_coding	-	2998
chrX	31495787	31497944	DMD	DMD	DRIVER	True	protein_coding	-	2157
chrX	31506280	31509481	DMD	DMD	DRIVER	True	protein_coding	-	3201
chrX	31626293	31628862	DMD	DMD	DRIVER	True	protein_coding	-	2569
chrX	31656989	31659144	DMD	DMD	DRIVER	True	protein_coding	-	2155
chrX	31675885	31680586	DMD	DMD	DRIVER	True	protein_coding	-	4701
chrX	31728630	31730748	DMD	DMD	DRIVER	True	protein_coding	-	2118
chrX	31772959	31775192	DMD	DMD	DRIVER	True	protein_coding	-	2233
chrX	31818974	31821083	DMD	DMD	DRIVER	True	protein_coding	-	2109
chrX	31835717	31837819	DMD	DMD	DRIVER	True	protein_coding	-	2102
chrX	31861827	31864054	DMD	DMD	DRIVER	True	protein_coding	-	2227
chrX	31874187	31876373	DMD	DMD	DRIVER	True	protein_coding	-	2186
chrX	31926763	31930745	DMD	DMD	DRIVER	True	protein_coding	-	3982
chrX	31931079	31933458	DMD	DMD	DRIVER	True	protein_coding	-	2379
chrX	31966327	31969514	DMD	DMD	DRIVER	True	protein_coding	-	3187
chrX	32154370	32156469	DMD	DMD	DRIVER	True	protein_coding	-	2099
chrX	32215915	32218063	DMD	DMD	DRIVER	True	protein_coding	-	2148
chrX	32286528	32288701	DMD	DMD	DRIVER	True	protein_coding	-	2173
chrX	32309081	32311276	DMD	DMD	DRIVER	True	protein_coding	-	2195
chrX	32341099	32344286	DMD	DMD	DRIVER	True	protein_coding	-	3187
chrX	32344942	32347080	DMD	DMD	DRIVER	True	protein_coding	-	2138
chrX	32347405	32349528	DMD	DMD	DRIVER	True	protein_coding	-	2123
chrX	32361787	32366199	DMD	DMD	DRIVER	True	protein_coding	-	4412
chrX	32379509	32381680	DMD	DMD	DRIVER	True	protein_coding	-	2171
chrX	32385309	32387465	DMD	DMD	DRIVER	True	protein_coding	-	2156
chrX	32388500	32391181	DMD	DMD	DRIVER	True	protein_coding	-	2681
chrX	32410751	32413237	DMD	DMD	DRIVER	True	protein_coding	-	2486
chrX	32437240	32439390	DMD	DMD	DRIVER	True	protein_coding	-	2150
chrX	32440179	32442314	DMD	DMD	DRIVER	True	protein_coding	-	2135
chrX	32446798	32449638	DMD	DMD	DRIVER	True	protein_coding	-	2840
chrX	32453661	32455832	DMD	DMD	DRIVER	True	protein_coding	-	2171
chrX	32462438	32465699	DMD	DMD	DRIVER	True	protein_coding	-	3261
chrX	32467497	32469710	DMD	DMD	DRIVER	True	protein_coding	-	2213
chrX	32471163	32473309	DMD	DMD	DRIVER	True	protein_coding	-	2146
chrX	32483769	32486099	DMD	DMD	DRIVER	True	protein_coding	-	2330
chrX	32490276	32492518	DMD	DMD	DRIVER	True	protein_coding	-	2242
chrX	32500754	32502842	DMD	DMD	DRIVER	True	protein_coding	-	2088
chrX	32515595	32519131	DMD	DMD	DRIVER	True	protein_coding	-	3536
chrX	32544158	32546334	DMD	DMD	DRIVER	True	protein_coding	-	2176
chrX	32564559	32566881	DMD	DMD	DRIVER	True	protein_coding	-	2322
chrX	32572257	32574846	DMD	DMD	DRIVER	True	protein_coding	-	2589
chrX	32594756	32596876	DMD	DMD	DRIVER	True	protein_coding	-	2120
chrX	32613302	32615453	DMD	DMD	DRIVER	True	protein_coding	-	2151
chrX	32643131	32646152	DMD	DMD	DRIVER	True	protein_coding	-	3021
chrX	32696382	32700293	DMD	DMD	DRIVER	True	protein_coding	-	3911
chrX	32802427	32805449	DMD	DMD	DRIVER	True	protein_coding	-	3022
chrX	32806700	32810611	DMD	DMD	DRIVER	True	protein_coding	-	3911
chrX	32815467	32817640	DMD	DMD	DRIVER	True	protein_coding	-	2173
chrX	32821269	32824387	DMD	DMD	DRIVER	True	protein_coding	-	3118
chrX	32843782	32845860	DMD	DMD	DRIVER	True	protein_coding	-	2078
chrX	32848727	32850820	DMD	DMD	DRIVER	True	protein_coding	-	2093
chrX	32959207	32961347	DMD	DMD	DRIVER	True	protein_coding	-	2140
chrX	32973076	32976698	DMD	DMD	DRIVER	True	protein_coding	-	3622
chrX	33018306	33021200	DMD	DMD	DRIVER	True	protein_coding	-	2894
chrX	33077185	33079347	DMD	DMD	DRIVER	True	protein_coding	-	2162
chrX	33084900	33086927	DMD	DMD	DRIVER	True	protein_coding	-	2027
chrX	33127062	33130077	DMD	DMD	DRIVER	True	protein_coding	-	3015
chrX	33158194	33160597	DMD	DMD	DRIVER	True	protein_coding	-	2403
chrX	33210281	33212554	DMD	DMD	DRIVER	True	protein_coding	-	2273
chrX	33338258	33340609	DMD	DMD	DRIVER	True	protein_coding	-	2351
chrX	34128751	34133314	FAM47A	FAM47A	PASSENGER	False	protein_coding	-	4563
chrX	34941795	34945915	FAM47B	FAM47B	PASSENGER	False	protein_coding	+	4120
chrX	37007365	37012664	FAM47C	FAM47C	PASSENGER	False	protein_coding	+	5299
chrX	41084444	41087109	USP9X	USP9X	DRIVER	False	protein_coding	+	2665
chrX	41093221	41095319	USP9X	USP9X	DRIVER	False	protein_coding	+	2098
chrX	41122470	41124724	USP9X	USP9X	DRIVER	False	protein_coding	+	2254
chrX	41127999	41130145	USP9X	USP9X	DRIVER	False	protein_coding	+	2146
chrX	41130456	41132536	USP9X	USP9X	DRIVER	False	protein_coding	+	2080
chrX	41133724	41138022	USP9X	USP9X	DRIVER	False	protein_coding	+	4298
chrX	41139655	41145626	USP9X	USP9X	DRIVER	False	protein_coding	+	5971
chrX	41147368	41149575	USP9X	USP9X	DRIVER	False	protein_coding	+	2207
chrX	41149920	41154081	USP9X	USP9X	DRIVER	False	protein_coding	+	4161
chrX	41161789	41163877	USP9X	USP9X	DRIVER	False	protein_coding	+	2088
chrX	41164871	41172958	USP9X	USP9X	DRIVER	False	protein_coding	+	8087
chrX	41182993	41190922	USP9X	USP9X	DRIVER	False	protein_coding	+	7929
chrX	41194904	41199750	USP9X	USP9X	DRIVER	False	protein_coding	+	4846
chrX	41200059	41202280	USP9X	USP9X	DRIVER	False	protein_coding	+	2221
chrX	41204058	41206493	USP9X	USP9X	DRIVER	False	protein_coding	+	2435
chrX	41209508	41211682	USP9X	USP9X	DRIVER	False	protein_coding	+	2174
chrX	41213567	41220231	USP9X	USP9X	DRIVER	False	protein_coding	+	6664
chrX	41222216	41226137	USP9X	USP9X	DRIVER	False	protein_coding	+	3921
chrX	41227982	41237579	USP9X	USP9X	DRIVER	False	protein_coding	+	9597
chrX	50189776	50195454	AKAP4	AKAP4	PASSENGER	False	protein_coding	-	5678
chrX	50195890	50202007	AKAP4	AKAP4	PASSENGER	False	protein_coding	-	6117
chrX	53373148	53384253	SMC1A	SMC1A	DRIVER	False	protein_coding	-	11105
chrX	53393777	53397617	SMC1A	SMC1A	DRIVER	False	protein_coding	-	3840
chrX	53398588	53400730	SMC1A	SMC1A	DRIVER	False	protein_coding	-	2142
chrX	53402565	53406956	SMC1A	SMC1A	DRIVER	False	protein_coding	-	4391
chrX	53408061	53410503	SMC1A	SMC1A	DRIVER	False	protein_coding	-	2442
chrX	53410760	53416169	SMC1A	SMC1A	DRIVER	False	protein_coding	-	5409
chrX	53420894	53423728	SMC1A	SMC1A	DRIVER	False	protein_coding	-	2834
chrX	53531095	53540812	HUWE1	HUWE1	DRIVER	True	protein_coding	-	9717
chrX	53541442	53555920	HUWE1	HUWE1	DRIVER	True	protein_coding	-	14478
chrX	53556381	53566239	HUWE1	HUWE1	DRIVER	True	protein_coding	-	9858
chrX	53567691	53570827	HUWE1	HUWE1	DRIVER	True	protein_coding	-	3136
chrX	53572749	53578067	HUWE1	HUWE1	DRIVER	True	protein_coding	-	5318
chrX	53579830	53582026	HUWE1	HUWE1	DRIVER	True	protein_coding	-	2196
chrX	53582557	53596403	HUWE1	HUWE1	DRIVER	True	protein_coding	-	13846
chrX	53599117	53601309	HUWE1	HUWE1	DRIVER	True	protein_coding	-	2192
chrX	53601563	53605834	HUWE1	HUWE1	DRIVER	True	protein_coding	-	4271
chrX	53606522	53609909	HUWE1	HUWE1	DRIVER	True	protein_coding	-	3387
chrX	53613533	53618446	HUWE1	HUWE1	DRIVER	True	protein_coding	-	4913
chrX	53623594	53635298	HUWE1	HUWE1	DRIVER	True	protein_coding	-	11704
chrX	53644310	53649310	HUWE1	HUWE1	DRIVER	True	protein_coding	-	5000
chrX	53653062	53655131	HUWE1	HUWE1	DRIVER	True	protein_coding	-	2069
chrX	53671507	53673586	HUWE1	HUWE1	DRIVER	True	protein_coding	-	2079
chrX	53674757	53676811	HUWE1	HUWE1	DRIVER	True	protein_coding	-	2054
chrX	53679048	53681694	HUWE1	HUWE1	DRIVER	True	protein_coding	-	2646
chrX	53682873	53687752	HUWE1	HUWE1	DRIVER	True	protein_coding	-	4879
chrX	71117542	71145103	MED12	MED12	DRIVER	False	protein_coding	+	27561
chrX	77503879	77509629	ATRX	ATRX	DRIVER	False	protein_coding	-	5750
chrX	77519787	77524401	ATRX	ATRX	DRIVER	False	protein_coding	-	4614
chrX	77556450	77559846	ATRX	ATRX	DRIVER	False	protein_coding	-	3396
chrX	77560646	77562708	ATRX	ATRX	DRIVER	False	protein_coding	-	2062
chrX	77573249	77576753	ATRX	ATRX	DRIVER	False	protein_coding	-	3504
chrX	77588833	77590940	ATRX	ATRX	DRIVER	False	protein_coding	-	2107
chrX	77592695	77597875	ATRX	ATRX	DRIVER	False	protein_coding	-	5180
chrX	77598410	77601755	ATRX	ATRX	DRIVER	False	protein_coding	-	3345
chrX	77612260	77617730	ATRX	ATRX	DRIVER	False	protein_coding	-	5470
chrX	77617805	77621532	ATRX	ATRX	DRIVER	False	protein_coding	-	3727
chrX	77632206	77637056	ATRX	ATRX	DRIVER	False	protein_coding	-	4850
chrX	77650982	77655200	ATRX	ATRX	DRIVER	False	protein_coding	-	4218
chrX	77655559	77657653	ATRX	ATRX	DRIVER	False	protein_coding	-	2094
chrX	77662381	77665778	ATRX	ATRX	DRIVER	False	protein_coding	-	3397
chrX	77672953	77677298	ATRX	ATRX	DRIVER	False	protein_coding	-	4345
chrX	77680519	77686006	ATRX	ATRX	DRIVER	False	protein_coding	-	5487
chrX	77687817	77692291	ATRX	ATRX	DRIVER	False	protein_coding	-	4474
chrX	77692823	77694937	ATRX	ATRX	DRIVER	False	protein_coding	-	2114
chrX	77695576	77700547	ATRX	ATRX	DRIVER	False	protein_coding	-	4971
chrX	77716130	77718243	ATRX	ATRX	DRIVER	False	protein_coding	-	2113
chrX	77784844	77787233	ATRX	ATRX	DRIVER	False	protein_coding	-	2389
chrX	110943284	110945628	PAK3	PAK3	PASSENGER	False	protein_coding	+	2344
chrX	111012827	111014900	PAK3	PAK3	PASSENGER	False	protein_coding	+	2073
chrX	111095190	111099786	PAK3	PAK3	PASSENGER	False	protein_coding	+	4596
chrX	111102158	111104306	PAK3	PAK3	PASSENGER	False	protein_coding	+	2148
chrX	111122076	111124278	PAK3	PAK3	PASSENGER	False	protein_coding	+	2202
chrX	111141095	111143196	PAK3	PAK3	PASSENGER	False	protein_coding	+	2101
chrX	111143859	111148890	PAK3	PAK3	PASSENGER	False	protein_coding	+	5031
chrX	111151409	111153762	PAK3	PAK3	PASSENGER	False	protein_coding	+	2353
chrX	111161914	111164727	PAK3	PAK3	PASSENGER	False	protein_coding	+	2813
chrX	111172017	111174081	PAK3	PAK3	PASSENGER	False	protein_coding	+	2064
chrX	111191126	111197640	PAK3	PAK3	PASSENGER	False	protein_coding	+	6514
chrX	111215420	111217558	PAK3	PAK3	PASSENGER	False	protein_coding	+	2138
chrX	111219357	111228361	PAK3	PAK3	PASSENGER	False	protein_coding	+	9004
chrX	111767010	111780074	TRPC5	TRPC5	PASSENGER	False	protein_coding	-	13064
chrX	111780164	111783138	TRPC5	TRPC5	PASSENGER	False	protein_coding	-	2974
chrX	111833920	111836116	TRPC5	TRPC5	PASSENGER	False	protein_coding	-	2196
chrX	111846113	111848436	TRPC5	TRPC5	PASSENGER	False	protein_coding	-	2323
chrX	111851297	111855106	TRPC5	TRPC5	PASSENGER	False	protein_coding	-	3809
chrX	111911290	111913812	TRPC5	TRPC5	PASSENGER	False	protein_coding	-	2522
chrX	111951042	111953441	TRPC5	TRPC5	PASSENGER	False	protein_coding	-	2399
chrX	112080878	112083776	TRPC5	TRPC5	PASSENGER	False	protein_coding	-	2898
chrX	115188409	115193868	RBMXL3	RBMXL3	PASSENGER	False	protein_coding	+	5459
chrX	118494814	118497073	DOCK11	DOCK11	DRIVER	False	protein_coding	+	2259
chrX	118541724	118547116	DOCK11	DOCK11	DRIVER	False	protein_coding	+	5392
chrX	118560382	118562517	DOCK11	DOCK11	DRIVER	False	protein_coding	+	2135
chrX	118565004	118569162	DOCK11	DOCK11	DRIVER	False	protein_coding	+	4158
chrX	118571322	118575018	DOCK11	DOCK11	DRIVER	False	protein_coding	+	3696
chrX	118577524	118581179	DOCK11	DOCK11	DRIVER	False	protein_coding	+	3655
chrX	118583734	118586117	DOCK11	DOCK11	DRIVER	False	protein_coding	+	2383
chrX	118587136	118591302	DOCK11	DOCK11	DRIVER	False	protein_coding	+	4166
chrX	118592213	118594337	DOCK11	DOCK11	DRIVER	False	protein_coding	+	2124
chrX	118596430	118600228	DOCK11	DOCK11	DRIVER	False	protein_coding	+	3798
chrX	118604237	118606356	DOCK11	DOCK11	DRIVER	False	protein_coding	+	2119
chrX	118607071	118611418	DOCK11	DOCK11	DRIVER	False	protein_coding	+	4347
chrX	118613691	118617240	DOCK11	DOCK11	DRIVER	False	protein_coding	+	3549
chrX	118617549	118619728	DOCK11	DOCK11	DRIVER	False	protein_coding	+	2179
chrX	118623538	118625655	DOCK11	DOCK11	DRIVER	False	protein_coding	+	2117
chrX	118626503	118629272	DOCK11	DOCK11	DRIVER	False	protein_coding	+	2769
chrX	118629378	118631490	DOCK11	DOCK11	DRIVER	False	protein_coding	+	2112
chrX	118635345	118642305	DOCK11	DOCK11	DRIVER	False	protein_coding	+	6960
chrX	118642456	118644594	DOCK11	DOCK11	DRIVER	False	protein_coding	+	2138
chrX	118647944	118650127	DOCK11	DOCK11	DRIVER	False	protein_coding	+	2183
chrX	118650963	118653077	DOCK11	DOCK11	DRIVER	False	protein_coding	+	2114
chrX	118653601	118655961	DOCK11	DOCK11	DRIVER	False	protein_coding	+	2360
chrX	118661685	118663792	DOCK11	DOCK11	DRIVER	False	protein_coding	+	2107
chrX	118670022	118672145	DOCK11	DOCK11	DRIVER	False	protein_coding	+	2123
chrX	118674935	118677737	DOCK11	DOCK11	DRIVER	False	protein_coding	+	2802
chrX	118679481	118684229	DOCK11	DOCK11	DRIVER	False	protein_coding	+	4748
chrX	118684519	118687163	DOCK11	DOCK11	DRIVER	False	protein_coding	+	2644
chrX	129980106	129983762	BCORL1	BCORL1	DRIVER	False	protein_coding	+	3656
chrX	130004187	130006317	BCORL1	BCORL1	DRIVER	False	protein_coding	+	2130
chrX	130009507	130017213	BCORL1	BCORL1	DRIVER	False	protein_coding	+	7706
chrX	130019984	130023977	BCORL1	BCORL1	DRIVER	False	protein_coding	+	3993
chrX	130023989	130026379	BCORL1	BCORL1	DRIVER	False	protein_coding	+	2390
chrX	130027634	130029861	BCORL1	BCORL1	DRIVER	False	protein_coding	+	2227
chrX	130033454	130035676	BCORL1	BCORL1	DRIVER	False	protein_coding	+	2222
chrX	130036366	130040282	BCORL1	BCORL1	DRIVER	False	protein_coding	+	3916
chrX	130049716	130053016	BCORL1	BCORL1	DRIVER	False	protein_coding	+	3300
chrX	130054853	130059071	BCORL1	BCORL1	DRIVER	False	protein_coding	+	4218
chrX	131057345	131059444	ARHGAP36	ARHGAP36	PASSENGER	False	protein_coding	+	2099
chrX	131071987	131074011	ARHGAP36	ARHGAP36	PASSENGER	False	protein_coding	+	2024
chrX	131077716	131079754	ARHGAP36	ARHGAP36	PASSENGER	False	protein_coding	+	2038
chrX	131080523	131090885	ARHGAP36	ARHGAP36	PASSENGER	False	protein_coding	+	10362
chrX	135889181	135891475	SAGE1	SAGE1	PASSENGER	False	protein_coding	+	2294
chrX	135892715	135894781	SAGE1	SAGE1	PASSENGER	False	protein_coding	+	2066
chrX	135895242	135897329	SAGE1	SAGE1	PASSENGER	False	protein_coding	+	2087
chrX	135900558	135902691	SAGE1	SAGE1	PASSENGER	False	protein_coding	+	2133
chrX	135903476	135914062	SAGE1	SAGE1	PASSENGER	False	protein_coding	+	10586
chrX	136299962	136302000	GPR112	ADGRG4	PASSENGER	False	protein_coding	+	2038
chrX	136303132	136307161	GPR112	ADGRG4	PASSENGER	False	protein_coding	+	4029
chrX	136307768	136309847	GPR112	ADGRG4	PASSENGER	False	protein_coding	+	2079
chrX	136321777	136324392	GPR112	ADGRG4	PASSENGER	False	protein_coding	+	2615
chrX	136343391	136354401	GPR112	ADGRG4	PASSENGER	False	protein_coding	+	11010
chrX	136355125	136364595	GPR112	ADGRG4	PASSENGER	False	protein_coding	+	9470
chrX	136370327	136374064	GPR112	ADGRG4	PASSENGER	False	protein_coding	+	3737
chrX	136386739	136388874	GPR112	ADGRG4	PASSENGER	False	protein_coding	+	2135
chrX	136391231	136396493	GPR112	ADGRG4	PASSENGER	False	protein_coding	+	5262
chrX	136396880	136401116	GPR112	ADGRG4	PASSENGER	False	protein_coding	+	4236
chrX	136402243	136404322	GPR112	ADGRG4	PASSENGER	False	protein_coding	+	2079
chrX	136404691	136406972	GPR112	ADGRG4	PASSENGER	False	protein_coding	+	2281
chrX	136411264	136415327	GPR112	ADGRG4	PASSENGER	False	protein_coding	+	4063
chrX	136415453	136417890	GPR112	ADGRG4	PASSENGER	False	protein_coding	+	2437
chrX	141902893	141910374	MAGEC1	MAGEC1	PASSENGER	True	protein_coding	+	7481
chrX	149687227	149689984	MAGEA11	MAGEA11	PASSENGER	False	protein_coding	+	2757
chrX	149710762	149718268	MAGEA11	MAGEA11	PASSENGER	False	protein_coding	+	7506
chrX	151175583	151177908	GPR50	GPR50	PASSENGER	False	protein_coding	+	2325
chrX	151178770	151182465	GPR50	GPR50	PASSENGER	False	protein_coding	+	3695
chrX	153516641	153519551	ATP2B3	ATP2B3	PASSENGER	False	protein_coding	+	2910
chrX	153531933	153534211	ATP2B3	ATP2B3	PASSENGER	False	protein_coding	+	2278
chrX	153535121	153537455	ATP2B3	ATP2B3	PASSENGER	False	protein_coding	+	2334
chrX	153540358	153544168	ATP2B3	ATP2B3	PASSENGER	False	protein_coding	+	3810
chrX	153545087	153551286	ATP2B3	ATP2B3	PASSENGER	False	protein_coding	+	6199
chrX	153552034	153554269	ATP2B3	ATP2B3	PASSENGER	False	protein_coding	+	2235
chrX	153555048	153563242	ATP2B3	ATP2B3	PASSENGER	False	protein_coding	+	8194
chrX	153563920	153572692	ATP2B3	ATP2B3	PASSENGER	False	protein_coding	+	8772
chrX	153573733	153575921	ATP2B3	ATP2B3	PASSENGER	False	protein_coding	+	2188
chrX	153578977	153583939	ATP2B3	ATP2B3	PASSENGER	False	protein_coding	+	4962
chrX	154294794	154296993	TKTL1	TKTL1	PASSENGER	False	protein_coding	+	2199
chrX	154303922	154306421	TKTL1	TKTL1	PASSENGER	False	protein_coding	+	2499
chrX	154308344	154313773	TKTL1	TKTL1	PASSENGER	False	protein_coding	+	5429
chrX	154314172	154316337	TKTL1	TKTL1	PASSENGER	False	protein_coding	+	2165
chrX	154319303	154321913	TKTL1	TKTL1	PASSENGER	False	protein_coding	+	2610
chrX	154322206	154324337	TKTL1	TKTL1	PASSENGER	False	protein_coding	+	2131
chrX	154324338	154331350	TKTL1	TKTL1	PASSENGER	False	protein_coding	+	7012
chrX	154834787	154838752	F8	F8	DRIVER	False	protein_coding	-	3965
chrX	154859431	154864227	F8	F8	DRIVER	False	protein_coding	-	4796
chrX	154881036	154887317	F8	F8	DRIVER	False	protein_coding	-	6281
chrX	154895076	154897232	F8	F8	DRIVER	False	protein_coding	-	2156
chrX	154898865	154907573	F8	F8	DRIVER	False	protein_coding	-	8708
chrX	154927570	154932676	F8	F8	DRIVER	False	protein_coding	-	5106
chrX	154946697	154948907	F8	F8	DRIVER	False	protein_coding	-	2210
chrX	154952891	154955042	F8	F8	DRIVER	False	protein_coding	-	2151
chrX	154955956	154958171	F8	F8	DRIVER	False	protein_coding	-	2215
chrX	154960074	154962168	F8	F8	DRIVER	False	protein_coding	-	2094
chrX	154964771	154967687	F8	F8	DRIVER	False	protein_coding	-	2916
chrX	154968330	154970552	F8	F8	DRIVER	False	protein_coding	-	2222
chrX	154976351	154978441	F8	F8	DRIVER	False	protein_coding	-	2090
chrX	154983686	154985803	F8	F8	DRIVER	False	protein_coding	-	2117
chrX	154986236	154988305	F8	F8	DRIVER	False	protein_coding	-	2069
chrX	154991935	154994148	F8	F8	DRIVER	False	protein_coding	-	2213
chrX	154995972	154998095	F8	F8	DRIVER	False	protein_coding	-	2123
chrX	154998478	155000600	F8	F8	DRIVER	False	protein_coding	-	2122
chrX	155021409	155023723	F8	F8	DRIVER	False	protein_coding	-	2314
chrX	155025779	155027940	F8	F8	DRIVER	False	protein_coding	-	2161
